2026-06-20 22:14:04,478 - INFO - Initialization successful.
2026-06-20 22:14:04,478 - INFO - Camera now open.
2026-06-20 22:14:04,480 - INFO - Camera configuration has been adjusted!
2026-06-20 22:14:04,480 - INFO - Configuration successful!
2026-06-20 22:14:04,496 - INFO - Camera started
2026-06-20 22:14:04,530 - INFO - Initialization successful.
2026-06-20 22:14:04,531 - INFO - Camera now open.
2026-06-20 22:14:04,532 - INFO - Camera configuration has been adjusted!
2026-06-20 22:14:04,533 - INFO - Configuration successful!
2026-06-20 22:14:04,546 - INFO - Camera started
2026-06-20 22:14:04,547 - INFO - 双摄像头初始化成功
2026-06-20 22:15:07,295 - INFO - Initialization successful.
2026-06-20 22:15:07,296 - ERROR - Camera __init__ sequence did not complete.
2026-06-20 22:15:07,296 - ERROR - 摄像头初始化失败:Camera __init__ sequence did not complete.
2026-06-20 22:18:40,043 - INFO - Initialization successful.
2026-06-20 22:18:40,046 - INFO - Camera now open.
2026-06-20 22:18:40,048 - INFO - Camera configuration has been adjusted!
2026-06-20 22:18:40,049 - INFO - Configuration successful!
2026-06-20 22:18:40,062 - INFO - Camera started
2026-06-20 22:18:40,096 - INFO - Initialization successful.
2026-06-20 22:18:40,097 - INFO - Camera now open.
2026-06-20 22:18:40,098 - INFO - Camera configuration has been adjusted!
2026-06-20 22:18:40,099 - INFO - Configuration successful!
2026-06-20 22:18:40,112 - INFO - Camera started
2026-06-20 22:18:40,113 - INFO - 双摄像头初始化成功
2026-06-20 22:18:40,242 - INFO - 【存储确认】识别可写U盘，实际存储目录：/media/kongbin/123/record
2026-06-20 22:18:47,448 - WARNING - 震动传感器触发，锁定当前录像片段
2026-06-20 22:18:48,679 - INFO - 模式切换按键触发
2026-06-20 22:18:48,922 - INFO - 模式切换按键触发
2026-06-20 22:18:51,895 - INFO - 模式切换按键触发
2026-06-20 22:18:52,384 - INFO - 模式切换按键触发
2026-06-20 22:18:56,568 - INFO - 模式切换按键触发
2026-06-20 22:18:56,877 - INFO - 模式切换按键触发
2026-06-20 22:18:58,252 - INFO - 模式切换按键触发
2026-06-20 22:18:58,979 - INFO - 模式切换按键触发
2026-06-20 22:18:59,686 - INFO - 模式切换按键触发
2026-06-20 22:18:59,986 - INFO - 模式切换按键触发
2026-06-20 22:19:01,124 - INFO - 模式切换按键触发
2026-06-20 22:19:10,358 - INFO - 【存储确认】识别可写U盘，实际存储目录：/media/kongbin/123/record
2026-06-20 22:19:10,660 - INFO - 【容量校验】全部录像总大小:2.85GB，上限阈值:4GB
2026-06-20 22:19:16,176 - INFO - 【录像创建成功】文件路径：/media/kongbin/123/record/20260620_221916.mp4
2026-06-20 22:19:16,177 - INFO - 开始录像，文件:/media/kongbin/123/record/20260620_221916.mp4
2026-06-20 22:19:40,389 - INFO - 【存储确认】识别可写U盘，实际存储目录：/media/kongbin/123/record
2026-06-20 22:19:40,690 - INFO - 【容量校验】全部录像总大小:2.86GB，上限阈值:4GB
2026-06-20 22:21:05,309 - WARNING - U盘挂载点 /media/kongbin/123 无写入权限，跳过：[Errno 2] 没有那个文件或目录: '/media/kongbin/123/.write_test.tmp'
2026-06-20 22:21:05,309 - WARNING - 【存储切换】U盘不可用(未找到拥有写入权限的U盘)，切换本地存储：/home/kongbin/record_backup
2026-06-20 22:21:05,312 - INFO - 【存储目录更新】已切换至：/home/kongbin/record_backup
2026-06-20 22:21:05,613 - INFO - 【容量校验】全部录像总大小:0.82GB，上限阈值:4GB
2026-06-20 22:21:05,769 - INFO - 达到分段时长，新建录像文件
2026-06-20 22:21:05,770 - INFO - 【录像创建成功】文件路径：/home/kongbin/record_backup/20260620_222105.mp4
2026-06-20 22:21:05,781 - INFO - 停止录像
2026-06-20 22:21:06,089 - INFO - Camera stopped
2026-06-20 22:21:06,093 - INFO - Camera stopped
2026-06-20 22:21:06,194 - INFO - 程序正常退出，资源全部释放
2026-06-20 22:21:15,309 - INFO - Initialization successful.
2026-06-20 22:21:15,309 - INFO - Camera now open.
2026-06-20 22:21:15,311 - INFO - Camera configuration has been adjusted!
2026-06-20 22:21:15,312 - INFO - Configuration successful!
2026-06-20 22:21:15,324 - INFO - Camera started
2026-06-20 22:21:15,358 - INFO - Initialization successful.
2026-06-20 22:21:15,358 - INFO - Camera now open.
2026-06-20 22:21:15,360 - INFO - Camera configuration has been adjusted!
2026-06-20 22:21:15,360 - INFO - Configuration successful!
2026-06-20 22:21:15,374 - INFO - Camera started
2026-06-20 22:21:15,374 - INFO - 双摄像头初始化成功
2026-06-20 22:21:15,380 - WARNING - 【存储切换】U盘不可用(未找到拥有写入权限的U盘)，切换本地存储：/home/kongbin/record_backup
2026-06-20 22:21:21,674 - INFO - 【录像创建成功】文件路径：/home/kongbin/record_backup/20260620_222121.mp4
2026-06-20 22:21:21,674 - INFO - 开始录像，文件:/home/kongbin/record_backup/20260620_222121.mp4
2026-06-20 22:21:45,269 - WARNING - 【存储切换】U盘不可用(未找到拥有写入权限的U盘)，切换本地存储：/home/kongbin/record_backup
2026-06-20 22:21:45,570 - INFO - 【容量校验】全部录像总大小:0.82GB，上限阈值:4GB
2026-06-20 22:22:20,463 - INFO - Initialization successful.
2026-06-20 22:22:20,463 - INFO - Camera now open.
2026-06-20 22:22:20,465 - INFO - Camera configuration has been adjusted!
2026-06-20 22:22:20,466 - INFO - Configuration successful!
2026-06-20 22:22:20,479 - INFO - Camera started
2026-06-20 22:22:20,513 - INFO - Initialization successful.
2026-06-20 22:22:20,513 - INFO - Camera now open.
2026-06-20 22:22:20,515 - INFO - Camera configuration has been adjusted!
2026-06-20 22:22:20,516 - INFO - Configuration successful!
2026-06-20 22:22:20,531 - INFO - Camera started
2026-06-20 22:22:20,531 - INFO - 双摄像头初始化成功
2026-06-20 22:22:20,536 - WARNING - 【存储切换】U盘不可用(未找到拥有写入权限的U盘)，切换本地存储：/home/kongbin/record_backup
2026-06-20 22:22:50,264 - WARNING - 【存储切换】U盘不可用(未找到拥有写入权限的U盘)，切换本地存储：/home/kongbin/record_backup
2026-06-20 22:22:50,566 - INFO - 【容量校验】全部录像总大小:0.83GB，上限阈值:4GB
2026-06-20 22:23:20,272 - WARNING - 【存储切换】U盘不可用(未找到拥有写入权限的U盘)，切换本地存储：/home/kongbin/record_backup
2026-06-20 22:23:20,573 - INFO - 【容量校验】全部录像总大小:0.83GB，上限阈值:4GB
2026-06-20 22:23:50,253 - WARNING - 【存储切换】U盘不可用(未找到拥有写入权限的U盘)，切换本地存储：/home/kongbin/record_backup
2026-06-20 22:23:50,555 - INFO - 【容量校验】全部录像总大小:0.83GB，上限阈值:4GB
2026-06-20 22:24:20,293 - WARNING - 【存储切换】U盘不可用(未找到拥有写入权限的U盘)，切换本地存储：/home/kongbin/record_backup
2026-06-20 22:24:20,593 - INFO - 【容量校验】全部录像总大小:0.83GB，上限阈值:4GB
2026-06-20 22:24:50,287 - WARNING - 【存储切换】U盘不可用(未找到拥有写入权限的U盘)，切换本地存储：/home/kongbin/record_backup
2026-06-20 22:24:50,588 - INFO - 【容量校验】全部录像总大小:0.83GB，上限阈值:4GB
2026-06-20 22:25:20,283 - WARNING - 【存储切换】U盘不可用(未找到拥有写入权限的U盘)，切换本地存储：/home/kongbin/record_backup
2026-06-20 22:25:20,584 - INFO - 【容量校验】全部录像总大小:0.83GB，上限阈值:4GB
2026-06-20 22:25:50,271 - WARNING - 【存储切换】U盘不可用(未找到拥有写入权限的U盘)，切换本地存储：/home/kongbin/record_backup
2026-06-20 22:25:50,572 - INFO - 【容量校验】全部录像总大小:0.83GB，上限阈值:4GB
2026-06-20 22:26:20,261 - WARNING - 【存储切换】U盘不可用(未找到拥有写入权限的U盘)，切换本地存储：/home/kongbin/record_backup
2026-06-20 22:26:20,562 - INFO - 【容量校验】全部录像总大小:0.83GB，上限阈值:4GB
2026-06-20 22:26:50,254 - WARNING - 【存储切换】U盘不可用(未找到拥有写入权限的U盘)，切换本地存储：/home/kongbin/record_backup
2026-06-20 22:26:50,555 - INFO - 【容量校验】全部录像总大小:0.83GB，上限阈值:4GB
2026-06-20 22:27:20,289 - WARNING - 【存储切换】U盘不可用(未找到拥有写入权限的U盘)，切换本地存储：/home/kongbin/record_backup
2026-06-20 22:27:20,590 - INFO - 【容量校验】全部录像总大小:0.83GB，上限阈值:4GB
2026-06-20 22:27:50,281 - WARNING - 【存储切换】U盘不可用(未找到拥有写入权限的U盘)，切换本地存储：/home/kongbin/record_backup
2026-06-20 22:27:50,582 - INFO - 【容量校验】全部录像总大小:0.83GB，上限阈值:4GB
2026-06-20 22:28:20,260 - WARNING - 【存储切换】U盘不可用(未找到拥有写入权限的U盘)，切换本地存储：/home/kongbin/record_backup
2026-06-20 22:28:20,561 - INFO - 【容量校验】全部录像总大小:0.83GB，上限阈值:4GB
2026-06-20 22:28:50,267 - WARNING - 【存储切换】U盘不可用(未找到拥有写入权限的U盘)，切换本地存储：/home/kongbin/record_backup
2026-06-20 22:28:50,569 - INFO - 【容量校验】全部录像总大小:0.83GB，上限阈值:4GB
2026-06-20 22:29:20,260 - WARNING - 【存储切换】U盘不可用(未找到拥有写入权限的U盘)，切换本地存储：/home/kongbin/record_backup
2026-06-20 22:29:20,561 - INFO - 【容量校验】全部录像总大小:0.83GB，上限阈值:4GB
2026-06-20 22:29:50,253 - WARNING - 【存储切换】U盘不可用(未找到拥有写入权限的U盘)，切换本地存储：/home/kongbin/record_backup
2026-06-20 22:29:50,554 - INFO - 【容量校验】全部录像总大小:0.83GB，上限阈值:4GB
2026-06-20 22:30:20,277 - WARNING - 【存储切换】U盘不可用(未找到拥有写入权限的U盘)，切换本地存储：/home/kongbin/record_backup
2026-06-20 22:30:20,578 - INFO - 【容量校验】全部录像总大小:0.83GB，上限阈值:4GB
2026-06-20 22:30:50,270 - WARNING - 【存储切换】U盘不可用(未找到拥有写入权限的U盘)，切换本地存储：/home/kongbin/record_backup
2026-06-20 22:30:50,572 - INFO - 【容量校验】全部录像总大小:0.83GB，上限阈值:4GB
2026-06-20 22:31:20,266 - WARNING - 【存储切换】U盘不可用(未找到拥有写入权限的U盘)，切换本地存储：/home/kongbin/record_backup
2026-06-20 22:31:20,567 - INFO - 【容量校验】全部录像总大小:0.83GB，上限阈值:4GB
2026-06-20 22:31:50,260 - WARNING - 【存储切换】U盘不可用(未找到拥有写入权限的U盘)，切换本地存储：/home/kongbin/record_backup
2026-06-20 22:31:50,561 - INFO - 【容量校验】全部录像总大小:0.83GB，上限阈值:4GB
2026-06-20 22:32:20,270 - WARNING - 【存储切换】U盘不可用(未找到拥有写入权限的U盘)，切换本地存储：/home/kongbin/record_backup
2026-06-20 22:32:20,571 - INFO - 【容量校验】全部录像总大小:0.83GB，上限阈值:4GB
2026-06-20 22:32:50,264 - WARNING - 【存储切换】U盘不可用(未找到拥有写入权限的U盘)，切换本地存储：/home/kongbin/record_backup
2026-06-20 22:32:50,565 - INFO - 【容量校验】全部录像总大小:0.83GB，上限阈值:4GB
2026-06-20 22:33:20,259 - WARNING - 【存储切换】U盘不可用(未找到拥有写入权限的U盘)，切换本地存储：/home/kongbin/record_backup
2026-06-20 22:33:20,560 - INFO - 【容量校验】全部录像总大小:0.83GB，上限阈值:4GB
2026-06-20 22:33:50,265 - WARNING - 【存储切换】U盘不可用(未找到拥有写入权限的U盘)，切换本地存储：/home/kongbin/record_backup
2026-06-20 22:33:50,566 - INFO - 【容量校验】全部录像总大小:0.83GB，上限阈值:4GB
2026-06-20 22:34:20,259 - WARNING - 【存储切换】U盘不可用(未找到拥有写入权限的U盘)，切换本地存储：/home/kongbin/record_backup
2026-06-20 22:34:20,559 - INFO - 【容量校验】全部录像总大小:0.83GB，上限阈值:4GB
2026-06-20 22:34:50,255 - WARNING - 【存储切换】U盘不可用(未找到拥有写入权限的U盘)，切换本地存储：/home/kongbin/record_backup
2026-06-20 22:34:50,556 - INFO - 【容量校验】全部录像总大小:0.83GB，上限阈值:4GB
2026-06-20 22:35:20,293 - WARNING - 【存储切换】U盘不可用(未找到拥有写入权限的U盘)，切换本地存储：/home/kongbin/record_backup
2026-06-20 22:35:20,594 - INFO - 【容量校验】全部录像总大小:0.83GB，上限阈值:4GB
2026-06-20 22:35:50,287 - WARNING - 【存储切换】U盘不可用(未找到拥有写入权限的U盘)，切换本地存储：/home/kongbin/record_backup
2026-06-20 22:35:50,588 - INFO - 【容量校验】全部录像总大小:0.83GB，上限阈值:4GB
2026-06-20 22:36:20,280 - WARNING - 【存储切换】U盘不可用(未找到拥有写入权限的U盘)，切换本地存储：/home/kongbin/record_backup
2026-06-20 22:36:20,582 - INFO - 【容量校验】全部录像总大小:0.83GB，上限阈值:4GB
2026-06-20 22:36:50,260 - WARNING - 【存储切换】U盘不可用(未找到拥有写入权限的U盘)，切换本地存储：/home/kongbin/record_backup
2026-06-20 22:36:50,562 - INFO - 【容量校验】全部录像总大小:0.83GB，上限阈值:4GB
2026-06-20 22:37:20,252 - WARNING - 【存储切换】U盘不可用(未找到拥有写入权限的U盘)，切换本地存储：/home/kongbin/record_backup
2026-06-20 22:37:20,553 - INFO - 【容量校验】全部录像总大小:0.83GB，上限阈值:4GB
2026-06-20 22:37:50,277 - WARNING - 【存储切换】U盘不可用(未找到拥有写入权限的U盘)，切换本地存储：/home/kongbin/record_backup
2026-06-20 22:37:50,578 - INFO - 【容量校验】全部录像总大小:0.83GB，上限阈值:4GB
2026-06-20 22:38:20,274 - WARNING - 【存储切换】U盘不可用(未找到拥有写入权限的U盘)，切换本地存储：/home/kongbin/record_backup
2026-06-20 22:38:20,575 - INFO - 【容量校验】全部录像总大小:0.83GB，上限阈值:4GB
2026-06-20 22:38:50,267 - WARNING - 【存储切换】U盘不可用(未找到拥有写入权限的U盘)，切换本地存储：/home/kongbin/record_backup
2026-06-20 22:38:50,568 - INFO - 【容量校验】全部录像总大小:0.83GB，上限阈值:4GB
2026-06-20 22:39:20,261 - WARNING - 【存储切换】U盘不可用(未找到拥有写入权限的U盘)，切换本地存储：/home/kongbin/record_backup
2026-06-20 22:39:20,562 - INFO - 【容量校验】全部录像总大小:0.83GB，上限阈值:4GB
2026-06-20 22:39:50,254 - WARNING - 【存储切换】U盘不可用(未找到拥有写入权限的U盘)，切换本地存储：/home/kongbin/record_backup
2026-06-20 22:39:50,555 - INFO - 【容量校验】全部录像总大小:0.83GB，上限阈值:4GB
2026-06-20 22:40:20,277 - WARNING - 【存储切换】U盘不可用(未找到拥有写入权限的U盘)，切换本地存储：/home/kongbin/record_backup
2026-06-20 22:40:20,578 - INFO - 【容量校验】全部录像总大小:0.83GB，上限阈值:4GB
2026-06-20 22:40:50,273 - WARNING - 【存储切换】U盘不可用(未找到拥有写入权限的U盘)，切换本地存储：/home/kongbin/record_backup
2026-06-20 22:40:50,574 - INFO - 【容量校验】全部录像总大小:0.83GB，上限阈值:4GB
2026-06-20 22:41:20,270 - WARNING - 【存储切换】U盘不可用(未找到拥有写入权限的U盘)，切换本地存储：/home/kongbin/record_backup
2026-06-20 22:41:20,571 - INFO - 【容量校验】全部录像总大小:0.83GB，上限阈值:4GB
2026-06-20 22:41:29,787 - INFO - 模式切换按键触发
2026-06-20 22:41:30,296 - INFO - 模式切换按键触发
2026-06-20 22:41:31,691 - INFO - 模式切换按键触发
2026-06-20 22:41:50,276 - WARNING - 【存储切换】U盘不可用(未找到拥有写入权限的U盘)，切换本地存储：/home/kongbin/record_backup
2026-06-20 22:41:50,576 - INFO - 【容量校验】全部录像总大小:0.83GB，上限阈值:4GB
2026-06-20 22:42:20,271 - WARNING - 【存储切换】U盘不可用(未找到拥有写入权限的U盘)，切换本地存储：/home/kongbin/record_backup
2026-06-20 22:42:20,572 - INFO - 【容量校验】全部录像总大小:0.83GB，上限阈值:4GB
2026-06-20 22:42:50,249 - WARNING - 【存储切换】U盘不可用(未找到拥有写入权限的U盘)，切换本地存储：/home/kongbin/record_backup
2026-06-20 22:42:50,550 - INFO - 【容量校验】全部录像总大小:0.83GB，上限阈值:4GB
2026-06-20 22:43:20,270 - WARNING - 【存储切换】U盘不可用(未找到拥有写入权限的U盘)，切换本地存储：/home/kongbin/record_backup
2026-06-20 22:43:20,571 - INFO - 【容量校验】全部录像总大小:0.83GB，上限阈值:4GB
2026-06-20 22:43:50,270 - WARNING - 【存储切换】U盘不可用(未找到拥有写入权限的U盘)，切换本地存储：/home/kongbin/record_backup
2026-06-20 22:43:50,571 - INFO - 【容量校验】全部录像总大小:0.83GB，上限阈值:4GB
2026-06-20 22:44:20,262 - WARNING - 【存储切换】U盘不可用(未找到拥有写入权限的U盘)，切换本地存储：/home/kongbin/record_backup
2026-06-20 22:44:20,562 - INFO - 【容量校验】全部录像总大小:0.83GB，上限阈值:4GB
2026-06-20 22:44:50,253 - WARNING - 【存储切换】U盘不可用(未找到拥有写入权限的U盘)，切换本地存储：/home/kongbin/record_backup
2026-06-20 22:44:50,554 - INFO - 【容量校验】全部录像总大小:0.83GB，上限阈值:4GB
2026-06-20 22:45:20,277 - WARNING - 【存储切换】U盘不可用(未找到拥有写入权限的U盘)，切换本地存储：/home/kongbin/record_backup
2026-06-20 22:45:20,578 - INFO - 【容量校验】全部录像总大小:0.83GB，上限阈值:4GB
2026-06-20 22:45:50,271 - WARNING - 【存储切换】U盘不可用(未找到拥有写入权限的U盘)，切换本地存储：/home/kongbin/record_backup
2026-06-20 22:45:50,572 - INFO - 【容量校验】全部录像总大小:0.83GB，上限阈值:4GB
2026-06-20 22:46:20,272 - WARNING - 【存储切换】U盘不可用(未找到拥有写入权限的U盘)，切换本地存储：/home/kongbin/record_backup
2026-06-20 22:46:20,574 - INFO - 【容量校验】全部录像总大小:0.83GB，上限阈值:4GB
2026-06-20 22:46:50,279 - WARNING - 【存储切换】U盘不可用(未找到拥有写入权限的U盘)，切换本地存储：/home/kongbin/record_backup
2026-06-20 22:46:50,580 - INFO - 【容量校验】全部录像总大小:0.83GB，上限阈值:4GB
2026-06-20 22:47:20,273 - WARNING - 【存储切换】U盘不可用(未找到拥有写入权限的U盘)，切换本地存储：/home/kongbin/record_backup
2026-06-20 22:47:20,574 - INFO - 【容量校验】全部录像总大小:0.83GB，上限阈值:4GB
2026-06-20 22:47:50,252 - WARNING - 【存储切换】U盘不可用(未找到拥有写入权限的U盘)，切换本地存储：/home/kongbin/record_backup
2026-06-20 22:47:50,553 - INFO - 【容量校验】全部录像总大小:0.83GB，上限阈值:4GB
2026-06-20 22:48:20,242 - WARNING - 【存储切换】U盘不可用(未找到拥有写入权限的U盘)，切换本地存储：/home/kongbin/record_backup
2026-06-20 22:48:20,543 - INFO - 【容量校验】全部录像总大小:0.83GB，上限阈值:4GB
2026-06-20 22:48:50,269 - WARNING - 【存储切换】U盘不可用(未找到拥有写入权限的U盘)，切换本地存储：/home/kongbin/record_backup
2026-06-20 22:48:50,570 - INFO - 【容量校验】全部录像总大小:0.83GB，上限阈值:4GB
2026-06-20 22:49:20,265 - WARNING - 【存储切换】U盘不可用(未找到拥有写入权限的U盘)，切换本地存储：/home/kongbin/record_backup
2026-06-20 22:49:20,566 - INFO - 【容量校验】全部录像总大小:0.83GB，上限阈值:4GB
2026-06-20 22:49:50,256 - WARNING - 【存储切换】U盘不可用(未找到拥有写入权限的U盘)，切换本地存储：/home/kongbin/record_backup
2026-06-20 22:49:50,557 - INFO - 【容量校验】全部录像总大小:0.83GB，上限阈值:4GB
2026-06-20 22:50:20,252 - WARNING - 【存储切换】U盘不可用(未找到拥有写入权限的U盘)，切换本地存储：/home/kongbin/record_backup
2026-06-20 22:50:20,553 - INFO - 【容量校验】全部录像总大小:0.83GB，上限阈值:4GB
2026-06-20 22:50:30,114 - INFO - Camera stopped
2026-06-20 22:50:30,117 - INFO - Camera stopped
2026-06-20 22:50:30,219 - INFO - 程序正常退出，资源全部释放
2026-06-21 16:40:58,676 - INFO - Initialization successful.
2026-06-21 16:40:58,680 - INFO - Camera now open.
2026-06-21 16:40:58,682 - INFO - Camera configuration has been adjusted!
2026-06-21 16:40:58,682 - INFO - Configuration successful!
2026-06-21 16:40:58,698 - INFO - Camera started
2026-06-21 16:40:58,732 - INFO - Initialization successful.
2026-06-21 16:40:58,732 - INFO - Camera now open.
2026-06-21 16:40:58,734 - INFO - Camera configuration has been adjusted!
2026-06-21 16:40:58,734 - INFO - Configuration successful!
2026-06-21 16:40:58,749 - INFO - Camera started
2026-06-21 16:40:58,749 - INFO - 双摄像头初始化成功
2026-06-21 16:41:34,945 - INFO - Initialization successful.
2026-06-21 16:41:34,946 - ERROR - Camera __init__ sequence did not complete.
2026-06-21 16:41:34,946 - ERROR - 摄像头初始化失败:Camera __init__ sequence did not complete.
2026-06-21 16:44:54,334 - INFO - Initialization successful.
2026-06-21 16:44:54,340 - INFO - Camera now open.
2026-06-21 16:44:54,342 - INFO - Camera configuration has been adjusted!
2026-06-21 16:44:54,343 - INFO - Configuration successful!
2026-06-21 16:44:54,358 - INFO - Camera started
2026-06-21 16:44:54,392 - INFO - Initialization successful.
2026-06-21 16:44:54,392 - INFO - Camera now open.
2026-06-21 16:44:54,394 - INFO - Camera configuration has been adjusted!
2026-06-21 16:44:54,395 - INFO - Configuration successful!
2026-06-21 16:44:54,410 - INFO - Camera started
2026-06-21 16:44:54,411 - INFO - 双摄像头初始化成功
2026-06-21 16:46:18,500 - WARNING - U盘挂载点 /media/kongbin/123 无写入权限，跳过：[Errno 2] 没有那个文件或目录: '/media/kongbin/123/.write_test.tmp'
2026-06-21 16:46:18,501 - WARNING - 【存储切换】U盘不可用(未找到拥有写入权限的U盘)，切换本地存储：/home/kongbin/record_backup
2026-06-21 16:46:48,099 - WARNING - 【存储切换】U盘不可用(未找到拥有写入权限的U盘)，切换本地存储：/home/kongbin/record_backup
2026-06-21 16:46:48,408 - INFO - 【容量校验】全部录像总大小:0.83GB，上限阈值:4GB
2026-06-21 16:47:18,103 - WARNING - 【存储切换】U盘不可用(未找到拥有写入权限的U盘)，切换本地存储：/home/kongbin/record_backup
2026-06-21 16:47:18,404 - INFO - 【容量校验】全部录像总大小:0.83GB，上限阈值:4GB
2026-06-21 16:47:48,096 - WARNING - 【存储切换】U盘不可用(未找到拥有写入权限的U盘)，切换本地存储：/home/kongbin/record_backup
2026-06-21 16:47:48,397 - INFO - 【容量校验】全部录像总大小:0.83GB，上限阈值:4GB
2026-06-21 16:48:18,094 - WARNING - 【存储切换】U盘不可用(未找到拥有写入权限的U盘)，切换本地存储：/home/kongbin/record_backup
2026-06-21 16:48:18,395 - INFO - 【容量校验】全部录像总大小:0.83GB，上限阈值:4GB
2026-06-21 16:48:48,095 - WARNING - 【存储切换】U盘不可用(未找到拥有写入权限的U盘)，切换本地存储：/home/kongbin/record_backup
2026-06-21 16:48:48,397 - INFO - 【容量校验】全部录像总大小:0.83GB，上限阈值:4GB
2026-06-21 16:49:18,083 - WARNING - 【存储切换】U盘不可用(未找到拥有写入权限的U盘)，切换本地存储：/home/kongbin/record_backup
2026-06-21 16:49:18,384 - INFO - 【容量校验】全部录像总大小:0.83GB，上限阈值:4GB
2026-06-21 16:49:48,090 - WARNING - 【存储切换】U盘不可用(未找到拥有写入权限的U盘)，切换本地存储：/home/kongbin/record_backup
2026-06-21 16:49:48,391 - INFO - 【容量校验】全部录像总大小:0.83GB，上限阈值:4GB
2026-06-21 16:50:18,075 - WARNING - 【存储切换】U盘不可用(未找到拥有写入权限的U盘)，切换本地存储：/home/kongbin/record_backup
2026-06-21 16:50:18,376 - INFO - 【容量校验】全部录像总大小:0.83GB，上限阈值:4GB
2026-06-21 16:50:48,087 - WARNING - 【存储切换】U盘不可用(未找到拥有写入权限的U盘)，切换本地存储：/home/kongbin/record_backup
2026-06-21 16:50:48,388 - INFO - 【容量校验】全部录像总大小:0.83GB，上限阈值:4GB
2026-06-21 16:51:18,097 - WARNING - 【存储切换】U盘不可用(未找到拥有写入权限的U盘)，切换本地存储：/home/kongbin/record_backup
2026-06-21 16:51:18,398 - INFO - 【容量校验】全部录像总大小:0.83GB，上限阈值:4GB
2026-06-21 16:51:24,468 - INFO - 模式切换按键触发
2026-06-21 16:51:24,683 - INFO - 模式切换按键触发
2026-06-21 16:51:26,578 - INFO - 模式切换按键触发
2026-06-21 16:51:26,925 - INFO - 模式切换按键触发
2026-06-21 16:51:27,128 - INFO - 模式切换按键触发
2026-06-21 16:51:40,741 - INFO - 短按拍照键：截图保存
2026-06-21 16:51:43,602 - INFO - 短按拍照键：截图保存
2026-06-21 16:51:46,239 - INFO - 短按拍照键：截图保存
2026-06-21 16:51:48,095 - WARNING - 【存储切换】U盘不可用(未找到拥有写入权限的U盘)，切换本地存储：/home/kongbin/record_backup
2026-06-21 16:51:48,396 - INFO - 【容量校验】全部录像总大小:0.83GB，上限阈值:4GB
2026-06-21 16:51:49,338 - INFO - 短按拍照键：截图保存
2026-06-21 16:51:57,562 - WARNING - 震动传感器触发，锁定当前录像片段
2026-06-21 16:52:00,921 - WARNING - 震动传感器触发，锁定当前录像片段
2026-06-21 16:52:04,446 - WARNING - 震动传感器触发，锁定当前录像片段
2026-06-21 16:52:18,077 - WARNING - 【存储切换】U盘不可用(未找到拥有写入权限的U盘)，切换本地存储：/home/kongbin/record_backup
2026-06-21 16:52:18,378 - INFO - 【容量校验】全部录像总大小:0.83GB，上限阈值:4GB
2026-06-21 16:52:48,089 - WARNING - 【存储切换】U盘不可用(未找到拥有写入权限的U盘)，切换本地存储：/home/kongbin/record_backup
2026-06-21 16:52:48,390 - INFO - 【容量校验】全部录像总大小:0.83GB，上限阈值:4GB
2026-06-21 16:53:18,072 - WARNING - 【存储切换】U盘不可用(未找到拥有写入权限的U盘)，切换本地存储：/home/kongbin/record_backup
2026-06-21 16:53:18,374 - INFO - 【容量校验】全部录像总大小:0.83GB，上限阈值:4GB
2026-06-21 16:53:48,083 - WARNING - 【存储切换】U盘不可用(未找到拥有写入权限的U盘)，切换本地存储：/home/kongbin/record_backup
2026-06-21 16:53:48,385 - INFO - 【容量校验】全部录像总大小:0.83GB，上限阈值:4GB
2026-06-21 16:54:18,095 - WARNING - 【存储切换】U盘不可用(未找到拥有写入权限的U盘)，切换本地存储：/home/kongbin/record_backup
2026-06-21 16:54:18,396 - INFO - 【容量校验】全部录像总大小:0.83GB，上限阈值:4GB
2026-06-21 16:54:48,073 - WARNING - 【存储切换】U盘不可用(未找到拥有写入权限的U盘)，切换本地存储：/home/kongbin/record_backup
2026-06-21 16:54:48,374 - INFO - 【容量校验】全部录像总大小:0.83GB，上限阈值:4GB
2026-06-21 16:55:18,075 - WARNING - 【存储切换】U盘不可用(未找到拥有写入权限的U盘)，切换本地存储：/home/kongbin/record_backup
2026-06-21 16:55:18,377 - INFO - 【容量校验】全部录像总大小:0.83GB，上限阈值:4GB
2026-06-21 16:55:48,074 - WARNING - 【存储切换】U盘不可用(未找到拥有写入权限的U盘)，切换本地存储：/home/kongbin/record_backup
2026-06-21 16:55:48,375 - INFO - 【容量校验】全部录像总大小:0.83GB，上限阈值:4GB
2026-06-21 16:56:18,078 - WARNING - 【存储切换】U盘不可用(未找到拥有写入权限的U盘)，切换本地存储：/home/kongbin/record_backup
2026-06-21 16:56:18,380 - INFO - 【容量校验】全部录像总大小:0.83GB，上限阈值:4GB
2026-06-21 16:56:48,087 - WARNING - 【存储切换】U盘不可用(未找到拥有写入权限的U盘)，切换本地存储：/home/kongbin/record_backup
2026-06-21 16:56:48,388 - INFO - 【容量校验】全部录像总大小:0.83GB，上限阈值:4GB
2026-06-21 16:57:18,090 - WARNING - 【存储切换】U盘不可用(未找到拥有写入权限的U盘)，切换本地存储：/home/kongbin/record_backup
2026-06-21 16:57:18,392 - INFO - 【容量校验】全部录像总大小:0.83GB，上限阈值:4GB
2026-06-21 16:57:48,087 - WARNING - 【存储切换】U盘不可用(未找到拥有写入权限的U盘)，切换本地存储：/home/kongbin/record_backup
2026-06-21 16:57:48,388 - INFO - 【容量校验】全部录像总大小:0.83GB，上限阈值:4GB
2026-06-21 16:58:18,064 - WARNING - 【存储切换】U盘不可用(未找到拥有写入权限的U盘)，切换本地存储：/home/kongbin/record_backup
2026-06-21 16:58:18,365 - INFO - 【容量校验】全部录像总大小:0.83GB，上限阈值:4GB
2026-06-21 16:58:48,103 - WARNING - 【存储切换】U盘不可用(未找到拥有写入权限的U盘)，切换本地存储：/home/kongbin/record_backup
2026-06-21 16:58:48,404 - INFO - 【容量校验】全部录像总大小:0.83GB，上限阈值:4GB
2026-06-21 16:59:18,095 - WARNING - 【存储切换】U盘不可用(未找到拥有写入权限的U盘)，切换本地存储：/home/kongbin/record_backup
2026-06-21 16:59:18,396 - INFO - 【容量校验】全部录像总大小:0.83GB，上限阈值:4GB
2026-06-21 16:59:48,098 - WARNING - 【存储切换】U盘不可用(未找到拥有写入权限的U盘)，切换本地存储：/home/kongbin/record_backup
2026-06-21 16:59:48,399 - INFO - 【容量校验】全部录像总大小:0.83GB，上限阈值:4GB
2026-06-21 17:00:18,088 - WARNING - 【存储切换】U盘不可用(未找到拥有写入权限的U盘)，切换本地存储：/home/kongbin/record_backup
2026-06-21 17:00:18,389 - INFO - 【容量校验】全部录像总大小:0.83GB，上限阈值:4GB
2026-06-21 17:00:48,069 - WARNING - 【存储切换】U盘不可用(未找到拥有写入权限的U盘)，切换本地存储：/home/kongbin/record_backup
2026-06-21 17:00:48,370 - INFO - 【容量校验】全部录像总大小:0.83GB，上限阈值:4GB
2026-06-21 17:01:18,105 - WARNING - 【存储切换】U盘不可用(未找到拥有写入权限的U盘)，切换本地存储：/home/kongbin/record_backup
2026-06-21 17:01:18,406 - INFO - 【容量校验】全部录像总大小:0.83GB，上限阈值:4GB
2026-06-21 17:01:48,085 - WARNING - 【存储切换】U盘不可用(未找到拥有写入权限的U盘)，切换本地存储：/home/kongbin/record_backup
2026-06-21 17:01:48,387 - INFO - 【容量校验】全部录像总大小:0.83GB，上限阈值:4GB
2026-06-21 17:02:18,086 - WARNING - 【存储切换】U盘不可用(未找到拥有写入权限的U盘)，切换本地存储：/home/kongbin/record_backup
2026-06-21 17:02:18,387 - INFO - 【容量校验】全部录像总大小:0.83GB，上限阈值:4GB
2026-06-21 17:02:48,083 - WARNING - 【存储切换】U盘不可用(未找到拥有写入权限的U盘)，切换本地存储：/home/kongbin/record_backup
2026-06-21 17:02:48,384 - INFO - 【容量校验】全部录像总大小:0.83GB，上限阈值:4GB
2026-06-21 17:03:18,091 - WARNING - 【存储切换】U盘不可用(未找到拥有写入权限的U盘)，切换本地存储：/home/kongbin/record_backup
2026-06-21 17:03:18,392 - INFO - 【容量校验】全部录像总大小:0.83GB，上限阈值:4GB
2026-06-21 17:03:48,068 - WARNING - 【存储切换】U盘不可用(未找到拥有写入权限的U盘)，切换本地存储：/home/kongbin/record_backup
2026-06-21 17:03:48,369 - INFO - 【容量校验】全部录像总大小:0.83GB，上限阈值:4GB
2026-06-21 17:04:18,081 - WARNING - 【存储切换】U盘不可用(未找到拥有写入权限的U盘)，切换本地存储：/home/kongbin/record_backup
2026-06-21 17:04:18,382 - INFO - 【容量校验】全部录像总大小:0.83GB，上限阈值:4GB
2026-06-21 17:04:48,087 - WARNING - 【存储切换】U盘不可用(未找到拥有写入权限的U盘)，切换本地存储：/home/kongbin/record_backup
2026-06-21 17:04:48,388 - INFO - 【容量校验】全部录像总大小:0.83GB，上限阈值:4GB
2026-06-21 17:05:18,093 - WARNING - 【存储切换】U盘不可用(未找到拥有写入权限的U盘)，切换本地存储：/home/kongbin/record_backup
2026-06-21 17:05:18,395 - INFO - 【容量校验】全部录像总大小:0.83GB，上限阈值:4GB
2026-06-21 17:05:48,073 - WARNING - 【存储切换】U盘不可用(未找到拥有写入权限的U盘)，切换本地存储：/home/kongbin/record_backup
2026-06-21 17:05:48,374 - INFO - 【容量校验】全部录像总大小:0.83GB，上限阈值:4GB
2026-06-21 17:06:18,084 - WARNING - 【存储切换】U盘不可用(未找到拥有写入权限的U盘)，切换本地存储：/home/kongbin/record_backup
2026-06-21 17:06:18,386 - INFO - 【容量校验】全部录像总大小:0.83GB，上限阈值:4GB
2026-06-21 17:06:48,087 - WARNING - 【存储切换】U盘不可用(未找到拥有写入权限的U盘)，切换本地存储：/home/kongbin/record_backup
2026-06-21 17:06:48,388 - INFO - 【容量校验】全部录像总大小:0.83GB，上限阈值:4GB
2026-06-21 17:07:18,087 - WARNING - 【存储切换】U盘不可用(未找到拥有写入权限的U盘)，切换本地存储：/home/kongbin/record_backup
2026-06-21 17:07:18,388 - INFO - 【容量校验】全部录像总大小:0.83GB，上限阈值:4GB
2026-06-21 17:07:48,093 - WARNING - 【存储切换】U盘不可用(未找到拥有写入权限的U盘)，切换本地存储：/home/kongbin/record_backup
2026-06-21 17:07:48,394 - INFO - 【容量校验】全部录像总大小:0.83GB，上限阈值:4GB
2026-06-21 17:08:18,071 - WARNING - 【存储切换】U盘不可用(未找到拥有写入权限的U盘)，切换本地存储：/home/kongbin/record_backup
2026-06-21 17:08:18,372 - INFO - 【容量校验】全部录像总大小:0.83GB，上限阈值:4GB
2026-06-21 17:08:48,055 - WARNING - 【存储切换】U盘不可用(未找到拥有写入权限的U盘)，切换本地存储：/home/kongbin/record_backup
2026-06-21 17:08:48,356 - INFO - 【容量校验】全部录像总大小:0.83GB，上限阈值:4GB
2026-06-21 17:09:18,086 - WARNING - 【存储切换】U盘不可用(未找到拥有写入权限的U盘)，切换本地存储：/home/kongbin/record_backup
2026-06-21 17:09:18,387 - INFO - 【容量校验】全部录像总大小:0.83GB，上限阈值:4GB
2026-06-21 17:09:48,082 - WARNING - 【存储切换】U盘不可用(未找到拥有写入权限的U盘)，切换本地存储：/home/kongbin/record_backup
2026-06-21 17:09:48,383 - INFO - 【容量校验】全部录像总大小:0.83GB，上限阈值:4GB
2026-06-21 17:10:18,078 - WARNING - 【存储切换】U盘不可用(未找到拥有写入权限的U盘)，切换本地存储：/home/kongbin/record_backup
2026-06-21 17:10:18,380 - INFO - 【容量校验】全部录像总大小:0.83GB，上限阈值:4GB
2026-06-21 17:10:48,085 - WARNING - 【存储切换】U盘不可用(未找到拥有写入权限的U盘)，切换本地存储：/home/kongbin/record_backup
2026-06-21 17:10:48,386 - INFO - 【容量校验】全部录像总大小:0.83GB，上限阈值:4GB
2026-06-21 17:11:18,062 - WARNING - 【存储切换】U盘不可用(未找到拥有写入权限的U盘)，切换本地存储：/home/kongbin/record_backup
2026-06-21 17:11:18,363 - INFO - 【容量校验】全部录像总大小:0.83GB，上限阈值:4GB
2026-06-21 17:11:48,089 - WARNING - 【存储切换】U盘不可用(未找到拥有写入权限的U盘)，切换本地存储：/home/kongbin/record_backup
2026-06-21 17:11:48,390 - INFO - 【容量校验】全部录像总大小:0.83GB，上限阈值:4GB
2026-06-21 17:12:18,101 - WARNING - 【存储切换】U盘不可用(未找到拥有写入权限的U盘)，切换本地存储：/home/kongbin/record_backup
2026-06-21 17:12:18,402 - INFO - 【容量校验】全部录像总大小:0.83GB，上限阈值:4GB
2026-06-21 17:12:48,081 - WARNING - 【存储切换】U盘不可用(未找到拥有写入权限的U盘)，切换本地存储：/home/kongbin/record_backup
2026-06-21 17:12:48,383 - INFO - 【容量校验】全部录像总大小:0.83GB，上限阈值:4GB
2026-06-21 17:13:18,072 - WARNING - 【存储切换】U盘不可用(未找到拥有写入权限的U盘)，切换本地存储：/home/kongbin/record_backup
2026-06-21 17:13:18,373 - INFO - 【容量校验】全部录像总大小:0.83GB，上限阈值:4GB
2026-06-21 17:13:48,085 - WARNING - 【存储切换】U盘不可用(未找到拥有写入权限的U盘)，切换本地存储：/home/kongbin/record_backup
2026-06-21 17:13:48,386 - INFO - 【容量校验】全部录像总大小:0.83GB，上限阈值:4GB
2026-06-21 17:14:18,083 - WARNING - 【存储切换】U盘不可用(未找到拥有写入权限的U盘)，切换本地存储：/home/kongbin/record_backup
2026-06-21 17:14:18,385 - INFO - 【容量校验】全部录像总大小:0.83GB，上限阈值:4GB
2026-06-21 17:14:48,080 - WARNING - 【存储切换】U盘不可用(未找到拥有写入权限的U盘)，切换本地存储：/home/kongbin/record_backup
2026-06-21 17:14:48,382 - INFO - 【容量校验】全部录像总大小:0.83GB，上限阈值:4GB
2026-06-21 17:15:18,079 - WARNING - 【存储切换】U盘不可用(未找到拥有写入权限的U盘)，切换本地存储：/home/kongbin/record_backup
2026-06-21 17:15:18,381 - INFO - 【容量校验】全部录像总大小:0.83GB，上限阈值:4GB
2026-06-21 17:15:48,074 - WARNING - 【存储切换】U盘不可用(未找到拥有写入权限的U盘)，切换本地存储：/home/kongbin/record_backup
2026-06-21 17:15:48,375 - INFO - 【容量校验】全部录像总大小:0.83GB，上限阈值:4GB
2026-06-21 17:16:18,071 - WARNING - 【存储切换】U盘不可用(未找到拥有写入权限的U盘)，切换本地存储：/home/kongbin/record_backup
2026-06-21 17:16:18,372 - INFO - 【容量校验】全部录像总大小:0.83GB，上限阈值:4GB
2026-06-21 17:16:48,093 - WARNING - 【存储切换】U盘不可用(未找到拥有写入权限的U盘)，切换本地存储：/home/kongbin/record_backup
2026-06-21 17:16:48,394 - INFO - 【容量校验】全部录像总大小:0.83GB，上限阈值:4GB
2026-06-21 17:17:18,086 - WARNING - 【存储切换】U盘不可用(未找到拥有写入权限的U盘)，切换本地存储：/home/kongbin/record_backup
2026-06-21 17:17:18,387 - INFO - 【容量校验】全部录像总大小:0.83GB，上限阈值:4GB
2026-06-21 17:17:48,088 - WARNING - 【存储切换】U盘不可用(未找到拥有写入权限的U盘)，切换本地存储：/home/kongbin/record_backup
2026-06-21 17:17:48,389 - INFO - 【容量校验】全部录像总大小:0.83GB，上限阈值:4GB
2026-06-21 17:18:18,082 - WARNING - 【存储切换】U盘不可用(未找到拥有写入权限的U盘)，切换本地存储：/home/kongbin/record_backup
2026-06-21 17:18:18,384 - INFO - 【容量校验】全部录像总大小:0.83GB，上限阈值:4GB
2026-06-21 17:18:48,080 - WARNING - 【存储切换】U盘不可用(未找到拥有写入权限的U盘)，切换本地存储：/home/kongbin/record_backup
2026-06-21 17:18:48,381 - INFO - 【容量校验】全部录像总大小:0.83GB，上限阈值:4GB
2026-06-21 17:19:18,088 - WARNING - 【存储切换】U盘不可用(未找到拥有写入权限的U盘)，切换本地存储：/home/kongbin/record_backup
2026-06-21 17:19:18,390 - INFO - 【容量校验】全部录像总大小:0.83GB，上限阈值:4GB
2026-06-21 17:19:48,066 - WARNING - 【存储切换】U盘不可用(未找到拥有写入权限的U盘)，切换本地存储：/home/kongbin/record_backup
2026-06-21 17:19:48,367 - INFO - 【容量校验】全部录像总大小:0.83GB，上限阈值:4GB
2026-06-21 17:20:18,091 - WARNING - 【存储切换】U盘不可用(未找到拥有写入权限的U盘)，切换本地存储：/home/kongbin/record_backup
2026-06-21 17:20:18,392 - INFO - 【容量校验】全部录像总大小:0.83GB，上限阈值:4GB
2026-06-21 17:20:48,088 - WARNING - 【存储切换】U盘不可用(未找到拥有写入权限的U盘)，切换本地存储：/home/kongbin/record_backup
2026-06-21 17:20:48,389 - INFO - 【容量校验】全部录像总大小:0.83GB，上限阈值:4GB
2026-06-21 17:21:18,090 - WARNING - 【存储切换】U盘不可用(未找到拥有写入权限的U盘)，切换本地存储：/home/kongbin/record_backup
2026-06-21 17:21:18,391 - INFO - 【容量校验】全部录像总大小:0.83GB，上限阈值:4GB
2026-06-21 17:21:48,100 - WARNING - 【存储切换】U盘不可用(未找到拥有写入权限的U盘)，切换本地存储：/home/kongbin/record_backup
2026-06-21 17:21:48,401 - INFO - 【容量校验】全部录像总大小:0.83GB，上限阈值:4GB
2026-06-21 17:22:18,081 - WARNING - 【存储切换】U盘不可用(未找到拥有写入权限的U盘)，切换本地存储：/home/kongbin/record_backup
2026-06-21 17:22:18,383 - INFO - 【容量校验】全部录像总大小:0.83GB，上限阈值:4GB
2026-06-21 17:22:48,093 - WARNING - 【存储切换】U盘不可用(未找到拥有写入权限的U盘)，切换本地存储：/home/kongbin/record_backup
2026-06-21 17:22:48,394 - INFO - 【容量校验】全部录像总大小:0.83GB，上限阈值:4GB
2026-06-21 17:23:18,069 - WARNING - 【存储切换】U盘不可用(未找到拥有写入权限的U盘)，切换本地存储：/home/kongbin/record_backup
2026-06-21 17:23:18,370 - INFO - 【容量校验】全部录像总大小:0.83GB，上限阈值:4GB
2026-06-21 17:23:48,094 - WARNING - 【存储切换】U盘不可用(未找到拥有写入权限的U盘)，切换本地存储：/home/kongbin/record_backup
2026-06-21 17:23:48,395 - INFO - 【容量校验】全部录像总大小:0.83GB，上限阈值:4GB
2026-06-21 17:24:18,091 - WARNING - 【存储切换】U盘不可用(未找到拥有写入权限的U盘)，切换本地存储：/home/kongbin/record_backup
2026-06-21 17:24:18,392 - INFO - 【容量校验】全部录像总大小:0.83GB，上限阈值:4GB
2026-06-21 17:24:48,084 - WARNING - 【存储切换】U盘不可用(未找到拥有写入权限的U盘)，切换本地存储：/home/kongbin/record_backup
2026-06-21 17:24:48,385 - INFO - 【容量校验】全部录像总大小:0.83GB，上限阈值:4GB
2026-06-21 17:25:18,079 - WARNING - 【存储切换】U盘不可用(未找到拥有写入权限的U盘)，切换本地存储：/home/kongbin/record_backup
2026-06-21 17:25:18,381 - INFO - 【容量校验】全部录像总大小:0.83GB，上限阈值:4GB
2026-06-21 17:25:48,075 - WARNING - 【存储切换】U盘不可用(未找到拥有写入权限的U盘)，切换本地存储：/home/kongbin/record_backup
2026-06-21 17:25:48,376 - INFO - 【容量校验】全部录像总大小:0.83GB，上限阈值:4GB
2026-06-21 17:26:18,089 - WARNING - 【存储切换】U盘不可用(未找到拥有写入权限的U盘)，切换本地存储：/home/kongbin/record_backup
2026-06-21 17:26:18,390 - INFO - 【容量校验】全部录像总大小:0.83GB，上限阈值:4GB
2026-06-21 17:26:48,084 - WARNING - 【存储切换】U盘不可用(未找到拥有写入权限的U盘)，切换本地存储：/home/kongbin/record_backup
2026-06-21 17:26:48,385 - INFO - 【容量校验】全部录像总大小:0.83GB，上限阈值:4GB
2026-06-21 17:27:18,086 - WARNING - 【存储切换】U盘不可用(未找到拥有写入权限的U盘)，切换本地存储：/home/kongbin/record_backup
2026-06-21 17:27:18,388 - INFO - 【容量校验】全部录像总大小:0.83GB，上限阈值:4GB
2026-06-21 17:27:48,094 - WARNING - 【存储切换】U盘不可用(未找到拥有写入权限的U盘)，切换本地存储：/home/kongbin/record_backup
2026-06-21 17:27:48,395 - INFO - 【容量校验】全部录像总大小:0.83GB，上限阈值:4GB
2026-06-21 17:28:18,073 - WARNING - 【存储切换】U盘不可用(未找到拥有写入权限的U盘)，切换本地存储：/home/kongbin/record_backup
2026-06-21 17:28:18,374 - INFO - 【容量校验】全部录像总大小:0.83GB，上限阈值:4GB
2026-06-21 17:28:48,084 - WARNING - 【存储切换】U盘不可用(未找到拥有写入权限的U盘)，切换本地存储：/home/kongbin/record_backup
2026-06-21 17:28:48,386 - INFO - 【容量校验】全部录像总大小:0.83GB，上限阈值:4GB
2026-06-21 17:29:18,087 - WARNING - 【存储切换】U盘不可用(未找到拥有写入权限的U盘)，切换本地存储：/home/kongbin/record_backup
2026-06-21 17:29:18,388 - INFO - 【容量校验】全部录像总大小:0.83GB，上限阈值:4GB
2026-06-21 17:29:48,081 - WARNING - 【存储切换】U盘不可用(未找到拥有写入权限的U盘)，切换本地存储：/home/kongbin/record_backup
2026-06-21 17:29:48,382 - INFO - 【容量校验】全部录像总大小:0.83GB，上限阈值:4GB
2026-06-21 17:30:18,077 - WARNING - 【存储切换】U盘不可用(未找到拥有写入权限的U盘)，切换本地存储：/home/kongbin/record_backup
2026-06-21 17:30:18,378 - INFO - 【容量校验】全部录像总大小:0.83GB，上限阈值:4GB
2026-06-21 17:30:48,069 - WARNING - 【存储切换】U盘不可用(未找到拥有写入权限的U盘)，切换本地存储：/home/kongbin/record_backup
2026-06-21 17:30:48,370 - INFO - 【容量校验】全部录像总大小:0.83GB，上限阈值:4GB
2026-06-21 17:31:18,092 - WARNING - 【存储切换】U盘不可用(未找到拥有写入权限的U盘)，切换本地存储：/home/kongbin/record_backup
2026-06-21 17:31:18,393 - INFO - 【容量校验】全部录像总大小:0.83GB，上限阈值:4GB
2026-06-21 17:31:48,085 - WARNING - 【存储切换】U盘不可用(未找到拥有写入权限的U盘)，切换本地存储：/home/kongbin/record_backup
2026-06-21 17:31:48,386 - INFO - 【容量校验】全部录像总大小:0.83GB，上限阈值:4GB
2026-06-21 17:32:18,086 - WARNING - 【存储切换】U盘不可用(未找到拥有写入权限的U盘)，切换本地存储：/home/kongbin/record_backup
2026-06-21 17:32:18,387 - INFO - 【容量校验】全部录像总大小:0.83GB，上限阈值:4GB
2026-06-21 17:32:48,082 - WARNING - 【存储切换】U盘不可用(未找到拥有写入权限的U盘)，切换本地存储：/home/kongbin/record_backup
2026-06-21 17:32:48,383 - INFO - 【容量校验】全部录像总大小:0.83GB，上限阈值:4GB
2026-06-21 17:33:18,077 - WARNING - 【存储切换】U盘不可用(未找到拥有写入权限的U盘)，切换本地存储：/home/kongbin/record_backup
2026-06-21 17:33:18,379 - INFO - 【容量校验】全部录像总大小:0.83GB，上限阈值:4GB
2026-06-21 17:33:48,070 - WARNING - 【存储切换】U盘不可用(未找到拥有写入权限的U盘)，切换本地存储：/home/kongbin/record_backup
2026-06-21 17:33:48,372 - INFO - 【容量校验】全部录像总大小:0.83GB，上限阈值:4GB
2026-06-21 17:34:18,066 - WARNING - 【存储切换】U盘不可用(未找到拥有写入权限的U盘)，切换本地存储：/home/kongbin/record_backup
2026-06-21 17:34:18,367 - INFO - 【容量校验】全部录像总大小:0.83GB，上限阈值:4GB
2026-06-21 17:34:48,088 - WARNING - 【存储切换】U盘不可用(未找到拥有写入权限的U盘)，切换本地存储：/home/kongbin/record_backup
2026-06-21 17:34:48,389 - INFO - 【容量校验】全部录像总大小:0.83GB，上限阈值:4GB
2026-06-21 17:35:18,087 - WARNING - 【存储切换】U盘不可用(未找到拥有写入权限的U盘)，切换本地存储：/home/kongbin/record_backup
2026-06-21 17:35:18,388 - INFO - 【容量校验】全部录像总大小:0.83GB，上限阈值:4GB
2026-06-21 17:35:48,083 - WARNING - 【存储切换】U盘不可用(未找到拥有写入权限的U盘)，切换本地存储：/home/kongbin/record_backup
2026-06-21 17:35:48,384 - INFO - 【容量校验】全部录像总大小:0.83GB，上限阈值:4GB
2026-06-21 17:36:18,079 - WARNING - 【存储切换】U盘不可用(未找到拥有写入权限的U盘)，切换本地存储：/home/kongbin/record_backup
2026-06-21 17:36:18,380 - INFO - 【容量校验】全部录像总大小:0.83GB，上限阈值:4GB
2026-06-21 17:36:48,075 - WARNING - 【存储切换】U盘不可用(未找到拥有写入权限的U盘)，切换本地存储：/home/kongbin/record_backup
2026-06-21 17:36:48,376 - INFO - 【容量校验】全部录像总大小:0.83GB，上限阈值:4GB
2026-06-21 17:37:18,068 - WARNING - 【存储切换】U盘不可用(未找到拥有写入权限的U盘)，切换本地存储：/home/kongbin/record_backup
2026-06-21 17:37:18,369 - INFO - 【容量校验】全部录像总大小:0.83GB，上限阈值:4GB
2026-06-21 17:37:48,062 - WARNING - 【存储切换】U盘不可用(未找到拥有写入权限的U盘)，切换本地存储：/home/kongbin/record_backup
2026-06-21 17:37:48,363 - INFO - 【容量校验】全部录像总大小:0.83GB，上限阈值:4GB
2026-06-21 17:38:18,087 - WARNING - 【存储切换】U盘不可用(未找到拥有写入权限的U盘)，切换本地存储：/home/kongbin/record_backup
2026-06-21 17:38:18,388 - INFO - 【容量校验】全部录像总大小:0.83GB，上限阈值:4GB
2026-06-21 17:38:48,085 - WARNING - 【存储切换】U盘不可用(未找到拥有写入权限的U盘)，切换本地存储：/home/kongbin/record_backup
2026-06-21 17:38:48,387 - INFO - 【容量校验】全部录像总大小:0.83GB，上限阈值:4GB
2026-06-21 17:39:18,080 - WARNING - 【存储切换】U盘不可用(未找到拥有写入权限的U盘)，切换本地存储：/home/kongbin/record_backup
2026-06-21 17:39:18,381 - INFO - 【容量校验】全部录像总大小:0.83GB，上限阈值:4GB
2026-06-21 17:39:48,078 - WARNING - 【存储切换】U盘不可用(未找到拥有写入权限的U盘)，切换本地存储：/home/kongbin/record_backup
2026-06-21 17:39:48,379 - INFO - 【容量校验】全部录像总大小:0.83GB，上限阈值:4GB
2026-06-21 17:40:18,070 - WARNING - 【存储切换】U盘不可用(未找到拥有写入权限的U盘)，切换本地存储：/home/kongbin/record_backup
2026-06-21 17:40:18,371 - INFO - 【容量校验】全部录像总大小:0.83GB，上限阈值:4GB
2026-06-21 17:40:48,068 - WARNING - 【存储切换】U盘不可用(未找到拥有写入权限的U盘)，切换本地存储：/home/kongbin/record_backup
2026-06-21 17:40:48,369 - INFO - 【容量校验】全部录像总大小:0.83GB，上限阈值:4GB
2026-06-21 17:41:18,091 - WARNING - 【存储切换】U盘不可用(未找到拥有写入权限的U盘)，切换本地存储：/home/kongbin/record_backup
2026-06-21 17:41:18,392 - INFO - 【容量校验】全部录像总大小:0.83GB，上限阈值:4GB
2026-06-21 17:41:48,085 - WARNING - 【存储切换】U盘不可用(未找到拥有写入权限的U盘)，切换本地存储：/home/kongbin/record_backup
2026-06-21 17:41:48,386 - INFO - 【容量校验】全部录像总大小:0.83GB，上限阈值:4GB
2026-06-21 17:42:18,086 - WARNING - 【存储切换】U盘不可用(未找到拥有写入权限的U盘)，切换本地存储：/home/kongbin/record_backup
2026-06-21 17:42:18,387 - INFO - 【容量校验】全部录像总大小:0.83GB，上限阈值:4GB
2026-06-21 17:42:48,077 - WARNING - 【存储切换】U盘不可用(未找到拥有写入权限的U盘)，切换本地存储：/home/kongbin/record_backup
2026-06-21 17:42:48,379 - INFO - 【容量校验】全部录像总大小:0.83GB，上限阈值:4GB
2026-06-21 17:43:18,071 - WARNING - 【存储切换】U盘不可用(未找到拥有写入权限的U盘)，切换本地存储：/home/kongbin/record_backup
2026-06-21 17:43:18,372 - INFO - 【容量校验】全部录像总大小:0.83GB，上限阈值:4GB
2026-06-21 17:43:48,093 - WARNING - 【存储切换】U盘不可用(未找到拥有写入权限的U盘)，切换本地存储：/home/kongbin/record_backup
2026-06-21 17:43:48,394 - INFO - 【容量校验】全部录像总大小:0.83GB，上限阈值:4GB
2026-06-21 17:44:18,089 - WARNING - 【存储切换】U盘不可用(未找到拥有写入权限的U盘)，切换本地存储：/home/kongbin/record_backup
2026-06-21 17:44:18,390 - INFO - 【容量校验】全部录像总大小:0.83GB，上限阈值:4GB
2026-06-21 17:44:48,086 - WARNING - 【存储切换】U盘不可用(未找到拥有写入权限的U盘)，切换本地存储：/home/kongbin/record_backup
2026-06-21 17:44:48,387 - INFO - 【容量校验】全部录像总大小:0.83GB，上限阈值:4GB
2026-06-21 17:45:18,078 - WARNING - 【存储切换】U盘不可用(未找到拥有写入权限的U盘)，切换本地存储：/home/kongbin/record_backup
2026-06-21 17:45:18,380 - INFO - 【容量校验】全部录像总大小:0.83GB，上限阈值:4GB
2026-06-21 17:45:48,075 - WARNING - 【存储切换】U盘不可用(未找到拥有写入权限的U盘)，切换本地存储：/home/kongbin/record_backup
2026-06-21 17:45:48,376 - INFO - 【容量校验】全部录像总大小:0.83GB，上限阈值:4GB
2026-06-21 17:46:18,065 - WARNING - 【存储切换】U盘不可用(未找到拥有写入权限的U盘)，切换本地存储：/home/kongbin/record_backup
2026-06-21 17:46:18,366 - INFO - 【容量校验】全部录像总大小:0.83GB，上限阈值:4GB
2026-06-21 17:46:48,089 - WARNING - 【存储切换】U盘不可用(未找到拥有写入权限的U盘)，切换本地存储：/home/kongbin/record_backup
2026-06-21 17:46:48,390 - INFO - 【容量校验】全部录像总大小:0.83GB，上限阈值:4GB
2026-06-21 17:47:18,087 - WARNING - 【存储切换】U盘不可用(未找到拥有写入权限的U盘)，切换本地存储：/home/kongbin/record_backup
2026-06-21 17:47:18,389 - INFO - 【容量校验】全部录像总大小:0.83GB，上限阈值:4GB
2026-06-21 17:47:48,084 - WARNING - 【存储切换】U盘不可用(未找到拥有写入权限的U盘)，切换本地存储：/home/kongbin/record_backup
2026-06-21 17:47:48,385 - INFO - 【容量校验】全部录像总大小:0.83GB，上限阈值:4GB
2026-06-21 17:48:18,075 - WARNING - 【存储切换】U盘不可用(未找到拥有写入权限的U盘)，切换本地存储：/home/kongbin/record_backup
2026-06-21 17:48:18,376 - INFO - 【容量校验】全部录像总大小:0.83GB，上限阈值:4GB
2026-06-21 17:48:48,068 - WARNING - 【存储切换】U盘不可用(未找到拥有写入权限的U盘)，切换本地存储：/home/kongbin/record_backup
2026-06-21 17:48:48,370 - INFO - 【容量校验】全部录像总大小:0.83GB，上限阈值:4GB
2026-06-21 17:49:18,063 - WARNING - 【存储切换】U盘不可用(未找到拥有写入权限的U盘)，切换本地存储：/home/kongbin/record_backup
2026-06-21 17:49:18,364 - INFO - 【容量校验】全部录像总大小:0.83GB，上限阈值:4GB
2026-06-21 17:49:48,084 - WARNING - 【存储切换】U盘不可用(未找到拥有写入权限的U盘)，切换本地存储：/home/kongbin/record_backup
2026-06-21 17:49:48,385 - INFO - 【容量校验】全部录像总大小:0.83GB，上限阈值:4GB
2026-06-21 17:50:18,084 - WARNING - 【存储切换】U盘不可用(未找到拥有写入权限的U盘)，切换本地存储：/home/kongbin/record_backup
2026-06-21 17:50:18,385 - INFO - 【容量校验】全部录像总大小:0.83GB，上限阈值:4GB
2026-06-21 17:50:48,078 - WARNING - 【存储切换】U盘不可用(未找到拥有写入权限的U盘)，切换本地存储：/home/kongbin/record_backup
2026-06-21 17:50:48,380 - INFO - 【容量校验】全部录像总大小:0.83GB，上限阈值:4GB
2026-06-21 17:51:18,073 - WARNING - 【存储切换】U盘不可用(未找到拥有写入权限的U盘)，切换本地存储：/home/kongbin/record_backup
2026-06-21 17:51:18,374 - INFO - 【容量校验】全部录像总大小:0.83GB，上限阈值:4GB
2026-06-21 17:51:48,071 - WARNING - 【存储切换】U盘不可用(未找到拥有写入权限的U盘)，切换本地存储：/home/kongbin/record_backup
2026-06-21 17:51:48,372 - INFO - 【容量校验】全部录像总大小:0.83GB，上限阈值:4GB
2026-06-21 17:52:18,062 - WARNING - 【存储切换】U盘不可用(未找到拥有写入权限的U盘)，切换本地存储：/home/kongbin/record_backup
2026-06-21 17:52:18,363 - INFO - 【容量校验】全部录像总大小:0.83GB，上限阈值:4GB
2026-06-21 17:52:48,088 - WARNING - 【存储切换】U盘不可用(未找到拥有写入权限的U盘)，切换本地存储：/home/kongbin/record_backup
2026-06-21 17:52:48,389 - INFO - 【容量校验】全部录像总大小:0.83GB，上限阈值:4GB
2026-06-21 17:53:18,088 - WARNING - 【存储切换】U盘不可用(未找到拥有写入权限的U盘)，切换本地存储：/home/kongbin/record_backup
2026-06-21 17:53:18,389 - INFO - 【容量校验】全部录像总大小:0.83GB，上限阈值:4GB
2026-06-21 17:53:48,079 - WARNING - 【存储切换】U盘不可用(未找到拥有写入权限的U盘)，切换本地存储：/home/kongbin/record_backup
2026-06-21 17:53:48,380 - INFO - 【容量校验】全部录像总大小:0.83GB，上限阈值:4GB
2026-06-21 17:54:18,073 - WARNING - 【存储切换】U盘不可用(未找到拥有写入权限的U盘)，切换本地存储：/home/kongbin/record_backup
2026-06-21 17:54:18,374 - INFO - 【容量校验】全部录像总大小:0.83GB，上限阈值:4GB
2026-06-21 17:54:48,067 - WARNING - 【存储切换】U盘不可用(未找到拥有写入权限的U盘)，切换本地存储：/home/kongbin/record_backup
2026-06-21 17:54:48,368 - INFO - 【容量校验】全部录像总大小:0.83GB，上限阈值:4GB
2026-06-21 17:55:18,093 - WARNING - 【存储切换】U盘不可用(未找到拥有写入权限的U盘)，切换本地存储：/home/kongbin/record_backup
2026-06-21 17:55:18,393 - INFO - 【容量校验】全部录像总大小:0.83GB，上限阈值:4GB
2026-06-21 17:55:48,086 - WARNING - 【存储切换】U盘不可用(未找到拥有写入权限的U盘)，切换本地存储：/home/kongbin/record_backup
2026-06-21 17:55:48,387 - INFO - 【容量校验】全部录像总大小:0.83GB，上限阈值:4GB
2026-06-21 17:56:18,087 - WARNING - 【存储切换】U盘不可用(未找到拥有写入权限的U盘)，切换本地存储：/home/kongbin/record_backup
2026-06-21 17:56:18,388 - INFO - 【容量校验】全部录像总大小:0.83GB，上限阈值:4GB
2026-06-21 17:56:48,080 - WARNING - 【存储切换】U盘不可用(未找到拥有写入权限的U盘)，切换本地存储：/home/kongbin/record_backup
2026-06-21 17:56:48,381 - INFO - 【容量校验】全部录像总大小:0.83GB，上限阈值:4GB
2026-06-21 17:57:18,074 - WARNING - 【存储切换】U盘不可用(未找到拥有写入权限的U盘)，切换本地存储：/home/kongbin/record_backup
2026-06-21 17:57:18,375 - INFO - 【容量校验】全部录像总大小:0.83GB，上限阈值:4GB
2026-06-21 17:57:48,071 - WARNING - 【存储切换】U盘不可用(未找到拥有写入权限的U盘)，切换本地存储：/home/kongbin/record_backup
2026-06-21 17:57:48,372 - INFO - 【容量校验】全部录像总大小:0.83GB，上限阈值:4GB
2026-06-21 17:58:18,095 - WARNING - 【存储切换】U盘不可用(未找到拥有写入权限的U盘)，切换本地存储：/home/kongbin/record_backup
2026-06-21 17:58:18,396 - INFO - 【容量校验】全部录像总大小:0.83GB，上限阈值:4GB
2026-06-21 17:58:48,087 - WARNING - 【存储切换】U盘不可用(未找到拥有写入权限的U盘)，切换本地存储：/home/kongbin/record_backup
2026-06-21 17:58:48,388 - INFO - 【容量校验】全部录像总大小:0.83GB，上限阈值:4GB
2026-06-21 17:59:18,089 - WARNING - 【存储切换】U盘不可用(未找到拥有写入权限的U盘)，切换本地存储：/home/kongbin/record_backup
2026-06-21 17:59:18,390 - INFO - 【容量校验】全部录像总大小:0.83GB，上限阈值:4GB
2026-06-21 17:59:48,082 - WARNING - 【存储切换】U盘不可用(未找到拥有写入权限的U盘)，切换本地存储：/home/kongbin/record_backup
2026-06-21 17:59:48,383 - INFO - 【容量校验】全部录像总大小:0.83GB，上限阈值:4GB
2026-06-21 18:00:18,079 - WARNING - 【存储切换】U盘不可用(未找到拥有写入权限的U盘)，切换本地存储：/home/kongbin/record_backup
2026-06-21 18:00:18,380 - INFO - 【容量校验】全部录像总大小:0.83GB，上限阈值:4GB
2026-06-21 18:00:48,073 - WARNING - 【存储切换】U盘不可用(未找到拥有写入权限的U盘)，切换本地存储：/home/kongbin/record_backup
2026-06-21 18:00:48,375 - INFO - 【容量校验】全部录像总大小:0.83GB，上限阈值:4GB
2026-06-21 18:01:18,067 - WARNING - 【存储切换】U盘不可用(未找到拥有写入权限的U盘)，切换本地存储：/home/kongbin/record_backup
2026-06-21 18:01:18,368 - INFO - 【容量校验】全部录像总大小:0.83GB，上限阈值:4GB
2026-06-21 18:01:48,092 - WARNING - 【存储切换】U盘不可用(未找到拥有写入权限的U盘)，切换本地存储：/home/kongbin/record_backup
2026-06-21 18:01:48,393 - INFO - 【容量校验】全部录像总大小:0.83GB，上限阈值:4GB
2026-06-21 18:02:18,085 - WARNING - 【存储切换】U盘不可用(未找到拥有写入权限的U盘)，切换本地存储：/home/kongbin/record_backup
2026-06-21 18:02:18,386 - INFO - 【容量校验】全部录像总大小:0.83GB，上限阈值:4GB
2026-06-21 18:02:48,084 - WARNING - 【存储切换】U盘不可用(未找到拥有写入权限的U盘)，切换本地存储：/home/kongbin/record_backup
2026-06-21 18:02:48,385 - INFO - 【容量校验】全部录像总大小:0.83GB，上限阈值:4GB
2026-06-21 18:03:18,081 - WARNING - 【存储切换】U盘不可用(未找到拥有写入权限的U盘)，切换本地存储：/home/kongbin/record_backup
2026-06-21 18:03:18,382 - INFO - 【容量校验】全部录像总大小:0.83GB，上限阈值:4GB
2026-06-21 18:03:48,079 - WARNING - 【存储切换】U盘不可用(未找到拥有写入权限的U盘)，切换本地存储：/home/kongbin/record_backup
2026-06-21 18:03:48,380 - INFO - 【容量校验】全部录像总大小:0.83GB，上限阈值:4GB
2026-06-21 18:04:18,072 - WARNING - 【存储切换】U盘不可用(未找到拥有写入权限的U盘)，切换本地存储：/home/kongbin/record_backup
2026-06-21 18:04:18,373 - INFO - 【容量校验】全部录像总大小:0.83GB，上限阈值:4GB
2026-06-21 18:04:48,064 - WARNING - 【存储切换】U盘不可用(未找到拥有写入权限的U盘)，切换本地存储：/home/kongbin/record_backup
2026-06-21 18:04:48,365 - INFO - 【容量校验】全部录像总大小:0.83GB，上限阈值:4GB
2026-06-21 18:05:18,088 - WARNING - 【存储切换】U盘不可用(未找到拥有写入权限的U盘)，切换本地存储：/home/kongbin/record_backup
2026-06-21 18:05:18,389 - INFO - 【容量校验】全部录像总大小:0.83GB，上限阈值:4GB
2026-06-21 18:05:48,091 - WARNING - 【存储切换】U盘不可用(未找到拥有写入权限的U盘)，切换本地存储：/home/kongbin/record_backup
2026-06-21 18:05:48,392 - INFO - 【容量校验】全部录像总大小:0.83GB，上限阈值:4GB
2026-06-21 18:06:18,083 - WARNING - 【存储切换】U盘不可用(未找到拥有写入权限的U盘)，切换本地存储：/home/kongbin/record_backup
2026-06-21 18:06:18,384 - INFO - 【容量校验】全部录像总大小:0.83GB，上限阈值:4GB
2026-06-21 18:06:48,078 - WARNING - 【存储切换】U盘不可用(未找到拥有写入权限的U盘)，切换本地存储：/home/kongbin/record_backup
2026-06-21 18:06:48,379 - INFO - 【容量校验】全部录像总大小:0.83GB，上限阈值:4GB
2026-06-21 18:07:18,071 - WARNING - 【存储切换】U盘不可用(未找到拥有写入权限的U盘)，切换本地存储：/home/kongbin/record_backup
2026-06-21 18:07:18,372 - INFO - 【容量校验】全部录像总大小:0.83GB，上限阈值:4GB
2026-06-21 18:07:48,096 - WARNING - 【存储切换】U盘不可用(未找到拥有写入权限的U盘)，切换本地存储：/home/kongbin/record_backup
2026-06-21 18:07:48,397 - INFO - 【容量校验】全部录像总大小:0.83GB，上限阈值:4GB
2026-06-21 18:08:18,089 - WARNING - 【存储切换】U盘不可用(未找到拥有写入权限的U盘)，切换本地存储：/home/kongbin/record_backup
2026-06-21 18:08:18,390 - INFO - 【容量校验】全部录像总大小:0.83GB，上限阈值:4GB
2026-06-21 18:08:48,086 - WARNING - 【存储切换】U盘不可用(未找到拥有写入权限的U盘)，切换本地存储：/home/kongbin/record_backup
2026-06-21 18:08:48,387 - INFO - 【容量校验】全部录像总大小:0.83GB，上限阈值:4GB
2026-06-21 18:09:18,085 - WARNING - 【存储切换】U盘不可用(未找到拥有写入权限的U盘)，切换本地存储：/home/kongbin/record_backup
2026-06-21 18:09:18,386 - INFO - 【容量校验】全部录像总大小:0.83GB，上限阈值:4GB
2026-06-21 18:09:48,082 - WARNING - 【存储切换】U盘不可用(未找到拥有写入权限的U盘)，切换本地存储：/home/kongbin/record_backup
2026-06-21 18:09:48,383 - INFO - 【容量校验】全部录像总大小:0.83GB，上限阈值:4GB
2026-06-21 18:10:18,074 - WARNING - 【存储切换】U盘不可用(未找到拥有写入权限的U盘)，切换本地存储：/home/kongbin/record_backup
2026-06-21 18:10:18,375 - INFO - 【容量校验】全部录像总大小:0.83GB，上限阈值:4GB
2026-06-21 18:10:48,069 - WARNING - 【存储切换】U盘不可用(未找到拥有写入权限的U盘)，切换本地存储：/home/kongbin/record_backup
2026-06-21 18:10:48,370 - INFO - 【容量校验】全部录像总大小:0.83GB，上限阈值:4GB
2026-06-21 18:11:18,094 - WARNING - 【存储切换】U盘不可用(未找到拥有写入权限的U盘)，切换本地存储：/home/kongbin/record_backup
2026-06-21 18:11:18,395 - INFO - 【容量校验】全部录像总大小:0.83GB，上限阈值:4GB
2026-06-21 18:11:48,087 - WARNING - 【存储切换】U盘不可用(未找到拥有写入权限的U盘)，切换本地存储：/home/kongbin/record_backup
2026-06-21 18:11:48,388 - INFO - 【容量校验】全部录像总大小:0.83GB，上限阈值:4GB
2026-06-21 18:12:18,087 - WARNING - 【存储切换】U盘不可用(未找到拥有写入权限的U盘)，切换本地存储：/home/kongbin/record_backup
2026-06-21 18:12:18,388 - INFO - 【容量校验】全部录像总大小:0.83GB，上限阈值:4GB
2026-06-21 18:12:48,083 - WARNING - 【存储切换】U盘不可用(未找到拥有写入权限的U盘)，切换本地存储：/home/kongbin/record_backup
2026-06-21 18:12:48,384 - INFO - 【容量校验】全部录像总大小:0.83GB，上限阈值:4GB
2026-06-21 18:13:18,077 - WARNING - 【存储切换】U盘不可用(未找到拥有写入权限的U盘)，切换本地存储：/home/kongbin/record_backup
2026-06-21 18:13:18,379 - INFO - 【容量校验】全部录像总大小:0.83GB，上限阈值:4GB
2026-06-21 18:13:48,073 - WARNING - 【存储切换】U盘不可用(未找到拥有写入权限的U盘)，切换本地存储：/home/kongbin/record_backup
2026-06-21 18:13:48,374 - INFO - 【容量校验】全部录像总大小:0.83GB，上限阈值:4GB
2026-06-21 18:14:18,068 - WARNING - 【存储切换】U盘不可用(未找到拥有写入权限的U盘)，切换本地存储：/home/kongbin/record_backup
2026-06-21 18:14:18,369 - INFO - 【容量校验】全部录像总大小:0.83GB，上限阈值:4GB
2026-06-21 18:14:48,090 - WARNING - 【存储切换】U盘不可用(未找到拥有写入权限的U盘)，切换本地存储：/home/kongbin/record_backup
2026-06-21 18:14:48,391 - INFO - 【容量校验】全部录像总大小:0.83GB，上限阈值:4GB
2026-06-21 18:15:18,086 - WARNING - 【存储切换】U盘不可用(未找到拥有写入权限的U盘)，切换本地存储：/home/kongbin/record_backup
2026-06-21 18:15:18,386 - INFO - 【容量校验】全部录像总大小:0.83GB，上限阈值:4GB
2026-06-21 18:15:48,086 - WARNING - 【存储切换】U盘不可用(未找到拥有写入权限的U盘)，切换本地存储：/home/kongbin/record_backup
2026-06-21 18:15:48,387 - INFO - 【容量校验】全部录像总大小:0.83GB，上限阈值:4GB
2026-06-21 18:16:18,081 - WARNING - 【存储切换】U盘不可用(未找到拥有写入权限的U盘)，切换本地存储：/home/kongbin/record_backup
2026-06-21 18:16:18,383 - INFO - 【容量校验】全部录像总大小:0.83GB，上限阈值:4GB
2026-06-21 18:16:48,071 - WARNING - 【存储切换】U盘不可用(未找到拥有写入权限的U盘)，切换本地存储：/home/kongbin/record_backup
2026-06-21 18:16:48,372 - INFO - 【容量校验】全部录像总大小:0.83GB，上限阈值:4GB
2026-06-21 18:17:18,092 - WARNING - 【存储切换】U盘不可用(未找到拥有写入权限的U盘)，切换本地存储：/home/kongbin/record_backup
2026-06-21 18:17:18,393 - INFO - 【容量校验】全部录像总大小:0.83GB，上限阈值:4GB
2026-06-21 18:17:48,090 - WARNING - 【存储切换】U盘不可用(未找到拥有写入权限的U盘)，切换本地存储：/home/kongbin/record_backup
2026-06-21 18:17:48,391 - INFO - 【容量校验】全部录像总大小:0.83GB，上限阈值:4GB
2026-06-21 18:18:18,084 - WARNING - 【存储切换】U盘不可用(未找到拥有写入权限的U盘)，切换本地存储：/home/kongbin/record_backup
2026-06-21 18:18:18,385 - INFO - 【容量校验】全部录像总大小:0.83GB，上限阈值:4GB
2026-06-21 18:18:48,075 - WARNING - 【存储切换】U盘不可用(未找到拥有写入权限的U盘)，切换本地存储：/home/kongbin/record_backup
2026-06-21 18:18:48,376 - INFO - 【容量校验】全部录像总大小:0.83GB，上限阈值:4GB
2026-06-21 18:19:18,066 - WARNING - 【存储切换】U盘不可用(未找到拥有写入权限的U盘)，切换本地存储：/home/kongbin/record_backup
2026-06-21 18:19:18,368 - INFO - 【容量校验】全部录像总大小:0.83GB，上限阈值:4GB
2026-06-21 18:19:48,090 - WARNING - 【存储切换】U盘不可用(未找到拥有写入权限的U盘)，切换本地存储：/home/kongbin/record_backup
2026-06-21 18:19:48,391 - INFO - 【容量校验】全部录像总大小:0.83GB，上限阈值:4GB
2026-06-21 18:20:18,085 - WARNING - 【存储切换】U盘不可用(未找到拥有写入权限的U盘)，切换本地存储：/home/kongbin/record_backup
2026-06-21 18:20:18,386 - INFO - 【容量校验】全部录像总大小:0.83GB，上限阈值:4GB
2026-06-21 18:20:48,081 - WARNING - 【存储切换】U盘不可用(未找到拥有写入权限的U盘)，切换本地存储：/home/kongbin/record_backup
2026-06-21 18:20:48,382 - INFO - 【容量校验】全部录像总大小:0.83GB，上限阈值:4GB
2026-06-21 18:21:18,069 - WARNING - 【存储切换】U盘不可用(未找到拥有写入权限的U盘)，切换本地存储：/home/kongbin/record_backup
2026-06-21 18:21:18,370 - INFO - 【容量校验】全部录像总大小:0.83GB，上限阈值:4GB
2026-06-21 18:21:48,091 - WARNING - 【存储切换】U盘不可用(未找到拥有写入权限的U盘)，切换本地存储：/home/kongbin/record_backup
2026-06-21 18:21:48,392 - INFO - 【容量校验】全部录像总大小:0.83GB，上限阈值:4GB
2026-06-21 18:22:18,083 - WARNING - 【存储切换】U盘不可用(未找到拥有写入权限的U盘)，切换本地存储：/home/kongbin/record_backup
2026-06-21 18:22:18,384 - INFO - 【容量校验】全部录像总大小:0.83GB，上限阈值:4GB
2026-06-21 18:22:48,110 - WARNING - 【存储切换】U盘不可用(未找到拥有写入权限的U盘)，切换本地存储：/home/kongbin/record_backup
2026-06-21 18:22:48,412 - INFO - 【容量校验】全部录像总大小:0.83GB，上限阈值:4GB
2026-06-21 18:23:18,102 - WARNING - 【存储切换】U盘不可用(未找到拥有写入权限的U盘)，切换本地存储：/home/kongbin/record_backup
2026-06-21 18:23:18,403 - INFO - 【容量校验】全部录像总大小:0.83GB，上限阈值:4GB
2026-06-21 18:23:48,097 - WARNING - 【存储切换】U盘不可用(未找到拥有写入权限的U盘)，切换本地存储：/home/kongbin/record_backup
2026-06-21 18:23:48,398 - INFO - 【容量校验】全部录像总大小:0.83GB，上限阈值:4GB
2026-06-21 18:24:18,089 - WARNING - 【存储切换】U盘不可用(未找到拥有写入权限的U盘)，切换本地存储：/home/kongbin/record_backup
2026-06-21 18:24:18,390 - INFO - 【容量校验】全部录像总大小:0.83GB，上限阈值:4GB
2026-06-21 18:24:48,087 - WARNING - 【存储切换】U盘不可用(未找到拥有写入权限的U盘)，切换本地存储：/home/kongbin/record_backup
2026-06-21 18:24:48,388 - INFO - 【容量校验】全部录像总大小:0.83GB，上限阈值:4GB
2026-06-21 18:25:18,086 - WARNING - 【存储切换】U盘不可用(未找到拥有写入权限的U盘)，切换本地存储：/home/kongbin/record_backup
2026-06-21 18:25:18,387 - INFO - 【容量校验】全部录像总大小:0.83GB，上限阈值:4GB
2026-06-21 18:25:48,079 - WARNING - 【存储切换】U盘不可用(未找到拥有写入权限的U盘)，切换本地存储：/home/kongbin/record_backup
2026-06-21 18:25:48,380 - INFO - 【容量校验】全部录像总大小:0.83GB，上限阈值:4GB
2026-06-21 18:26:18,069 - WARNING - 【存储切换】U盘不可用(未找到拥有写入权限的U盘)，切换本地存储：/home/kongbin/record_backup
2026-06-21 18:26:18,370 - INFO - 【容量校验】全部录像总大小:0.83GB，上限阈值:4GB
2026-06-21 18:26:48,090 - WARNING - 【存储切换】U盘不可用(未找到拥有写入权限的U盘)，切换本地存储：/home/kongbin/record_backup
2026-06-21 18:26:48,391 - INFO - 【容量校验】全部录像总大小:0.83GB，上限阈值:4GB
2026-06-21 18:27:18,085 - WARNING - 【存储切换】U盘不可用(未找到拥有写入权限的U盘)，切换本地存储：/home/kongbin/record_backup
2026-06-21 18:27:18,385 - INFO - 【容量校验】全部录像总大小:0.83GB，上限阈值:4GB
2026-06-21 18:27:48,087 - WARNING - 【存储切换】U盘不可用(未找到拥有写入权限的U盘)，切换本地存储：/home/kongbin/record_backup
2026-06-21 18:27:48,388 - INFO - 【容量校验】全部录像总大小:0.83GB，上限阈值:4GB
2026-06-21 18:28:18,082 - WARNING - 【存储切换】U盘不可用(未找到拥有写入权限的U盘)，切换本地存储：/home/kongbin/record_backup
2026-06-21 18:28:18,383 - INFO - 【容量校验】全部录像总大小:0.83GB，上限阈值:4GB
2026-06-21 18:28:48,072 - WARNING - 【存储切换】U盘不可用(未找到拥有写入权限的U盘)，切换本地存储：/home/kongbin/record_backup
2026-06-21 18:28:48,373 - INFO - 【容量校验】全部录像总大小:0.83GB，上限阈值:4GB
2026-06-21 18:29:18,093 - WARNING - 【存储切换】U盘不可用(未找到拥有写入权限的U盘)，切换本地存储：/home/kongbin/record_backup
2026-06-21 18:29:18,394 - INFO - 【容量校验】全部录像总大小:0.83GB，上限阈值:4GB
2026-06-21 18:29:48,089 - WARNING - 【存储切换】U盘不可用(未找到拥有写入权限的U盘)，切换本地存储：/home/kongbin/record_backup
2026-06-21 18:29:48,390 - INFO - 【容量校验】全部录像总大小:0.83GB，上限阈值:4GB
2026-06-21 18:30:18,086 - WARNING - 【存储切换】U盘不可用(未找到拥有写入权限的U盘)，切换本地存储：/home/kongbin/record_backup
2026-06-21 18:30:18,387 - INFO - 【容量校验】全部录像总大小:0.83GB，上限阈值:4GB
2026-06-21 18:30:48,082 - WARNING - 【存储切换】U盘不可用(未找到拥有写入权限的U盘)，切换本地存储：/home/kongbin/record_backup
2026-06-21 18:30:48,383 - INFO - 【容量校验】全部录像总大小:0.83GB，上限阈值:4GB
2026-06-21 18:31:18,075 - WARNING - 【存储切换】U盘不可用(未找到拥有写入权限的U盘)，切换本地存储：/home/kongbin/record_backup
2026-06-21 18:31:18,376 - INFO - 【容量校验】全部录像总大小:0.83GB，上限阈值:4GB
2026-06-21 18:31:48,072 - WARNING - 【存储切换】U盘不可用(未找到拥有写入权限的U盘)，切换本地存储：/home/kongbin/record_backup
2026-06-21 18:31:48,373 - INFO - 【容量校验】全部录像总大小:0.83GB，上限阈值:4GB
2026-06-21 18:32:18,094 - WARNING - 【存储切换】U盘不可用(未找到拥有写入权限的U盘)，切换本地存储：/home/kongbin/record_backup
2026-06-21 18:32:18,395 - INFO - 【容量校验】全部录像总大小:0.83GB，上限阈值:4GB
2026-06-21 18:32:48,087 - WARNING - 【存储切换】U盘不可用(未找到拥有写入权限的U盘)，切换本地存储：/home/kongbin/record_backup
2026-06-21 18:32:48,388 - INFO - 【容量校验】全部录像总大小:0.83GB，上限阈值:4GB
2026-06-21 18:33:18,085 - WARNING - 【存储切换】U盘不可用(未找到拥有写入权限的U盘)，切换本地存储：/home/kongbin/record_backup
2026-06-21 18:33:18,386 - INFO - 【容量校验】全部录像总大小:0.83GB，上限阈值:4GB
2026-06-21 18:33:48,082 - WARNING - 【存储切换】U盘不可用(未找到拥有写入权限的U盘)，切换本地存储：/home/kongbin/record_backup
2026-06-21 18:33:48,383 - INFO - 【容量校验】全部录像总大小:0.83GB，上限阈值:4GB
2026-06-21 18:34:18,074 - WARNING - 【存储切换】U盘不可用(未找到拥有写入权限的U盘)，切换本地存储：/home/kongbin/record_backup
2026-06-21 18:34:18,375 - INFO - 【容量校验】全部录像总大小:0.83GB，上限阈值:4GB
2026-06-21 18:34:48,070 - WARNING - 【存储切换】U盘不可用(未找到拥有写入权限的U盘)，切换本地存储：/home/kongbin/record_backup
2026-06-21 18:34:48,371 - INFO - 【容量校验】全部录像总大小:0.83GB，上限阈值:4GB
2026-06-21 18:35:18,092 - WARNING - 【存储切换】U盘不可用(未找到拥有写入权限的U盘)，切换本地存储：/home/kongbin/record_backup
2026-06-21 18:35:18,392 - INFO - 【容量校验】全部录像总大小:0.83GB，上限阈值:4GB
2026-06-21 18:35:48,089 - WARNING - 【存储切换】U盘不可用(未找到拥有写入权限的U盘)，切换本地存储：/home/kongbin/record_backup
2026-06-21 18:35:48,390 - INFO - 【容量校验】全部录像总大小:0.83GB，上限阈值:4GB
2026-06-21 18:36:18,089 - WARNING - 【存储切换】U盘不可用(未找到拥有写入权限的U盘)，切换本地存储：/home/kongbin/record_backup
2026-06-21 18:36:18,390 - INFO - 【容量校验】全部录像总大小:0.83GB，上限阈值:4GB
2026-06-21 18:36:48,084 - WARNING - 【存储切换】U盘不可用(未找到拥有写入权限的U盘)，切换本地存储：/home/kongbin/record_backup
2026-06-21 18:36:48,385 - INFO - 【容量校验】全部录像总大小:0.83GB，上限阈值:4GB
2026-06-21 18:37:18,076 - WARNING - 【存储切换】U盘不可用(未找到拥有写入权限的U盘)，切换本地存储：/home/kongbin/record_backup
2026-06-21 18:37:18,377 - INFO - 【容量校验】全部录像总大小:0.83GB，上限阈值:4GB
2026-06-21 18:37:48,071 - WARNING - 【存储切换】U盘不可用(未找到拥有写入权限的U盘)，切换本地存储：/home/kongbin/record_backup
2026-06-21 18:37:48,372 - INFO - 【容量校验】全部录像总大小:0.83GB，上限阈值:4GB
2026-06-21 18:38:18,068 - WARNING - 【存储切换】U盘不可用(未找到拥有写入权限的U盘)，切换本地存储：/home/kongbin/record_backup
2026-06-21 18:38:18,369 - INFO - 【容量校验】全部录像总大小:0.83GB，上限阈值:4GB
2026-06-21 18:38:48,087 - WARNING - 【存储切换】U盘不可用(未找到拥有写入权限的U盘)，切换本地存储：/home/kongbin/record_backup
2026-06-21 18:38:48,388 - INFO - 【容量校验】全部录像总大小:0.83GB，上限阈值:4GB
2026-06-21 18:39:18,085 - WARNING - 【存储切换】U盘不可用(未找到拥有写入权限的U盘)，切换本地存储：/home/kongbin/record_backup
2026-06-21 18:39:18,387 - INFO - 【容量校验】全部录像总大小:0.83GB，上限阈值:4GB
2026-06-21 18:39:48,081 - WARNING - 【存储切换】U盘不可用(未找到拥有写入权限的U盘)，切换本地存储：/home/kongbin/record_backup
2026-06-21 18:39:48,382 - INFO - 【容量校验】全部录像总大小:0.83GB，上限阈值:4GB
2026-06-21 18:40:18,073 - WARNING - 【存储切换】U盘不可用(未找到拥有写入权限的U盘)，切换本地存储：/home/kongbin/record_backup
2026-06-21 18:40:18,375 - INFO - 【容量校验】全部录像总大小:0.83GB，上限阈值:4GB
2026-06-21 18:40:48,070 - WARNING - 【存储切换】U盘不可用(未找到拥有写入权限的U盘)，切换本地存储：/home/kongbin/record_backup
2026-06-21 18:40:48,371 - INFO - 【容量校验】全部录像总大小:0.83GB，上限阈值:4GB
2026-06-21 18:41:18,090 - WARNING - 【存储切换】U盘不可用(未找到拥有写入权限的U盘)，切换本地存储：/home/kongbin/record_backup
2026-06-21 18:41:18,391 - INFO - 【容量校验】全部录像总大小:0.83GB，上限阈值:4GB
2026-06-21 18:41:48,089 - WARNING - 【存储切换】U盘不可用(未找到拥有写入权限的U盘)，切换本地存储：/home/kongbin/record_backup
2026-06-21 18:41:48,390 - INFO - 【容量校验】全部录像总大小:0.83GB，上限阈值:4GB
2026-06-21 18:42:18,086 - WARNING - 【存储切换】U盘不可用(未找到拥有写入权限的U盘)，切换本地存储：/home/kongbin/record_backup
2026-06-21 18:42:18,387 - INFO - 【容量校验】全部录像总大小:0.83GB，上限阈值:4GB
2026-06-21 18:42:48,078 - WARNING - 【存储切换】U盘不可用(未找到拥有写入权限的U盘)，切换本地存储：/home/kongbin/record_backup
2026-06-21 18:42:48,379 - INFO - 【容量校验】全部录像总大小:0.83GB，上限阈值:4GB
2026-06-21 18:43:18,073 - WARNING - 【存储切换】U盘不可用(未找到拥有写入权限的U盘)，切换本地存储：/home/kongbin/record_backup
2026-06-21 18:43:18,374 - INFO - 【容量校验】全部录像总大小:0.83GB，上限阈值:4GB
2026-06-21 18:43:48,068 - WARNING - 【存储切换】U盘不可用(未找到拥有写入权限的U盘)，切换本地存储：/home/kongbin/record_backup
2026-06-21 18:43:48,369 - INFO - 【容量校验】全部录像总大小:0.83GB，上限阈值:4GB
2026-06-21 18:44:18,096 - WARNING - 【存储切换】U盘不可用(未找到拥有写入权限的U盘)，切换本地存储：/home/kongbin/record_backup
2026-06-21 18:44:18,397 - INFO - 【容量校验】全部录像总大小:0.83GB，上限阈值:4GB
2026-06-21 18:44:48,087 - WARNING - 【存储切换】U盘不可用(未找到拥有写入权限的U盘)，切换本地存储：/home/kongbin/record_backup
2026-06-21 18:44:48,389 - INFO - 【容量校验】全部录像总大小:0.83GB，上限阈值:4GB
2026-06-21 18:45:18,090 - WARNING - 【存储切换】U盘不可用(未找到拥有写入权限的U盘)，切换本地存储：/home/kongbin/record_backup
2026-06-21 18:45:18,391 - INFO - 【容量校验】全部录像总大小:0.83GB，上限阈值:4GB
2026-06-21 18:45:48,081 - WARNING - 【存储切换】U盘不可用(未找到拥有写入权限的U盘)，切换本地存储：/home/kongbin/record_backup
2026-06-21 18:45:48,382 - INFO - 【容量校验】全部录像总大小:0.83GB，上限阈值:4GB
2026-06-21 18:46:18,076 - WARNING - 【存储切换】U盘不可用(未找到拥有写入权限的U盘)，切换本地存储：/home/kongbin/record_backup
2026-06-21 18:46:18,377 - INFO - 【容量校验】全部录像总大小:0.83GB，上限阈值:4GB
2026-06-21 18:46:48,073 - WARNING - 【存储切换】U盘不可用(未找到拥有写入权限的U盘)，切换本地存储：/home/kongbin/record_backup
2026-06-21 18:46:48,374 - INFO - 【容量校验】全部录像总大小:0.83GB，上限阈值:4GB
2026-06-21 18:47:18,064 - WARNING - 【存储切换】U盘不可用(未找到拥有写入权限的U盘)，切换本地存储：/home/kongbin/record_backup
2026-06-21 18:47:18,365 - INFO - 【容量校验】全部录像总大小:0.83GB，上限阈值:4GB
2026-06-21 18:47:48,092 - WARNING - 【存储切换】U盘不可用(未找到拥有写入权限的U盘)，切换本地存储：/home/kongbin/record_backup
2026-06-21 18:47:48,393 - INFO - 【容量校验】全部录像总大小:0.83GB，上限阈值:4GB
2026-06-21 18:48:18,088 - WARNING - 【存储切换】U盘不可用(未找到拥有写入权限的U盘)，切换本地存储：/home/kongbin/record_backup
2026-06-21 18:48:18,388 - INFO - 【容量校验】全部录像总大小:0.83GB，上限阈值:4GB
2026-06-21 18:48:48,081 - WARNING - 【存储切换】U盘不可用(未找到拥有写入权限的U盘)，切换本地存储：/home/kongbin/record_backup
2026-06-21 18:48:48,382 - INFO - 【容量校验】全部录像总大小:0.83GB，上限阈值:4GB
2026-06-21 18:49:18,083 - WARNING - 【存储切换】U盘不可用(未找到拥有写入权限的U盘)，切换本地存储：/home/kongbin/record_backup
2026-06-21 18:49:18,384 - INFO - 【容量校验】全部录像总大小:0.83GB，上限阈值:4GB
2026-06-21 18:49:48,071 - WARNING - 【存储切换】U盘不可用(未找到拥有写入权限的U盘)，切换本地存储：/home/kongbin/record_backup
2026-06-21 18:49:48,372 - INFO - 【容量校验】全部录像总大小:0.83GB，上限阈值:4GB
2026-06-21 18:50:18,064 - WARNING - 【存储切换】U盘不可用(未找到拥有写入权限的U盘)，切换本地存储：/home/kongbin/record_backup
2026-06-21 18:50:18,365 - INFO - 【容量校验】全部录像总大小:0.83GB，上限阈值:4GB
2026-06-21 18:50:48,088 - WARNING - 【存储切换】U盘不可用(未找到拥有写入权限的U盘)，切换本地存储：/home/kongbin/record_backup
2026-06-21 18:50:48,389 - INFO - 【容量校验】全部录像总大小:0.83GB，上限阈值:4GB
2026-06-21 18:51:18,091 - WARNING - 【存储切换】U盘不可用(未找到拥有写入权限的U盘)，切换本地存储：/home/kongbin/record_backup
2026-06-21 18:51:18,392 - INFO - 【容量校验】全部录像总大小:0.83GB，上限阈值:4GB
2026-06-21 18:51:48,084 - WARNING - 【存储切换】U盘不可用(未找到拥有写入权限的U盘)，切换本地存储：/home/kongbin/record_backup
2026-06-21 18:51:48,385 - INFO - 【容量校验】全部录像总大小:0.83GB，上限阈值:4GB
2026-06-21 18:52:18,079 - WARNING - 【存储切换】U盘不可用(未找到拥有写入权限的U盘)，切换本地存储：/home/kongbin/record_backup
2026-06-21 18:52:18,380 - INFO - 【容量校验】全部录像总大小:0.83GB，上限阈值:4GB
2026-06-21 18:52:48,076 - WARNING - 【存储切换】U盘不可用(未找到拥有写入权限的U盘)，切换本地存储：/home/kongbin/record_backup
2026-06-21 18:52:48,377 - INFO - 【容量校验】全部录像总大小:0.83GB，上限阈值:4GB
2026-06-21 18:53:18,066 - WARNING - 【存储切换】U盘不可用(未找到拥有写入权限的U盘)，切换本地存储：/home/kongbin/record_backup
2026-06-21 18:53:18,367 - INFO - 【容量校验】全部录像总大小:0.83GB，上限阈值:4GB
2026-06-21 18:53:48,091 - WARNING - 【存储切换】U盘不可用(未找到拥有写入权限的U盘)，切换本地存储：/home/kongbin/record_backup
2026-06-21 18:53:48,392 - INFO - 【容量校验】全部录像总大小:0.83GB，上限阈值:4GB
2026-06-21 18:54:18,088 - WARNING - 【存储切换】U盘不可用(未找到拥有写入权限的U盘)，切换本地存储：/home/kongbin/record_backup
2026-06-21 18:54:18,389 - INFO - 【容量校验】全部录像总大小:0.83GB，上限阈值:4GB
2026-06-21 18:54:48,085 - WARNING - 【存储切换】U盘不可用(未找到拥有写入权限的U盘)，切换本地存储：/home/kongbin/record_backup
2026-06-21 18:54:48,386 - INFO - 【容量校验】全部录像总大小:0.83GB，上限阈值:4GB
2026-06-21 18:55:18,077 - WARNING - 【存储切换】U盘不可用(未找到拥有写入权限的U盘)，切换本地存储：/home/kongbin/record_backup
2026-06-21 18:55:18,379 - INFO - 【容量校验】全部录像总大小:0.83GB，上限阈值:4GB
2026-06-21 18:55:48,074 - WARNING - 【存储切换】U盘不可用(未找到拥有写入权限的U盘)，切换本地存储：/home/kongbin/record_backup
2026-06-21 18:55:48,375 - INFO - 【容量校验】全部录像总大小:0.83GB，上限阈值:4GB
2026-06-21 18:56:18,066 - WARNING - 【存储切换】U盘不可用(未找到拥有写入权限的U盘)，切换本地存储：/home/kongbin/record_backup
2026-06-21 18:56:18,367 - INFO - 【容量校验】全部录像总大小:0.83GB，上限阈值:4GB
2026-06-21 18:56:48,090 - WARNING - 【存储切换】U盘不可用(未找到拥有写入权限的U盘)，切换本地存储：/home/kongbin/record_backup
2026-06-21 18:56:48,391 - INFO - 【容量校验】全部录像总大小:0.83GB，上限阈值:4GB
2026-06-21 18:57:18,084 - WARNING - 【存储切换】U盘不可用(未找到拥有写入权限的U盘)，切换本地存储：/home/kongbin/record_backup
2026-06-21 18:57:18,385 - INFO - 【容量校验】全部录像总大小:0.83GB，上限阈值:4GB
2026-06-21 18:57:48,082 - WARNING - 【存储切换】U盘不可用(未找到拥有写入权限的U盘)，切换本地存储：/home/kongbin/record_backup
2026-06-21 18:57:48,383 - INFO - 【容量校验】全部录像总大小:0.83GB，上限阈值:4GB
2026-06-21 18:58:18,077 - WARNING - 【存储切换】U盘不可用(未找到拥有写入权限的U盘)，切换本地存储：/home/kongbin/record_backup
2026-06-21 18:58:18,378 - INFO - 【容量校验】全部录像总大小:0.83GB，上限阈值:4GB
2026-06-21 18:58:48,075 - WARNING - 【存储切换】U盘不可用(未找到拥有写入权限的U盘)，切换本地存储：/home/kongbin/record_backup
2026-06-21 18:58:48,376 - INFO - 【容量校验】全部录像总大小:0.83GB，上限阈值:4GB
2026-06-21 18:59:18,067 - WARNING - 【存储切换】U盘不可用(未找到拥有写入权限的U盘)，切换本地存储：/home/kongbin/record_backup
2026-06-21 18:59:18,368 - INFO - 【容量校验】全部录像总大小:0.83GB，上限阈值:4GB
2026-06-21 18:59:48,088 - WARNING - 【存储切换】U盘不可用(未找到拥有写入权限的U盘)，切换本地存储：/home/kongbin/record_backup
2026-06-21 18:59:48,389 - INFO - 【容量校验】全部录像总大小:0.83GB，上限阈值:4GB
2026-06-21 19:00:18,085 - WARNING - 【存储切换】U盘不可用(未找到拥有写入权限的U盘)，切换本地存储：/home/kongbin/record_backup
2026-06-21 19:00:18,386 - INFO - 【容量校验】全部录像总大小:0.83GB，上限阈值:4GB
2026-06-21 19:00:48,082 - WARNING - 【存储切换】U盘不可用(未找到拥有写入权限的U盘)，切换本地存储：/home/kongbin/record_backup
2026-06-21 19:00:48,383 - INFO - 【容量校验】全部录像总大小:0.83GB，上限阈值:4GB
2026-06-21 19:01:18,077 - WARNING - 【存储切换】U盘不可用(未找到拥有写入权限的U盘)，切换本地存储：/home/kongbin/record_backup
2026-06-21 19:01:18,378 - INFO - 【容量校验】全部录像总大小:0.83GB，上限阈值:4GB
2026-06-21 19:01:48,071 - WARNING - 【存储切换】U盘不可用(未找到拥有写入权限的U盘)，切换本地存储：/home/kongbin/record_backup
2026-06-21 19:01:48,372 - INFO - 【容量校验】全部录像总大小:0.83GB，上限阈值:4GB
2026-06-21 19:02:18,094 - WARNING - 【存储切换】U盘不可用(未找到拥有写入权限的U盘)，切换本地存储：/home/kongbin/record_backup
2026-06-21 19:02:18,395 - INFO - 【容量校验】全部录像总大小:0.83GB，上限阈值:4GB
2026-06-21 19:02:48,088 - WARNING - 【存储切换】U盘不可用(未找到拥有写入权限的U盘)，切换本地存储：/home/kongbin/record_backup
2026-06-21 19:02:48,388 - INFO - 【容量校验】全部录像总大小:0.83GB，上限阈值:4GB
2026-06-21 19:03:18,087 - WARNING - 【存储切换】U盘不可用(未找到拥有写入权限的U盘)，切换本地存储：/home/kongbin/record_backup
2026-06-21 19:03:18,388 - INFO - 【容量校验】全部录像总大小:0.83GB，上限阈值:4GB
2026-06-21 19:03:48,083 - WARNING - 【存储切换】U盘不可用(未找到拥有写入权限的U盘)，切换本地存储：/home/kongbin/record_backup
2026-06-21 19:03:48,384 - INFO - 【容量校验】全部录像总大小:0.83GB，上限阈值:4GB
2026-06-21 19:04:18,076 - WARNING - 【存储切换】U盘不可用(未找到拥有写入权限的U盘)，切换本地存储：/home/kongbin/record_backup
2026-06-21 19:04:18,378 - INFO - 【容量校验】全部录像总大小:0.83GB，上限阈值:4GB
2026-06-21 19:04:48,072 - WARNING - 【存储切换】U盘不可用(未找到拥有写入权限的U盘)，切换本地存储：/home/kongbin/record_backup
2026-06-21 19:04:48,373 - INFO - 【容量校验】全部录像总大小:0.83GB，上限阈值:4GB
2026-06-21 19:05:18,069 - WARNING - 【存储切换】U盘不可用(未找到拥有写入权限的U盘)，切换本地存储：/home/kongbin/record_backup
2026-06-21 19:05:18,370 - INFO - 【容量校验】全部录像总大小:0.83GB，上限阈值:4GB
2026-06-21 19:05:48,092 - WARNING - 【存储切换】U盘不可用(未找到拥有写入权限的U盘)，切换本地存储：/home/kongbin/record_backup
2026-06-21 19:05:48,393 - INFO - 【容量校验】全部录像总大小:0.83GB，上限阈值:4GB
2026-06-21 19:06:18,083 - WARNING - 【存储切换】U盘不可用(未找到拥有写入权限的U盘)，切换本地存储：/home/kongbin/record_backup
2026-06-21 19:06:18,384 - INFO - 【容量校验】全部录像总大小:0.83GB，上限阈值:4GB
2026-06-21 19:06:48,112 - WARNING - 【存储切换】U盘不可用(未找到拥有写入权限的U盘)，切换本地存储：/home/kongbin/record_backup
2026-06-21 19:06:48,412 - INFO - 【容量校验】全部录像总大小:0.83GB，上限阈值:4GB
2026-06-21 19:07:18,106 - WARNING - 【存储切换】U盘不可用(未找到拥有写入权限的U盘)，切换本地存储：/home/kongbin/record_backup
2026-06-21 19:07:18,408 - INFO - 【容量校验】全部录像总大小:0.83GB，上限阈值:4GB
2026-06-21 19:07:48,103 - WARNING - 【存储切换】U盘不可用(未找到拥有写入权限的U盘)，切换本地存储：/home/kongbin/record_backup
2026-06-21 19:07:48,404 - INFO - 【容量校验】全部录像总大小:0.83GB，上限阈值:4GB
2026-06-21 19:08:18,097 - WARNING - 【存储切换】U盘不可用(未找到拥有写入权限的U盘)，切换本地存储：/home/kongbin/record_backup
2026-06-21 19:08:18,398 - INFO - 【容量校验】全部录像总大小:0.83GB，上限阈值:4GB
2026-06-21 19:08:48,094 - WARNING - 【存储切换】U盘不可用(未找到拥有写入权限的U盘)，切换本地存储：/home/kongbin/record_backup
2026-06-21 19:08:48,395 - INFO - 【容量校验】全部录像总大小:0.83GB，上限阈值:4GB
2026-06-21 19:09:18,087 - WARNING - 【存储切换】U盘不可用(未找到拥有写入权限的U盘)，切换本地存储：/home/kongbin/record_backup
2026-06-21 19:09:18,388 - INFO - 【容量校验】全部录像总大小:0.83GB，上限阈值:4GB
2026-06-21 19:09:48,084 - WARNING - 【存储切换】U盘不可用(未找到拥有写入权限的U盘)，切换本地存储：/home/kongbin/record_backup
2026-06-21 19:09:48,386 - INFO - 【容量校验】全部录像总大小:0.83GB，上限阈值:4GB
2026-06-21 19:10:18,082 - WARNING - 【存储切换】U盘不可用(未找到拥有写入权限的U盘)，切换本地存储：/home/kongbin/record_backup
2026-06-21 19:10:18,383 - INFO - 【容量校验】全部录像总大小:0.83GB，上限阈值:4GB
2026-06-21 19:10:48,075 - WARNING - 【存储切换】U盘不可用(未找到拥有写入权限的U盘)，切换本地存储：/home/kongbin/record_backup
2026-06-21 19:10:48,376 - INFO - 【容量校验】全部录像总大小:0.83GB，上限阈值:4GB
2026-06-21 19:11:18,071 - WARNING - 【存储切换】U盘不可用(未找到拥有写入权限的U盘)，切换本地存储：/home/kongbin/record_backup
2026-06-21 19:11:18,372 - INFO - 【容量校验】全部录像总大小:0.83GB，上限阈值:4GB
2026-06-21 19:11:48,094 - WARNING - 【存储切换】U盘不可用(未找到拥有写入权限的U盘)，切换本地存储：/home/kongbin/record_backup
2026-06-21 19:11:48,395 - INFO - 【容量校验】全部录像总大小:0.83GB，上限阈值:4GB
2026-06-21 19:12:18,088 - WARNING - 【存储切换】U盘不可用(未找到拥有写入权限的U盘)，切换本地存储：/home/kongbin/record_backup
2026-06-21 19:12:18,389 - INFO - 【容量校验】全部录像总大小:0.83GB，上限阈值:4GB
2026-06-21 19:12:48,084 - WARNING - 【存储切换】U盘不可用(未找到拥有写入权限的U盘)，切换本地存储：/home/kongbin/record_backup
2026-06-21 19:12:48,385 - INFO - 【容量校验】全部录像总大小:0.83GB，上限阈值:4GB
2026-06-21 19:13:18,082 - WARNING - 【存储切换】U盘不可用(未找到拥有写入权限的U盘)，切换本地存储：/home/kongbin/record_backup
2026-06-21 19:13:18,383 - INFO - 【容量校验】全部录像总大小:0.83GB，上限阈值:4GB
2026-06-21 19:13:48,079 - WARNING - 【存储切换】U盘不可用(未找到拥有写入权限的U盘)，切换本地存储：/home/kongbin/record_backup
2026-06-21 19:13:48,380 - INFO - 【容量校验】全部录像总大小:0.83GB，上限阈值:4GB
2026-06-21 19:14:18,074 - WARNING - 【存储切换】U盘不可用(未找到拥有写入权限的U盘)，切换本地存储：/home/kongbin/record_backup
2026-06-21 19:14:18,375 - INFO - 【容量校验】全部录像总大小:0.83GB，上限阈值:4GB
2026-06-21 19:14:48,065 - WARNING - 【存储切换】U盘不可用(未找到拥有写入权限的U盘)，切换本地存储：/home/kongbin/record_backup
2026-06-21 19:14:48,367 - INFO - 【容量校验】全部录像总大小:0.83GB，上限阈值:4GB
2026-06-21 19:15:18,091 - WARNING - 【存储切换】U盘不可用(未找到拥有写入权限的U盘)，切换本地存储：/home/kongbin/record_backup
2026-06-21 19:15:18,391 - INFO - 【容量校验】全部录像总大小:0.83GB，上限阈值:4GB
2026-06-21 19:15:48,089 - WARNING - 【存储切换】U盘不可用(未找到拥有写入权限的U盘)，切换本地存储：/home/kongbin/record_backup
2026-06-21 19:15:48,390 - INFO - 【容量校验】全部录像总大小:0.83GB，上限阈值:4GB
2026-06-21 19:16:18,087 - WARNING - 【存储切换】U盘不可用(未找到拥有写入权限的U盘)，切换本地存储：/home/kongbin/record_backup
2026-06-21 19:16:18,388 - INFO - 【容量校验】全部录像总大小:0.83GB，上限阈值:4GB
2026-06-21 19:16:48,079 - WARNING - 【存储切换】U盘不可用(未找到拥有写入权限的U盘)，切换本地存储：/home/kongbin/record_backup
2026-06-21 19:16:48,381 - INFO - 【容量校验】全部录像总大小:0.83GB，上限阈值:4GB
2026-06-21 19:17:18,073 - WARNING - 【存储切换】U盘不可用(未找到拥有写入权限的U盘)，切换本地存储：/home/kongbin/record_backup
2026-06-21 19:17:18,374 - INFO - 【容量校验】全部录像总大小:0.83GB，上限阈值:4GB
2026-06-21 19:17:48,069 - WARNING - 【存储切换】U盘不可用(未找到拥有写入权限的U盘)，切换本地存储：/home/kongbin/record_backup
2026-06-21 19:17:48,370 - INFO - 【容量校验】全部录像总大小:0.83GB，上限阈值:4GB
2026-06-21 19:18:18,090 - WARNING - 【存储切换】U盘不可用(未找到拥有写入权限的U盘)，切换本地存储：/home/kongbin/record_backup
2026-06-21 19:18:18,391 - INFO - 【容量校验】全部录像总大小:0.83GB，上限阈值:4GB
2026-06-21 19:18:48,083 - WARNING - 【存储切换】U盘不可用(未找到拥有写入权限的U盘)，切换本地存储：/home/kongbin/record_backup
2026-06-21 19:18:48,384 - INFO - 【容量校验】全部录像总大小:0.83GB，上限阈值:4GB
2026-06-21 19:19:18,114 - WARNING - 【存储切换】U盘不可用(未找到拥有写入权限的U盘)，切换本地存储：/home/kongbin/record_backup
2026-06-21 19:19:18,415 - INFO - 【容量校验】全部录像总大小:0.83GB，上限阈值:4GB
2026-06-21 19:19:48,077 - WARNING - 【存储切换】U盘不可用(未找到拥有写入权限的U盘)，切换本地存储：/home/kongbin/record_backup
2026-06-21 19:19:48,378 - INFO - 【容量校验】全部录像总大小:0.83GB，上限阈值:4GB
2026-06-21 19:20:18,072 - WARNING - 【存储切换】U盘不可用(未找到拥有写入权限的U盘)，切换本地存储：/home/kongbin/record_backup
2026-06-21 19:20:18,373 - INFO - 【容量校验】全部录像总大小:0.83GB，上限阈值:4GB
2026-06-21 19:20:48,096 - WARNING - 【存储切换】U盘不可用(未找到拥有写入权限的U盘)，切换本地存储：/home/kongbin/record_backup
2026-06-21 19:20:48,397 - INFO - 【容量校验】全部录像总大小:0.83GB，上限阈值:4GB
2026-06-21 19:21:18,093 - WARNING - 【存储切换】U盘不可用(未找到拥有写入权限的U盘)，切换本地存储：/home/kongbin/record_backup
2026-06-21 19:21:18,394 - INFO - 【容量校验】全部录像总大小:0.83GB，上限阈值:4GB
2026-06-21 19:21:48,086 - WARNING - 【存储切换】U盘不可用(未找到拥有写入权限的U盘)，切换本地存储：/home/kongbin/record_backup
2026-06-21 19:21:48,387 - INFO - 【容量校验】全部录像总大小:0.83GB，上限阈值:4GB
2026-06-21 19:22:18,084 - WARNING - 【存储切换】U盘不可用(未找到拥有写入权限的U盘)，切换本地存储：/home/kongbin/record_backup
2026-06-21 19:22:18,385 - INFO - 【容量校验】全部录像总大小:0.83GB，上限阈值:4GB
2026-06-21 19:22:48,080 - WARNING - 【存储切换】U盘不可用(未找到拥有写入权限的U盘)，切换本地存储：/home/kongbin/record_backup
2026-06-21 19:22:48,381 - INFO - 【容量校验】全部录像总大小:0.83GB，上限阈值:4GB
2026-06-21 19:23:18,074 - WARNING - 【存储切换】U盘不可用(未找到拥有写入权限的U盘)，切换本地存储：/home/kongbin/record_backup
2026-06-21 19:23:18,375 - INFO - 【容量校验】全部录像总大小:0.83GB，上限阈值:4GB
2026-06-21 19:23:48,073 - WARNING - 【存储切换】U盘不可用(未找到拥有写入权限的U盘)，切换本地存储：/home/kongbin/record_backup
2026-06-21 19:23:48,374 - INFO - 【容量校验】全部录像总大小:0.83GB，上限阈值:4GB
2026-06-21 19:24:18,064 - WARNING - 【存储切换】U盘不可用(未找到拥有写入权限的U盘)，切换本地存储：/home/kongbin/record_backup
2026-06-21 19:24:18,365 - INFO - 【容量校验】全部录像总大小:0.83GB，上限阈值:4GB
2026-06-21 19:24:48,086 - WARNING - 【存储切换】U盘不可用(未找到拥有写入权限的U盘)，切换本地存储：/home/kongbin/record_backup
2026-06-21 19:24:48,386 - INFO - 【容量校验】全部录像总大小:0.83GB，上限阈值:4GB
2026-06-21 19:25:18,086 - WARNING - 【存储切换】U盘不可用(未找到拥有写入权限的U盘)，切换本地存储：/home/kongbin/record_backup
2026-06-21 19:25:18,387 - INFO - 【容量校验】全部录像总大小:0.83GB，上限阈值:4GB
2026-06-21 19:25:48,076 - WARNING - 【存储切换】U盘不可用(未找到拥有写入权限的U盘)，切换本地存储：/home/kongbin/record_backup
2026-06-21 19:25:48,377 - INFO - 【容量校验】全部录像总大小:0.83GB，上限阈值:4GB
2026-06-21 19:26:18,075 - WARNING - 【存储切换】U盘不可用(未找到拥有写入权限的U盘)，切换本地存储：/home/kongbin/record_backup
2026-06-21 19:26:18,376 - INFO - 【容量校验】全部录像总大小:0.83GB，上限阈值:4GB
2026-06-21 19:26:48,064 - WARNING - 【存储切换】U盘不可用(未找到拥有写入权限的U盘)，切换本地存储：/home/kongbin/record_backup
2026-06-21 19:26:48,365 - INFO - 【容量校验】全部录像总大小:0.83GB，上限阈值:4GB
2026-06-21 19:27:18,084 - WARNING - 【存储切换】U盘不可用(未找到拥有写入权限的U盘)，切换本地存储：/home/kongbin/record_backup
2026-06-21 19:27:18,385 - INFO - 【容量校验】全部录像总大小:0.83GB，上限阈值:4GB
2026-06-21 19:27:48,083 - WARNING - 【存储切换】U盘不可用(未找到拥有写入权限的U盘)，切换本地存储：/home/kongbin/record_backup
2026-06-21 19:27:48,385 - INFO - 【容量校验】全部录像总大小:0.83GB，上限阈值:4GB
2026-06-21 19:28:18,076 - WARNING - 【存储切换】U盘不可用(未找到拥有写入权限的U盘)，切换本地存储：/home/kongbin/record_backup
2026-06-21 19:28:18,377 - INFO - 【容量校验】全部录像总大小:0.83GB，上限阈值:4GB
2026-06-21 19:28:48,072 - WARNING - 【存储切换】U盘不可用(未找到拥有写入权限的U盘)，切换本地存储：/home/kongbin/record_backup
2026-06-21 19:28:48,373 - INFO - 【容量校验】全部录像总大小:0.83GB，上限阈值:4GB
2026-06-21 19:29:18,063 - WARNING - 【存储切换】U盘不可用(未找到拥有写入权限的U盘)，切换本地存储：/home/kongbin/record_backup
2026-06-21 19:29:18,364 - INFO - 【容量校验】全部录像总大小:0.83GB，上限阈值:4GB
2026-06-21 19:29:48,089 - WARNING - 【存储切换】U盘不可用(未找到拥有写入权限的U盘)，切换本地存储：/home/kongbin/record_backup
2026-06-21 19:29:48,390 - INFO - 【容量校验】全部录像总大小:0.83GB，上限阈值:4GB
2026-06-21 19:30:18,085 - WARNING - 【存储切换】U盘不可用(未找到拥有写入权限的U盘)，切换本地存储：/home/kongbin/record_backup
2026-06-21 19:30:18,386 - INFO - 【容量校验】全部录像总大小:0.83GB，上限阈值:4GB
2026-06-21 19:30:48,078 - WARNING - 【存储切换】U盘不可用(未找到拥有写入权限的U盘)，切换本地存储：/home/kongbin/record_backup
2026-06-21 19:30:48,380 - INFO - 【容量校验】全部录像总大小:0.83GB，上限阈值:4GB
2026-06-21 19:31:18,074 - WARNING - 【存储切换】U盘不可用(未找到拥有写入权限的U盘)，切换本地存储：/home/kongbin/record_backup
2026-06-21 19:31:18,375 - INFO - 【容量校验】全部录像总大小:0.83GB，上限阈值:4GB
2026-06-21 19:31:48,066 - WARNING - 【存储切换】U盘不可用(未找到拥有写入权限的U盘)，切换本地存储：/home/kongbin/record_backup
2026-06-21 19:31:48,367 - INFO - 【容量校验】全部录像总大小:0.83GB，上限阈值:4GB
2026-06-21 19:32:18,087 - WARNING - 【存储切换】U盘不可用(未找到拥有写入权限的U盘)，切换本地存储：/home/kongbin/record_backup
2026-06-21 19:32:18,389 - INFO - 【容量校验】全部录像总大小:0.83GB，上限阈值:4GB
2026-06-21 19:32:48,086 - WARNING - 【存储切换】U盘不可用(未找到拥有写入权限的U盘)，切换本地存储：/home/kongbin/record_backup
2026-06-21 19:32:48,388 - INFO - 【容量校验】全部录像总大小:0.83GB，上限阈值:4GB
2026-06-21 19:33:18,081 - WARNING - 【存储切换】U盘不可用(未找到拥有写入权限的U盘)，切换本地存储：/home/kongbin/record_backup
2026-06-21 19:33:18,383 - INFO - 【容量校验】全部录像总大小:0.83GB，上限阈值:4GB
2026-06-21 19:33:48,074 - WARNING - 【存储切换】U盘不可用(未找到拥有写入权限的U盘)，切换本地存储：/home/kongbin/record_backup
2026-06-21 19:33:48,376 - INFO - 【容量校验】全部录像总大小:0.83GB，上限阈值:4GB
2026-06-21 19:34:18,067 - WARNING - 【存储切换】U盘不可用(未找到拥有写入权限的U盘)，切换本地存储：/home/kongbin/record_backup
2026-06-21 19:34:18,369 - INFO - 【容量校验】全部录像总大小:0.83GB，上限阈值:4GB
2026-06-21 19:34:48,089 - WARNING - 【存储切换】U盘不可用(未找到拥有写入权限的U盘)，切换本地存储：/home/kongbin/record_backup
2026-06-21 19:34:48,390 - INFO - 【容量校验】全部录像总大小:0.83GB，上限阈值:4GB
2026-06-21 19:35:18,086 - WARNING - 【存储切换】U盘不可用(未找到拥有写入权限的U盘)，切换本地存储：/home/kongbin/record_backup
2026-06-21 19:35:18,387 - INFO - 【容量校验】全部录像总大小:0.83GB，上限阈值:4GB
2026-06-21 19:35:48,080 - WARNING - 【存储切换】U盘不可用(未找到拥有写入权限的U盘)，切换本地存储：/home/kongbin/record_backup
2026-06-21 19:35:48,381 - INFO - 【容量校验】全部录像总大小:0.83GB，上限阈值:4GB
2026-06-21 19:36:18,077 - WARNING - 【存储切换】U盘不可用(未找到拥有写入权限的U盘)，切换本地存储：/home/kongbin/record_backup
2026-06-21 19:36:18,378 - INFO - 【容量校验】全部录像总大小:0.83GB，上限阈值:4GB
2026-06-21 19:36:48,070 - WARNING - 【存储切换】U盘不可用(未找到拥有写入权限的U盘)，切换本地存储：/home/kongbin/record_backup
2026-06-21 19:36:48,371 - INFO - 【容量校验】全部录像总大小:0.83GB，上限阈值:4GB
2026-06-21 19:37:18,092 - WARNING - 【存储切换】U盘不可用(未找到拥有写入权限的U盘)，切换本地存储：/home/kongbin/record_backup
2026-06-21 19:37:18,394 - INFO - 【容量校验】全部录像总大小:0.83GB，上限阈值:4GB
2026-06-21 19:37:48,087 - WARNING - 【存储切换】U盘不可用(未找到拥有写入权限的U盘)，切换本地存储：/home/kongbin/record_backup
2026-06-21 19:37:48,388 - INFO - 【容量校验】全部录像总大小:0.83GB，上限阈值:4GB
2026-06-21 19:38:18,084 - WARNING - 【存储切换】U盘不可用(未找到拥有写入权限的U盘)，切换本地存储：/home/kongbin/record_backup
2026-06-21 19:38:18,385 - INFO - 【容量校验】全部录像总大小:0.83GB，上限阈值:4GB
2026-06-21 19:38:48,078 - WARNING - 【存储切换】U盘不可用(未找到拥有写入权限的U盘)，切换本地存储：/home/kongbin/record_backup
2026-06-21 19:38:48,379 - INFO - 【容量校验】全部录像总大小:0.83GB，上限阈值:4GB
2026-06-21 19:39:18,073 - WARNING - 【存储切换】U盘不可用(未找到拥有写入权限的U盘)，切换本地存储：/home/kongbin/record_backup
2026-06-21 19:39:18,374 - INFO - 【容量校验】全部录像总大小:0.83GB，上限阈值:4GB
2026-06-21 19:39:48,066 - WARNING - 【存储切换】U盘不可用(未找到拥有写入权限的U盘)，切换本地存储：/home/kongbin/record_backup
2026-06-21 19:39:48,367 - INFO - 【容量校验】全部录像总大小:0.83GB，上限阈值:4GB
2026-06-21 19:40:18,088 - WARNING - 【存储切换】U盘不可用(未找到拥有写入权限的U盘)，切换本地存储：/home/kongbin/record_backup
2026-06-21 19:40:18,389 - INFO - 【容量校验】全部录像总大小:0.83GB，上限阈值:4GB
2026-06-21 19:40:48,088 - WARNING - 【存储切换】U盘不可用(未找到拥有写入权限的U盘)，切换本地存储：/home/kongbin/record_backup
2026-06-21 19:40:48,389 - INFO - 【容量校验】全部录像总大小:0.83GB，上限阈值:4GB
2026-06-21 19:41:18,082 - WARNING - 【存储切换】U盘不可用(未找到拥有写入权限的U盘)，切换本地存储：/home/kongbin/record_backup
2026-06-21 19:41:18,383 - INFO - 【容量校验】全部录像总大小:0.83GB，上限阈值:4GB
2026-06-21 19:41:48,077 - WARNING - 【存储切换】U盘不可用(未找到拥有写入权限的U盘)，切换本地存储：/home/kongbin/record_backup
2026-06-21 19:41:48,378 - INFO - 【容量校验】全部录像总大小:0.83GB，上限阈值:4GB
2026-06-21 19:42:18,071 - WARNING - 【存储切换】U盘不可用(未找到拥有写入权限的U盘)，切换本地存储：/home/kongbin/record_backup
2026-06-21 19:42:18,372 - INFO - 【容量校验】全部录像总大小:0.83GB，上限阈值:4GB
2026-06-21 19:42:48,067 - WARNING - 【存储切换】U盘不可用(未找到拥有写入权限的U盘)，切换本地存储：/home/kongbin/record_backup
2026-06-21 19:42:48,369 - INFO - 【容量校验】全部录像总大小:0.83GB，上限阈值:4GB
2026-06-21 19:43:18,087 - WARNING - 【存储切换】U盘不可用(未找到拥有写入权限的U盘)，切换本地存储：/home/kongbin/record_backup
2026-06-21 19:43:18,388 - INFO - 【容量校验】全部录像总大小:0.83GB，上限阈值:4GB
2026-06-21 19:43:48,087 - WARNING - 【存储切换】U盘不可用(未找到拥有写入权限的U盘)，切换本地存储：/home/kongbin/record_backup
2026-06-21 19:43:48,389 - INFO - 【容量校验】全部录像总大小:0.83GB，上限阈值:4GB
2026-06-21 19:44:18,082 - WARNING - 【存储切换】U盘不可用(未找到拥有写入权限的U盘)，切换本地存储：/home/kongbin/record_backup
2026-06-21 19:44:18,383 - INFO - 【容量校验】全部录像总大小:0.83GB，上限阈值:4GB
2026-06-21 19:44:48,076 - WARNING - 【存储切换】U盘不可用(未找到拥有写入权限的U盘)，切换本地存储：/home/kongbin/record_backup
2026-06-21 19:44:48,378 - INFO - 【容量校验】全部录像总大小:0.83GB，上限阈值:4GB
2026-06-21 19:45:18,068 - WARNING - 【存储切换】U盘不可用(未找到拥有写入权限的U盘)，切换本地存储：/home/kongbin/record_backup
2026-06-21 19:45:18,369 - INFO - 【容量校验】全部录像总大小:0.83GB，上限阈值:4GB
2026-06-21 19:45:48,094 - WARNING - 【存储切换】U盘不可用(未找到拥有写入权限的U盘)，切换本地存储：/home/kongbin/record_backup
2026-06-21 19:45:48,395 - INFO - 【容量校验】全部录像总大小:0.83GB，上限阈值:4GB
2026-06-21 19:46:18,089 - WARNING - 【存储切换】U盘不可用(未找到拥有写入权限的U盘)，切换本地存储：/home/kongbin/record_backup
2026-06-21 19:46:18,390 - INFO - 【容量校验】全部录像总大小:0.83GB，上限阈值:4GB
2026-06-21 19:46:48,088 - WARNING - 【存储切换】U盘不可用(未找到拥有写入权限的U盘)，切换本地存储：/home/kongbin/record_backup
2026-06-21 19:46:48,389 - INFO - 【容量校验】全部录像总大小:0.83GB，上限阈值:4GB
2026-06-21 19:47:18,083 - WARNING - 【存储切换】U盘不可用(未找到拥有写入权限的U盘)，切换本地存储：/home/kongbin/record_backup
2026-06-21 19:47:18,384 - INFO - 【容量校验】全部录像总大小:0.83GB，上限阈值:4GB
2026-06-21 19:47:48,075 - WARNING - 【存储切换】U盘不可用(未找到拥有写入权限的U盘)，切换本地存储：/home/kongbin/record_backup
2026-06-21 19:47:48,376 - INFO - 【容量校验】全部录像总大小:0.83GB，上限阈值:4GB
2026-06-21 19:48:18,069 - WARNING - 【存储切换】U盘不可用(未找到拥有写入权限的U盘)，切换本地存储：/home/kongbin/record_backup
2026-06-21 19:48:18,370 - INFO - 【容量校验】全部录像总大小:0.83GB，上限阈值:4GB
2026-06-21 19:48:48,091 - WARNING - 【存储切换】U盘不可用(未找到拥有写入权限的U盘)，切换本地存储：/home/kongbin/record_backup
2026-06-21 19:48:48,392 - INFO - 【容量校验】全部录像总大小:0.83GB，上限阈值:4GB
2026-06-21 19:49:18,088 - WARNING - 【存储切换】U盘不可用(未找到拥有写入权限的U盘)，切换本地存储：/home/kongbin/record_backup
2026-06-21 19:49:18,389 - INFO - 【容量校验】全部录像总大小:0.83GB，上限阈值:4GB
2026-06-21 19:49:48,086 - WARNING - 【存储切换】U盘不可用(未找到拥有写入权限的U盘)，切换本地存储：/home/kongbin/record_backup
2026-06-21 19:49:48,387 - INFO - 【容量校验】全部录像总大小:0.83GB，上限阈值:4GB
2026-06-21 19:50:18,080 - WARNING - 【存储切换】U盘不可用(未找到拥有写入权限的U盘)，切换本地存储：/home/kongbin/record_backup
2026-06-21 19:50:18,381 - INFO - 【容量校验】全部录像总大小:0.83GB，上限阈值:4GB
2026-06-21 19:50:48,074 - WARNING - 【存储切换】U盘不可用(未找到拥有写入权限的U盘)，切换本地存储：/home/kongbin/record_backup
2026-06-21 19:50:48,375 - INFO - 【容量校验】全部录像总大小:0.83GB，上限阈值:4GB
2026-06-21 19:51:18,067 - WARNING - 【存储切换】U盘不可用(未找到拥有写入权限的U盘)，切换本地存储：/home/kongbin/record_backup
2026-06-21 19:51:18,369 - INFO - 【容量校验】全部录像总大小:0.83GB，上限阈值:4GB
2026-06-21 19:51:48,089 - WARNING - 【存储切换】U盘不可用(未找到拥有写入权限的U盘)，切换本地存储：/home/kongbin/record_backup
2026-06-21 19:51:48,390 - INFO - 【容量校验】全部录像总大小:0.83GB，上限阈值:4GB
2026-06-21 19:52:18,087 - WARNING - 【存储切换】U盘不可用(未找到拥有写入权限的U盘)，切换本地存储：/home/kongbin/record_backup
2026-06-21 19:52:18,388 - INFO - 【容量校验】全部录像总大小:0.83GB，上限阈值:4GB
2026-06-21 19:52:48,085 - WARNING - 【存储切换】U盘不可用(未找到拥有写入权限的U盘)，切换本地存储：/home/kongbin/record_backup
2026-06-21 19:52:48,386 - INFO - 【容量校验】全部录像总大小:0.83GB，上限阈值:4GB
2026-06-21 19:53:18,079 - WARNING - 【存储切换】U盘不可用(未找到拥有写入权限的U盘)，切换本地存储：/home/kongbin/record_backup
2026-06-21 19:53:18,380 - INFO - 【容量校验】全部录像总大小:0.83GB，上限阈值:4GB
2026-06-21 19:53:48,073 - WARNING - 【存储切换】U盘不可用(未找到拥有写入权限的U盘)，切换本地存储：/home/kongbin/record_backup
2026-06-21 19:53:48,375 - INFO - 【容量校验】全部录像总大小:0.83GB，上限阈值:4GB
2026-06-21 19:54:18,067 - WARNING - 【存储切换】U盘不可用(未找到拥有写入权限的U盘)，切换本地存储：/home/kongbin/record_backup
2026-06-21 19:54:18,369 - INFO - 【容量校验】全部录像总大小:0.83GB，上限阈值:4GB
2026-06-21 19:54:48,088 - WARNING - 【存储切换】U盘不可用(未找到拥有写入权限的U盘)，切换本地存储：/home/kongbin/record_backup
2026-06-21 19:54:48,389 - INFO - 【容量校验】全部录像总大小:0.83GB，上限阈值:4GB
2026-06-21 19:55:18,084 - WARNING - 【存储切换】U盘不可用(未找到拥有写入权限的U盘)，切换本地存储：/home/kongbin/record_backup
2026-06-21 19:55:18,385 - INFO - 【容量校验】全部录像总大小:0.83GB，上限阈值:4GB
2026-06-21 19:55:48,083 - WARNING - 【存储切换】U盘不可用(未找到拥有写入权限的U盘)，切换本地存储：/home/kongbin/record_backup
2026-06-21 19:55:48,384 - INFO - 【容量校验】全部录像总大小:0.83GB，上限阈值:4GB
2026-06-21 19:56:18,078 - WARNING - 【存储切换】U盘不可用(未找到拥有写入权限的U盘)，切换本地存储：/home/kongbin/record_backup
2026-06-21 19:56:18,380 - INFO - 【容量校验】全部录像总大小:0.83GB，上限阈值:4GB
2026-06-21 19:56:48,072 - WARNING - 【存储切换】U盘不可用(未找到拥有写入权限的U盘)，切换本地存储：/home/kongbin/record_backup
2026-06-21 19:56:48,373 - INFO - 【容量校验】全部录像总大小:0.83GB，上限阈值:4GB
2026-06-21 19:57:18,065 - WARNING - 【存储切换】U盘不可用(未找到拥有写入权限的U盘)，切换本地存储：/home/kongbin/record_backup
2026-06-21 19:57:18,366 - INFO - 【容量校验】全部录像总大小:0.83GB，上限阈值:4GB
2026-06-21 19:57:48,090 - WARNING - 【存储切换】U盘不可用(未找到拥有写入权限的U盘)，切换本地存储：/home/kongbin/record_backup
2026-06-21 19:57:48,391 - INFO - 【容量校验】全部录像总大小:0.83GB，上限阈值:4GB
2026-06-21 19:58:18,087 - WARNING - 【存储切换】U盘不可用(未找到拥有写入权限的U盘)，切换本地存储：/home/kongbin/record_backup
2026-06-21 19:58:18,388 - INFO - 【容量校验】全部录像总大小:0.83GB，上限阈值:4GB
2026-06-21 19:58:48,081 - WARNING - 【存储切换】U盘不可用(未找到拥有写入权限的U盘)，切换本地存储：/home/kongbin/record_backup
2026-06-21 19:58:48,382 - INFO - 【容量校验】全部录像总大小:0.83GB，上限阈值:4GB
2026-06-21 19:59:18,079 - WARNING - 【存储切换】U盘不可用(未找到拥有写入权限的U盘)，切换本地存储：/home/kongbin/record_backup
2026-06-21 19:59:18,380 - INFO - 【容量校验】全部录像总大小:0.83GB，上限阈值:4GB
2026-06-21 19:59:48,073 - WARNING - 【存储切换】U盘不可用(未找到拥有写入权限的U盘)，切换本地存储：/home/kongbin/record_backup
2026-06-21 19:59:48,375 - INFO - 【容量校验】全部录像总大小:0.83GB，上限阈值:4GB
2026-06-21 20:00:18,069 - WARNING - 【存储切换】U盘不可用(未找到拥有写入权限的U盘)，切换本地存储：/home/kongbin/record_backup
2026-06-21 20:00:18,370 - INFO - 【容量校验】全部录像总大小:0.83GB，上限阈值:4GB
2026-06-21 20:00:48,094 - WARNING - 【存储切换】U盘不可用(未找到拥有写入权限的U盘)，切换本地存储：/home/kongbin/record_backup
2026-06-21 20:00:48,395 - INFO - 【容量校验】全部录像总大小:0.83GB，上限阈值:4GB
2026-06-21 20:01:18,094 - WARNING - 【存储切换】U盘不可用(未找到拥有写入权限的U盘)，切换本地存储：/home/kongbin/record_backup
2026-06-21 20:01:18,394 - INFO - 【容量校验】全部录像总大小:0.83GB，上限阈值:4GB
2026-06-21 20:01:48,086 - WARNING - 【存储切换】U盘不可用(未找到拥有写入权限的U盘)，切换本地存储：/home/kongbin/record_backup
2026-06-21 20:01:48,387 - INFO - 【容量校验】全部录像总大小:0.83GB，上限阈值:4GB
2026-06-21 20:02:18,085 - WARNING - 【存储切换】U盘不可用(未找到拥有写入权限的U盘)，切换本地存储：/home/kongbin/record_backup
2026-06-21 20:02:18,386 - INFO - 【容量校验】全部录像总大小:0.83GB，上限阈值:4GB
2026-06-21 20:02:48,083 - WARNING - 【存储切换】U盘不可用(未找到拥有写入权限的U盘)，切换本地存储：/home/kongbin/record_backup
2026-06-21 20:02:48,384 - INFO - 【容量校验】全部录像总大小:0.83GB，上限阈值:4GB
2026-06-21 20:03:18,077 - WARNING - 【存储切换】U盘不可用(未找到拥有写入权限的U盘)，切换本地存储：/home/kongbin/record_backup
2026-06-21 20:03:18,378 - INFO - 【容量校验】全部录像总大小:0.83GB，上限阈值:4GB
2026-06-21 20:03:48,072 - WARNING - 【存储切换】U盘不可用(未找到拥有写入权限的U盘)，切换本地存储：/home/kongbin/record_backup
2026-06-21 20:03:48,373 - INFO - 【容量校验】全部录像总大小:0.83GB，上限阈值:4GB
2026-06-21 20:04:18,070 - WARNING - 【存储切换】U盘不可用(未找到拥有写入权限的U盘)，切换本地存储：/home/kongbin/record_backup
2026-06-21 20:04:18,371 - INFO - 【容量校验】全部录像总大小:0.83GB，上限阈值:4GB
2026-06-21 20:04:48,063 - WARNING - 【存储切换】U盘不可用(未找到拥有写入权限的U盘)，切换本地存储：/home/kongbin/record_backup
2026-06-21 20:04:48,364 - INFO - 【容量校验】全部录像总大小:0.83GB，上限阈值:4GB
2026-06-21 20:05:18,088 - WARNING - 【存储切换】U盘不可用(未找到拥有写入权限的U盘)，切换本地存储：/home/kongbin/record_backup
2026-06-21 20:05:18,389 - INFO - 【容量校验】全部录像总大小:0.83GB，上限阈值:4GB
2026-06-21 20:05:48,088 - WARNING - 【存储切换】U盘不可用(未找到拥有写入权限的U盘)，切换本地存储：/home/kongbin/record_backup
2026-06-21 20:05:48,389 - INFO - 【容量校验】全部录像总大小:0.83GB，上限阈值:4GB
2026-06-21 20:06:18,086 - WARNING - 【存储切换】U盘不可用(未找到拥有写入权限的U盘)，切换本地存储：/home/kongbin/record_backup
2026-06-21 20:06:18,387 - INFO - 【容量校验】全部录像总大小:0.83GB，上限阈值:4GB
2026-06-21 20:06:48,097 - WARNING - 【存储切换】U盘不可用(未找到拥有写入权限的U盘)，切换本地存储：/home/kongbin/record_backup
2026-06-21 20:06:48,398 - INFO - 【容量校验】全部录像总大小:0.83GB，上限阈值:4GB
2026-06-21 20:07:18,077 - WARNING - 【存储切换】U盘不可用(未找到拥有写入权限的U盘)，切换本地存储：/home/kongbin/record_backup
2026-06-21 20:07:18,378 - INFO - 【容量校验】全部录像总大小:0.83GB，上限阈值:4GB
2026-06-21 20:07:48,085 - WARNING - 【存储切换】U盘不可用(未找到拥有写入权限的U盘)，切换本地存储：/home/kongbin/record_backup
2026-06-21 20:07:48,387 - INFO - 【容量校验】全部录像总大小:0.83GB，上限阈值:4GB
2026-06-21 20:08:18,064 - WARNING - 【存储切换】U盘不可用(未找到拥有写入权限的U盘)，切换本地存储：/home/kongbin/record_backup
2026-06-21 20:08:18,365 - INFO - 【容量校验】全部录像总大小:0.83GB，上限阈值:4GB
2026-06-21 20:08:48,090 - WARNING - 【存储切换】U盘不可用(未找到拥有写入权限的U盘)，切换本地存储：/home/kongbin/record_backup
2026-06-21 20:08:48,391 - INFO - 【容量校验】全部录像总大小:0.83GB，上限阈值:4GB
2026-06-21 20:09:18,089 - WARNING - 【存储切换】U盘不可用(未找到拥有写入权限的U盘)，切换本地存储：/home/kongbin/record_backup
2026-06-21 20:09:18,390 - INFO - 【容量校验】全部录像总大小:0.83GB，上限阈值:4GB
2026-06-21 20:09:48,086 - WARNING - 【存储切换】U盘不可用(未找到拥有写入权限的U盘)，切换本地存储：/home/kongbin/record_backup
2026-06-21 20:09:48,388 - INFO - 【容量校验】全部录像总大小:0.83GB，上限阈值:4GB
2026-06-21 20:10:18,093 - WARNING - 【存储切换】U盘不可用(未找到拥有写入权限的U盘)，切换本地存储：/home/kongbin/record_backup
2026-06-21 20:10:18,394 - INFO - 【容量校验】全部录像总大小:0.83GB，上限阈值:4GB
2026-06-21 20:10:48,076 - WARNING - 【存储切换】U盘不可用(未找到拥有写入权限的U盘)，切换本地存储：/home/kongbin/record_backup
2026-06-21 20:10:48,377 - INFO - 【容量校验】全部录像总大小:0.83GB，上限阈值:4GB
2026-06-21 20:11:18,088 - WARNING - 【存储切换】U盘不可用(未找到拥有写入权限的U盘)，切换本地存储：/home/kongbin/record_backup
2026-06-21 20:11:18,389 - INFO - 【容量校验】全部录像总大小:0.83GB，上限阈值:4GB
2026-06-21 20:11:48,091 - WARNING - 【存储切换】U盘不可用(未找到拥有写入权限的U盘)，切换本地存储：/home/kongbin/record_backup
2026-06-21 20:11:48,392 - INFO - 【容量校验】全部录像总大小:0.83GB，上限阈值:4GB
2026-06-21 20:12:18,087 - WARNING - 【存储切换】U盘不可用(未找到拥有写入权限的U盘)，切换本地存储：/home/kongbin/record_backup
2026-06-21 20:12:18,388 - INFO - 【容量校验】全部录像总大小:0.83GB，上限阈值:4GB
2026-06-21 20:12:48,083 - WARNING - 【存储切换】U盘不可用(未找到拥有写入权限的U盘)，切换本地存储：/home/kongbin/record_backup
2026-06-21 20:12:48,384 - INFO - 【容量校验】全部录像总大小:0.83GB，上限阈值:4GB
2026-06-21 20:13:18,066 - WARNING - 【存储切换】U盘不可用(未找到拥有写入权限的U盘)，切换本地存储：/home/kongbin/record_backup
2026-06-21 20:13:18,367 - INFO - 【容量校验】全部录像总大小:0.83GB，上限阈值:4GB
2026-06-21 20:13:48,103 - WARNING - 【存储切换】U盘不可用(未找到拥有写入权限的U盘)，切换本地存储：/home/kongbin/record_backup
2026-06-21 20:13:48,404 - INFO - 【容量校验】全部录像总大小:0.83GB，上限阈值:4GB
2026-06-21 20:14:18,099 - WARNING - 【存储切换】U盘不可用(未找到拥有写入权限的U盘)，切换本地存储：/home/kongbin/record_backup
2026-06-21 20:14:18,400 - INFO - 【容量校验】全部录像总大小:0.83GB，上限阈值:4GB
2026-06-21 20:14:48,092 - WARNING - 【存储切换】U盘不可用(未找到拥有写入权限的U盘)，切换本地存储：/home/kongbin/record_backup
2026-06-21 20:14:48,393 - INFO - 【容量校验】全部录像总大小:0.83GB，上限阈值:4GB
2026-06-21 20:15:18,089 - WARNING - 【存储切换】U盘不可用(未找到拥有写入权限的U盘)，切换本地存储：/home/kongbin/record_backup
2026-06-21 20:15:18,390 - INFO - 【容量校验】全部录像总大小:0.83GB，上限阈值:4GB
2026-06-21 20:15:48,088 - WARNING - 【存储切换】U盘不可用(未找到拥有写入权限的U盘)，切换本地存储：/home/kongbin/record_backup
2026-06-21 20:15:48,389 - INFO - 【容量校验】全部录像总大小:0.83GB，上限阈值:4GB
2026-06-21 20:16:18,097 - WARNING - 【存储切换】U盘不可用(未找到拥有写入权限的U盘)，切换本地存储：/home/kongbin/record_backup
2026-06-21 20:16:18,399 - INFO - 【容量校验】全部录像总大小:0.83GB，上限阈值:4GB
2026-06-21 20:16:48,080 - WARNING - 【存储切换】U盘不可用(未找到拥有写入权限的U盘)，切换本地存储：/home/kongbin/record_backup
2026-06-21 20:16:48,382 - INFO - 【容量校验】全部录像总大小:0.83GB，上限阈值:4GB
2026-06-21 20:17:18,089 - WARNING - 【存储切换】U盘不可用(未找到拥有写入权限的U盘)，切换本地存储：/home/kongbin/record_backup
2026-06-21 20:17:18,390 - INFO - 【容量校验】全部录像总大小:0.83GB，上限阈值:4GB
2026-06-21 20:17:48,068 - WARNING - 【存储切换】U盘不可用(未找到拥有写入权限的U盘)，切换本地存储：/home/kongbin/record_backup
2026-06-21 20:17:48,369 - INFO - 【容量校验】全部录像总大小:0.83GB，上限阈值:4GB
2026-06-21 20:18:18,079 - WARNING - 【存储切换】U盘不可用(未找到拥有写入权限的U盘)，切换本地存储：/home/kongbin/record_backup
2026-06-21 20:18:18,380 - INFO - 【容量校验】全部录像总大小:0.83GB，上限阈值:4GB
2026-06-21 20:18:48,088 - WARNING - 【存储切换】U盘不可用(未找到拥有写入权限的U盘)，切换本地存储：/home/kongbin/record_backup
2026-06-21 20:18:48,389 - INFO - 【容量校验】全部录像总大小:0.83GB，上限阈值:4GB
2026-06-21 20:19:18,068 - WARNING - 【存储切换】U盘不可用(未找到拥有写入权限的U盘)，切换本地存储：/home/kongbin/record_backup
2026-06-21 20:19:18,369 - INFO - 【容量校验】全部录像总大小:0.83GB，上限阈值:4GB
2026-06-21 20:19:48,107 - WARNING - 【存储切换】U盘不可用(未找到拥有写入权限的U盘)，切换本地存储：/home/kongbin/record_backup
2026-06-21 20:19:48,408 - INFO - 【容量校验】全部录像总大小:0.83GB，上限阈值:4GB
2026-06-21 20:20:18,104 - WARNING - 【存储切换】U盘不可用(未找到拥有写入权限的U盘)，切换本地存储：/home/kongbin/record_backup
2026-06-21 20:20:18,405 - INFO - 【容量校验】全部录像总大小:0.83GB，上限阈值:4GB
2026-06-21 20:20:48,087 - WARNING - 【存储切换】U盘不可用(未找到拥有写入权限的U盘)，切换本地存储：/home/kongbin/record_backup
2026-06-21 20:20:48,388 - INFO - 【容量校验】全部录像总大小:0.83GB，上限阈值:4GB
2026-06-21 20:21:18,091 - WARNING - 【存储切换】U盘不可用(未找到拥有写入权限的U盘)，切换本地存储：/home/kongbin/record_backup
2026-06-21 20:21:18,392 - INFO - 【容量校验】全部录像总大小:0.83GB，上限阈值:4GB
2026-06-21 20:21:48,086 - WARNING - 【存储切换】U盘不可用(未找到拥有写入权限的U盘)，切换本地存储：/home/kongbin/record_backup
2026-06-21 20:21:48,387 - INFO - 【容量校验】全部录像总大小:0.83GB，上限阈值:4GB
2026-06-21 20:22:18,089 - WARNING - 【存储切换】U盘不可用(未找到拥有写入权限的U盘)，切换本地存储：/home/kongbin/record_backup
2026-06-21 20:22:18,390 - INFO - 【容量校验】全部录像总大小:0.83GB，上限阈值:4GB
2026-06-21 20:22:48,093 - WARNING - 【存储切换】U盘不可用(未找到拥有写入权限的U盘)，切换本地存储：/home/kongbin/record_backup
2026-06-21 20:22:48,394 - INFO - 【容量校验】全部录像总大小:0.83GB，上限阈值:4GB
2026-06-21 20:23:18,075 - WARNING - 【存储切换】U盘不可用(未找到拥有写入权限的U盘)，切换本地存储：/home/kongbin/record_backup
2026-06-21 20:23:18,376 - INFO - 【容量校验】全部录像总大小:0.83GB，上限阈值:4GB
2026-06-21 20:23:48,087 - WARNING - 【存储切换】U盘不可用(未找到拥有写入权限的U盘)，切换本地存储：/home/kongbin/record_backup
2026-06-21 20:23:48,389 - INFO - 【容量校验】全部录像总大小:0.83GB，上限阈值:4GB
2026-06-21 20:24:18,094 - WARNING - 【存储切换】U盘不可用(未找到拥有写入权限的U盘)，切换本地存储：/home/kongbin/record_backup
2026-06-21 20:24:18,395 - INFO - 【容量校验】全部录像总大小:0.83GB，上限阈值:4GB
2026-06-21 20:24:48,091 - WARNING - 【存储切换】U盘不可用(未找到拥有写入权限的U盘)，切换本地存储：/home/kongbin/record_backup
2026-06-21 20:24:48,392 - INFO - 【容量校验】全部录像总大小:0.83GB，上限阈值:4GB
2026-06-21 20:25:18,073 - WARNING - 【存储切换】U盘不可用(未找到拥有写入权限的U盘)，切换本地存储：/home/kongbin/record_backup
2026-06-21 20:25:18,374 - INFO - 【容量校验】全部录像总大小:0.83GB，上限阈值:4GB
2026-06-21 20:25:48,082 - WARNING - 【存储切换】U盘不可用(未找到拥有写入权限的U盘)，切换本地存储：/home/kongbin/record_backup
2026-06-21 20:25:48,384 - INFO - 【容量校验】全部录像总大小:0.83GB，上限阈值:4GB
2026-06-21 20:26:18,090 - WARNING - 【存储切换】U盘不可用(未找到拥有写入权限的U盘)，切换本地存储：/home/kongbin/record_backup
2026-06-21 20:26:18,391 - INFO - 【容量校验】全部录像总大小:0.83GB，上限阈值:4GB
2026-06-21 20:26:48,083 - WARNING - 【存储切换】U盘不可用(未找到拥有写入权限的U盘)，切换本地存储：/home/kongbin/record_backup
2026-06-21 20:26:48,384 - INFO - 【容量校验】全部录像总大小:0.83GB，上限阈值:4GB
2026-06-21 20:27:18,084 - WARNING - 【存储切换】U盘不可用(未找到拥有写入权限的U盘)，切换本地存储：/home/kongbin/record_backup
2026-06-21 20:27:18,386 - INFO - 【容量校验】全部录像总大小:0.83GB，上限阈值:4GB
2026-06-21 20:27:48,092 - WARNING - 【存储切换】U盘不可用(未找到拥有写入权限的U盘)，切换本地存储：/home/kongbin/record_backup
2026-06-21 20:27:48,393 - INFO - 【容量校验】全部录像总大小:0.83GB，上限阈值:4GB
2026-06-21 20:28:18,073 - WARNING - 【存储切换】U盘不可用(未找到拥有写入权限的U盘)，切换本地存储：/home/kongbin/record_backup
2026-06-21 20:28:18,374 - INFO - 【容量校验】全部录像总大小:0.83GB，上限阈值:4GB
2026-06-21 20:28:48,084 - WARNING - 【存储切换】U盘不可用(未找到拥有写入权限的U盘)，切换本地存储：/home/kongbin/record_backup
2026-06-21 20:28:48,385 - INFO - 【容量校验】全部录像总大小:0.83GB，上限阈值:4GB
2026-06-21 20:29:18,088 - WARNING - 【存储切换】U盘不可用(未找到拥有写入权限的U盘)，切换本地存储：/home/kongbin/record_backup
2026-06-21 20:29:18,389 - INFO - 【容量校验】全部录像总大小:0.83GB，上限阈值:4GB
2026-06-21 20:29:48,087 - WARNING - 【存储切换】U盘不可用(未找到拥有写入权限的U盘)，切换本地存储：/home/kongbin/record_backup
2026-06-21 20:29:48,389 - INFO - 【容量校验】全部录像总大小:0.83GB，上限阈值:4GB
2026-06-21 20:30:18,095 - WARNING - 【存储切换】U盘不可用(未找到拥有写入权限的U盘)，切换本地存储：/home/kongbin/record_backup
2026-06-21 20:30:18,397 - INFO - 【容量校验】全部录像总大小:0.83GB，上限阈值:4GB
2026-06-21 20:30:48,083 - WARNING - 【存储切换】U盘不可用(未找到拥有写入权限的U盘)，切换本地存储：/home/kongbin/record_backup
2026-06-21 20:30:48,384 - INFO - 【容量校验】全部录像总大小:0.83GB，上限阈值:4GB
2026-06-21 20:31:18,086 - WARNING - 【存储切换】U盘不可用(未找到拥有写入权限的U盘)，切换本地存储：/home/kongbin/record_backup
2026-06-21 20:31:18,387 - INFO - 【容量校验】全部录像总大小:0.83GB，上限阈值:4GB
2026-06-21 20:31:48,065 - WARNING - 【存储切换】U盘不可用(未找到拥有写入权限的U盘)，切换本地存储：/home/kongbin/record_backup
2026-06-21 20:31:48,367 - INFO - 【容量校验】全部录像总大小:0.83GB，上限阈值:4GB
2026-06-21 20:32:18,080 - WARNING - 【存储切换】U盘不可用(未找到拥有写入权限的U盘)，切换本地存储：/home/kongbin/record_backup
2026-06-21 20:32:18,382 - INFO - 【容量校验】全部录像总大小:0.83GB，上限阈值:4GB
2026-06-21 20:32:48,084 - WARNING - 【存储切换】U盘不可用(未找到拥有写入权限的U盘)，切换本地存储：/home/kongbin/record_backup
2026-06-21 20:32:48,386 - INFO - 【容量校验】全部录像总大小:0.83GB，上限阈值:4GB
2026-06-21 20:33:18,084 - WARNING - 【存储切换】U盘不可用(未找到拥有写入权限的U盘)，切换本地存储：/home/kongbin/record_backup
2026-06-21 20:33:18,386 - INFO - 【容量校验】全部录像总大小:0.83GB，上限阈值:4GB
2026-06-21 20:33:48,089 - WARNING - 【存储切换】U盘不可用(未找到拥有写入权限的U盘)，切换本地存储：/home/kongbin/record_backup
2026-06-21 20:33:48,390 - INFO - 【容量校验】全部录像总大小:0.83GB，上限阈值:4GB
2026-06-21 20:34:18,092 - WARNING - 【存储切换】U盘不可用(未找到拥有写入权限的U盘)，切换本地存储：/home/kongbin/record_backup
2026-06-21 20:34:18,392 - INFO - 【容量校验】全部录像总大小:0.83GB，上限阈值:4GB
2026-06-21 20:34:48,073 - WARNING - 【存储切换】U盘不可用(未找到拥有写入权限的U盘)，切换本地存储：/home/kongbin/record_backup
2026-06-21 20:34:48,374 - INFO - 【容量校验】全部录像总大小:0.83GB，上限阈值:4GB
2026-06-21 20:35:18,078 - WARNING - 【存储切换】U盘不可用(未找到拥有写入权限的U盘)，切换本地存储：/home/kongbin/record_backup
2026-06-21 20:35:18,379 - INFO - 【容量校验】全部录像总大小:0.83GB，上限阈值:4GB
2026-06-21 20:35:48,091 - WARNING - 【存储切换】U盘不可用(未找到拥有写入权限的U盘)，切换本地存储：/home/kongbin/record_backup
2026-06-21 20:35:48,392 - INFO - 【容量校验】全部录像总大小:0.83GB，上限阈值:4GB
2026-06-21 20:36:18,090 - WARNING - 【存储切换】U盘不可用(未找到拥有写入权限的U盘)，切换本地存储：/home/kongbin/record_backup
2026-06-21 20:36:18,391 - INFO - 【容量校验】全部录像总大小:0.83GB，上限阈值:4GB
2026-06-21 20:36:48,089 - WARNING - 【存储切换】U盘不可用(未找到拥有写入权限的U盘)，切换本地存储：/home/kongbin/record_backup
2026-06-21 20:36:48,390 - INFO - 【容量校验】全部录像总大小:0.83GB，上限阈值:4GB
2026-06-21 20:37:18,091 - WARNING - 【存储切换】U盘不可用(未找到拥有写入权限的U盘)，切换本地存储：/home/kongbin/record_backup
2026-06-21 20:37:18,392 - INFO - 【容量校验】全部录像总大小:0.83GB，上限阈值:4GB
2026-06-21 20:37:48,069 - WARNING - 【存储切换】U盘不可用(未找到拥有写入权限的U盘)，切换本地存储：/home/kongbin/record_backup
2026-06-21 20:37:48,370 - INFO - 【容量校验】全部录像总大小:0.83GB，上限阈值:4GB
2026-06-21 20:38:18,111 - WARNING - 【存储切换】U盘不可用(未找到拥有写入权限的U盘)，切换本地存储：/home/kongbin/record_backup
2026-06-21 20:38:18,412 - INFO - 【容量校验】全部录像总大小:0.83GB，上限阈值:4GB
2026-06-21 20:38:48,087 - WARNING - 【存储切换】U盘不可用(未找到拥有写入权限的U盘)，切换本地存储：/home/kongbin/record_backup
2026-06-21 20:38:48,388 - INFO - 【容量校验】全部录像总大小:0.83GB，上限阈值:4GB
2026-06-21 20:39:18,096 - WARNING - 【存储切换】U盘不可用(未找到拥有写入权限的U盘)，切换本地存储：/home/kongbin/record_backup
2026-06-21 20:39:18,397 - INFO - 【容量校验】全部录像总大小:0.83GB，上限阈值:4GB
2026-06-21 20:39:48,071 - WARNING - 【存储切换】U盘不可用(未找到拥有写入权限的U盘)，切换本地存储：/home/kongbin/record_backup
2026-06-21 20:39:48,373 - INFO - 【容量校验】全部录像总大小:0.83GB，上限阈值:4GB
2026-06-21 20:40:18,110 - WARNING - 【存储切换】U盘不可用(未找到拥有写入权限的U盘)，切换本地存储：/home/kongbin/record_backup
2026-06-21 20:40:18,411 - INFO - 【容量校验】全部录像总大小:0.83GB，上限阈值:4GB
2026-06-21 20:40:48,083 - WARNING - 【存储切换】U盘不可用(未找到拥有写入权限的U盘)，切换本地存储：/home/kongbin/record_backup
2026-06-21 20:40:48,384 - INFO - 【容量校验】全部录像总大小:0.83GB，上限阈值:4GB
2026-06-21 20:41:18,080 - WARNING - 【存储切换】U盘不可用(未找到拥有写入权限的U盘)，切换本地存储：/home/kongbin/record_backup
2026-06-21 20:41:18,381 - INFO - 【容量校验】全部录像总大小:0.83GB，上限阈值:4GB
2026-06-21 20:41:48,089 - WARNING - 【存储切换】U盘不可用(未找到拥有写入权限的U盘)，切换本地存储：/home/kongbin/record_backup
2026-06-21 20:41:48,390 - INFO - 【容量校验】全部录像总大小:0.83GB，上限阈值:4GB
2026-06-21 20:42:18,065 - WARNING - 【存储切换】U盘不可用(未找到拥有写入权限的U盘)，切换本地存储：/home/kongbin/record_backup
2026-06-21 20:42:18,366 - INFO - 【容量校验】全部录像总大小:0.83GB，上限阈值:4GB
2026-06-21 20:42:48,080 - WARNING - 【存储切换】U盘不可用(未找到拥有写入权限的U盘)，切换本地存储：/home/kongbin/record_backup
2026-06-21 20:42:48,382 - INFO - 【容量校验】全部录像总大小:0.83GB，上限阈值:4GB
2026-06-21 20:43:18,082 - WARNING - 【存储切换】U盘不可用(未找到拥有写入权限的U盘)，切换本地存储：/home/kongbin/record_backup
2026-06-21 20:43:18,384 - INFO - 【容量校验】全部录像总大小:0.83GB，上限阈值:4GB
2026-06-21 20:43:48,077 - WARNING - 【存储切换】U盘不可用(未找到拥有写入权限的U盘)，切换本地存储：/home/kongbin/record_backup
2026-06-21 20:43:48,378 - INFO - 【容量校验】全部录像总大小:0.83GB，上限阈值:4GB
2026-06-21 20:44:18,088 - WARNING - 【存储切换】U盘不可用(未找到拥有写入权限的U盘)，切换本地存储：/home/kongbin/record_backup
2026-06-21 20:44:18,389 - INFO - 【容量校验】全部录像总大小:0.83GB，上限阈值:4GB
2026-06-21 20:44:48,091 - WARNING - 【存储切换】U盘不可用(未找到拥有写入权限的U盘)，切换本地存储：/home/kongbin/record_backup
2026-06-21 20:44:48,392 - INFO - 【容量校验】全部录像总大小:0.83GB，上限阈值:4GB
2026-06-21 20:45:18,087 - WARNING - 【存储切换】U盘不可用(未找到拥有写入权限的U盘)，切换本地存储：/home/kongbin/record_backup
2026-06-21 20:45:18,388 - INFO - 【容量校验】全部录像总大小:0.83GB，上限阈值:4GB
2026-06-21 20:45:48,083 - WARNING - 【存储切换】U盘不可用(未找到拥有写入权限的U盘)，切换本地存储：/home/kongbin/record_backup
2026-06-21 20:45:48,384 - INFO - 【容量校验】全部录像总大小:0.83GB，上限阈值:4GB
2026-06-21 20:46:18,074 - WARNING - 【存储切换】U盘不可用(未找到拥有写入权限的U盘)，切换本地存储：/home/kongbin/record_backup
2026-06-21 20:46:18,375 - INFO - 【容量校验】全部录像总大小:0.83GB，上限阈值:4GB
2026-06-21 20:46:48,066 - WARNING - 【存储切换】U盘不可用(未找到拥有写入权限的U盘)，切换本地存储：/home/kongbin/record_backup
2026-06-21 20:46:48,367 - INFO - 【容量校验】全部录像总大小:0.83GB，上限阈值:4GB
2026-06-21 20:47:18,089 - WARNING - 【存储切换】U盘不可用(未找到拥有写入权限的U盘)，切换本地存储：/home/kongbin/record_backup
2026-06-21 20:47:18,390 - INFO - 【容量校验】全部录像总大小:0.83GB，上限阈值:4GB
2026-06-21 20:47:48,086 - WARNING - 【存储切换】U盘不可用(未找到拥有写入权限的U盘)，切换本地存储：/home/kongbin/record_backup
2026-06-21 20:47:48,387 - INFO - 【容量校验】全部录像总大小:0.83GB，上限阈值:4GB
2026-06-21 20:48:18,079 - WARNING - 【存储切换】U盘不可用(未找到拥有写入权限的U盘)，切换本地存储：/home/kongbin/record_backup
2026-06-21 20:48:18,380 - INFO - 【容量校验】全部录像总大小:0.83GB，上限阈值:4GB
2026-06-21 20:48:48,073 - WARNING - 【存储切换】U盘不可用(未找到拥有写入权限的U盘)，切换本地存储：/home/kongbin/record_backup
2026-06-21 20:48:48,374 - INFO - 【容量校验】全部录像总大小:0.83GB，上限阈值:4GB
2026-06-21 20:49:18,069 - WARNING - 【存储切换】U盘不可用(未找到拥有写入权限的U盘)，切换本地存储：/home/kongbin/record_backup
2026-06-21 20:49:18,370 - INFO - 【容量校验】全部录像总大小:0.83GB，上限阈值:4GB
2026-06-21 20:49:48,091 - WARNING - 【存储切换】U盘不可用(未找到拥有写入权限的U盘)，切换本地存储：/home/kongbin/record_backup
2026-06-21 20:49:48,392 - INFO - 【容量校验】全部录像总大小:0.83GB，上限阈值:4GB
2026-06-21 20:50:18,089 - WARNING - 【存储切换】U盘不可用(未找到拥有写入权限的U盘)，切换本地存储：/home/kongbin/record_backup
2026-06-21 20:50:18,390 - INFO - 【容量校验】全部录像总大小:0.83GB，上限阈值:4GB
2026-06-21 20:50:48,082 - WARNING - 【存储切换】U盘不可用(未找到拥有写入权限的U盘)，切换本地存储：/home/kongbin/record_backup
2026-06-21 20:50:48,384 - INFO - 【容量校验】全部录像总大小:0.83GB，上限阈值:4GB
2026-06-21 20:51:18,073 - WARNING - 【存储切换】U盘不可用(未找到拥有写入权限的U盘)，切换本地存储：/home/kongbin/record_backup
2026-06-21 20:51:18,375 - INFO - 【容量校验】全部录像总大小:0.83GB，上限阈值:4GB
2026-06-21 20:51:48,073 - WARNING - 【存储切换】U盘不可用(未找到拥有写入权限的U盘)，切换本地存储：/home/kongbin/record_backup
2026-06-21 20:51:48,374 - INFO - 【容量校验】全部录像总大小:0.83GB，上限阈值:4GB
2026-06-21 20:52:18,085 - WARNING - 【存储切换】U盘不可用(未找到拥有写入权限的U盘)，切换本地存储：/home/kongbin/record_backup
2026-06-21 20:52:18,386 - INFO - 【容量校验】全部录像总大小:0.83GB，上限阈值:4GB
2026-06-21 20:52:48,086 - WARNING - 【存储切换】U盘不可用(未找到拥有写入权限的U盘)，切换本地存储：/home/kongbin/record_backup
2026-06-21 20:52:48,387 - INFO - 【容量校验】全部录像总大小:0.83GB，上限阈值:4GB
2026-06-21 20:53:18,082 - WARNING - 【存储切换】U盘不可用(未找到拥有写入权限的U盘)，切换本地存储：/home/kongbin/record_backup
2026-06-21 20:53:18,383 - INFO - 【容量校验】全部录像总大小:0.83GB，上限阈值:4GB
2026-06-21 20:53:48,076 - WARNING - 【存储切换】U盘不可用(未找到拥有写入权限的U盘)，切换本地存储：/home/kongbin/record_backup
2026-06-21 20:53:48,377 - INFO - 【容量校验】全部录像总大小:0.83GB，上限阈值:4GB
2026-06-21 20:54:18,068 - WARNING - 【存储切换】U盘不可用(未找到拥有写入权限的U盘)，切换本地存储：/home/kongbin/record_backup
2026-06-21 20:54:18,369 - INFO - 【容量校验】全部录像总大小:0.83GB，上限阈值:4GB
2026-06-21 20:54:48,090 - WARNING - 【存储切换】U盘不可用(未找到拥有写入权限的U盘)，切换本地存储：/home/kongbin/record_backup
2026-06-21 20:54:48,391 - INFO - 【容量校验】全部录像总大小:0.83GB，上限阈值:4GB
2026-06-21 20:55:18,088 - WARNING - 【存储切换】U盘不可用(未找到拥有写入权限的U盘)，切换本地存储：/home/kongbin/record_backup
2026-06-21 20:55:18,389 - INFO - 【容量校验】全部录像总大小:0.83GB，上限阈值:4GB
2026-06-21 20:55:48,083 - WARNING - 【存储切换】U盘不可用(未找到拥有写入权限的U盘)，切换本地存储：/home/kongbin/record_backup
2026-06-21 20:55:48,384 - INFO - 【容量校验】全部录像总大小:0.83GB，上限阈值:4GB
2026-06-21 20:56:18,074 - WARNING - 【存储切换】U盘不可用(未找到拥有写入权限的U盘)，切换本地存储：/home/kongbin/record_backup
2026-06-21 20:56:18,376 - INFO - 【容量校验】全部录像总大小:0.83GB，上限阈值:4GB
2026-06-21 20:56:48,070 - WARNING - 【存储切换】U盘不可用(未找到拥有写入权限的U盘)，切换本地存储：/home/kongbin/record_backup
2026-06-21 20:56:48,371 - INFO - 【容量校验】全部录像总大小:0.83GB，上限阈值:4GB
2026-06-21 20:57:18,091 - WARNING - 【存储切换】U盘不可用(未找到拥有写入权限的U盘)，切换本地存储：/home/kongbin/record_backup
2026-06-21 20:57:18,392 - INFO - 【容量校验】全部录像总大小:0.83GB，上限阈值:4GB
2026-06-21 20:57:48,087 - WARNING - 【存储切换】U盘不可用(未找到拥有写入权限的U盘)，切换本地存储：/home/kongbin/record_backup
2026-06-21 20:57:48,388 - INFO - 【容量校验】全部录像总大小:0.83GB，上限阈值:4GB
2026-06-21 20:58:18,083 - WARNING - 【存储切换】U盘不可用(未找到拥有写入权限的U盘)，切换本地存储：/home/kongbin/record_backup
2026-06-21 20:58:18,384 - INFO - 【容量校验】全部录像总大小:0.83GB，上限阈值:4GB
2026-06-21 20:58:48,078 - WARNING - 【存储切换】U盘不可用(未找到拥有写入权限的U盘)，切换本地存储：/home/kongbin/record_backup
2026-06-21 20:58:48,379 - INFO - 【容量校验】全部录像总大小:0.83GB，上限阈值:4GB
2026-06-21 20:59:18,072 - WARNING - 【存储切换】U盘不可用(未找到拥有写入权限的U盘)，切换本地存储：/home/kongbin/record_backup
2026-06-21 20:59:18,373 - INFO - 【容量校验】全部录像总大小:0.83GB，上限阈值:4GB
2026-06-21 20:59:48,063 - WARNING - 【存储切换】U盘不可用(未找到拥有写入权限的U盘)，切换本地存储：/home/kongbin/record_backup
2026-06-21 20:59:48,364 - INFO - 【容量校验】全部录像总大小:0.83GB，上限阈值:4GB
2026-06-21 21:00:18,089 - WARNING - 【存储切换】U盘不可用(未找到拥有写入权限的U盘)，切换本地存储：/home/kongbin/record_backup
2026-06-21 21:00:18,390 - INFO - 【容量校验】全部录像总大小:0.83GB，上限阈值:4GB
2026-06-21 21:00:48,084 - WARNING - 【存储切换】U盘不可用(未找到拥有写入权限的U盘)，切换本地存储：/home/kongbin/record_backup
2026-06-21 21:00:48,385 - INFO - 【容量校验】全部录像总大小:0.83GB，上限阈值:4GB
2026-06-21 21:01:18,078 - WARNING - 【存储切换】U盘不可用(未找到拥有写入权限的U盘)，切换本地存储：/home/kongbin/record_backup
2026-06-21 21:01:18,379 - INFO - 【容量校验】全部录像总大小:0.83GB，上限阈值:4GB
2026-06-21 21:01:48,074 - WARNING - 【存储切换】U盘不可用(未找到拥有写入权限的U盘)，切换本地存储：/home/kongbin/record_backup
2026-06-21 21:01:48,376 - INFO - 【容量校验】全部录像总大小:0.83GB，上限阈值:4GB
2026-06-21 21:02:18,068 - WARNING - 【存储切换】U盘不可用(未找到拥有写入权限的U盘)，切换本地存储：/home/kongbin/record_backup
2026-06-21 21:02:18,370 - INFO - 【容量校验】全部录像总大小:0.83GB，上限阈值:4GB
2026-06-21 21:02:48,062 - WARNING - 【存储切换】U盘不可用(未找到拥有写入权限的U盘)，切换本地存储：/home/kongbin/record_backup
2026-06-21 21:02:48,363 - INFO - 【容量校验】全部录像总大小:0.83GB，上限阈值:4GB
2026-06-21 21:03:18,087 - WARNING - 【存储切换】U盘不可用(未找到拥有写入权限的U盘)，切换本地存储：/home/kongbin/record_backup
2026-06-21 21:03:18,388 - INFO - 【容量校验】全部录像总大小:0.83GB，上限阈值:4GB
2026-06-21 21:03:48,083 - WARNING - 【存储切换】U盘不可用(未找到拥有写入权限的U盘)，切换本地存储：/home/kongbin/record_backup
2026-06-21 21:03:48,384 - INFO - 【容量校验】全部录像总大小:0.83GB，上限阈值:4GB
2026-06-21 21:04:18,076 - WARNING - 【存储切换】U盘不可用(未找到拥有写入权限的U盘)，切换本地存储：/home/kongbin/record_backup
2026-06-21 21:04:18,377 - INFO - 【容量校验】全部录像总大小:0.83GB，上限阈值:4GB
2026-06-21 21:04:48,067 - WARNING - 【存储切换】U盘不可用(未找到拥有写入权限的U盘)，切换本地存储：/home/kongbin/record_backup
2026-06-21 21:04:48,368 - INFO - 【容量校验】全部录像总大小:0.83GB，上限阈值:4GB
2026-06-21 21:05:18,092 - WARNING - 【存储切换】U盘不可用(未找到拥有写入权限的U盘)，切换本地存储：/home/kongbin/record_backup
2026-06-21 21:05:18,393 - INFO - 【容量校验】全部录像总大小:0.83GB，上限阈值:4GB
2026-06-21 21:05:48,090 - WARNING - 【存储切换】U盘不可用(未找到拥有写入权限的U盘)，切换本地存储：/home/kongbin/record_backup
2026-06-21 21:05:48,391 - INFO - 【容量校验】全部录像总大小:0.83GB，上限阈值:4GB
2026-06-21 21:06:18,083 - WARNING - 【存储切换】U盘不可用(未找到拥有写入权限的U盘)，切换本地存储：/home/kongbin/record_backup
2026-06-21 21:06:18,384 - INFO - 【容量校验】全部录像总大小:0.83GB，上限阈值:4GB
2026-06-21 21:06:48,078 - WARNING - 【存储切换】U盘不可用(未找到拥有写入权限的U盘)，切换本地存储：/home/kongbin/record_backup
2026-06-21 21:06:48,379 - INFO - 【容量校验】全部录像总大小:0.83GB，上限阈值:4GB
2026-06-21 21:07:18,071 - WARNING - 【存储切换】U盘不可用(未找到拥有写入权限的U盘)，切换本地存储：/home/kongbin/record_backup
2026-06-21 21:07:18,372 - INFO - 【容量校验】全部录像总大小:0.83GB，上限阈值:4GB
2026-06-21 21:07:48,066 - WARNING - 【存储切换】U盘不可用(未找到拥有写入权限的U盘)，切换本地存储：/home/kongbin/record_backup
2026-06-21 21:07:48,368 - INFO - 【容量校验】全部录像总大小:0.83GB，上限阈值:4GB
2026-06-21 21:08:18,086 - WARNING - 【存储切换】U盘不可用(未找到拥有写入权限的U盘)，切换本地存储：/home/kongbin/record_backup
2026-06-21 21:08:18,387 - INFO - 【容量校验】全部录像总大小:0.83GB，上限阈值:4GB
2026-06-21 21:08:48,084 - WARNING - 【存储切换】U盘不可用(未找到拥有写入权限的U盘)，切换本地存储：/home/kongbin/record_backup
2026-06-21 21:08:48,384 - INFO - 【容量校验】全部录像总大小:0.83GB，上限阈值:4GB
2026-06-21 21:09:18,107 - WARNING - 【存储切换】U盘不可用(未找到拥有写入权限的U盘)，切换本地存储：/home/kongbin/record_backup
2026-06-21 21:09:18,408 - INFO - 【容量校验】全部录像总大小:0.83GB，上限阈值:4GB
2026-06-21 21:09:48,099 - WARNING - 【存储切换】U盘不可用(未找到拥有写入权限的U盘)，切换本地存储：/home/kongbin/record_backup
2026-06-21 21:09:48,400 - INFO - 【容量校验】全部录像总大小:0.83GB，上限阈值:4GB
2026-06-21 21:10:18,094 - WARNING - 【存储切换】U盘不可用(未找到拥有写入权限的U盘)，切换本地存储：/home/kongbin/record_backup
2026-06-21 21:10:18,394 - INFO - 【容量校验】全部录像总大小:0.83GB，上限阈值:4GB
2026-06-21 21:10:48,088 - WARNING - 【存储切换】U盘不可用(未找到拥有写入权限的U盘)，切换本地存储：/home/kongbin/record_backup
2026-06-21 21:10:48,389 - INFO - 【容量校验】全部录像总大小:0.83GB，上限阈值:4GB
2026-06-21 21:11:18,086 - WARNING - 【存储切换】U盘不可用(未找到拥有写入权限的U盘)，切换本地存储：/home/kongbin/record_backup
2026-06-21 21:11:18,388 - INFO - 【容量校验】全部录像总大小:0.83GB，上限阈值:4GB
2026-06-21 21:11:48,081 - WARNING - 【存储切换】U盘不可用(未找到拥有写入权限的U盘)，切换本地存储：/home/kongbin/record_backup
2026-06-21 21:11:48,382 - INFO - 【容量校验】全部录像总大小:0.83GB，上限阈值:4GB
2026-06-21 21:12:18,076 - WARNING - 【存储切换】U盘不可用(未找到拥有写入权限的U盘)，切换本地存储：/home/kongbin/record_backup
2026-06-21 21:12:18,377 - INFO - 【容量校验】全部录像总大小:0.83GB，上限阈值:4GB
2026-06-21 21:12:48,069 - WARNING - 【存储切换】U盘不可用(未找到拥有写入权限的U盘)，切换本地存储：/home/kongbin/record_backup
2026-06-21 21:12:48,370 - INFO - 【容量校验】全部录像总大小:0.83GB，上限阈值:4GB
2026-06-21 21:13:18,090 - WARNING - 【存储切换】U盘不可用(未找到拥有写入权限的U盘)，切换本地存储：/home/kongbin/record_backup
2026-06-21 21:13:18,391 - INFO - 【容量校验】全部录像总大小:0.83GB，上限阈值:4GB
2026-06-21 21:13:48,088 - WARNING - 【存储切换】U盘不可用(未找到拥有写入权限的U盘)，切换本地存储：/home/kongbin/record_backup
2026-06-21 21:13:48,390 - INFO - 【容量校验】全部录像总大小:0.83GB，上限阈值:4GB
2026-06-21 21:14:18,082 - WARNING - 【存储切换】U盘不可用(未找到拥有写入权限的U盘)，切换本地存储：/home/kongbin/record_backup
2026-06-21 21:14:18,383 - INFO - 【容量校验】全部录像总大小:0.83GB，上限阈值:4GB
2026-06-21 21:14:48,079 - WARNING - 【存储切换】U盘不可用(未找到拥有写入权限的U盘)，切换本地存储：/home/kongbin/record_backup
2026-06-21 21:14:48,380 - INFO - 【容量校验】全部录像总大小:0.83GB，上限阈值:4GB
2026-06-21 21:15:18,069 - WARNING - 【存储切换】U盘不可用(未找到拥有写入权限的U盘)，切换本地存储：/home/kongbin/record_backup
2026-06-21 21:15:18,370 - INFO - 【容量校验】全部录像总大小:0.83GB，上限阈值:4GB
2026-06-21 21:15:48,093 - WARNING - 【存储切换】U盘不可用(未找到拥有写入权限的U盘)，切换本地存储：/home/kongbin/record_backup
2026-06-21 21:15:48,394 - INFO - 【容量校验】全部录像总大小:0.83GB，上限阈值:4GB
2026-06-21 21:16:18,089 - WARNING - 【存储切换】U盘不可用(未找到拥有写入权限的U盘)，切换本地存储：/home/kongbin/record_backup
2026-06-21 21:16:18,390 - INFO - 【容量校验】全部录像总大小:0.83GB，上限阈值:4GB
2026-06-21 21:16:48,087 - WARNING - 【存储切换】U盘不可用(未找到拥有写入权限的U盘)，切换本地存储：/home/kongbin/record_backup
2026-06-21 21:16:48,389 - INFO - 【容量校验】全部录像总大小:0.83GB，上限阈值:4GB
2026-06-21 21:17:18,086 - WARNING - 【存储切换】U盘不可用(未找到拥有写入权限的U盘)，切换本地存储：/home/kongbin/record_backup
2026-06-21 21:17:18,387 - INFO - 【容量校验】全部录像总大小:0.83GB，上限阈值:4GB
2026-06-21 21:17:48,093 - WARNING - 【存储切换】U盘不可用(未找到拥有写入权限的U盘)，切换本地存储：/home/kongbin/record_backup
2026-06-21 21:17:48,394 - INFO - 【容量校验】全部录像总大小:0.83GB，上限阈值:4GB
2026-06-21 21:18:18,094 - WARNING - 【存储切换】U盘不可用(未找到拥有写入权限的U盘)，切换本地存储：/home/kongbin/record_backup
2026-06-21 21:18:18,395 - INFO - 【容量校验】全部录像总大小:0.83GB，上限阈值:4GB
2026-06-21 21:18:48,090 - WARNING - 【存储切换】U盘不可用(未找到拥有写入权限的U盘)，切换本地存储：/home/kongbin/record_backup
2026-06-21 21:18:48,391 - INFO - 【容量校验】全部录像总大小:0.83GB，上限阈值:4GB
2026-06-21 21:19:18,087 - WARNING - 【存储切换】U盘不可用(未找到拥有写入权限的U盘)，切换本地存储：/home/kongbin/record_backup
2026-06-21 21:19:18,388 - INFO - 【容量校验】全部录像总大小:0.83GB，上限阈值:4GB
2026-06-21 21:19:48,085 - WARNING - 【存储切换】U盘不可用(未找到拥有写入权限的U盘)，切换本地存储：/home/kongbin/record_backup
2026-06-21 21:19:48,386 - INFO - 【容量校验】全部录像总大小:0.83GB，上限阈值:4GB
2026-06-21 21:20:18,075 - WARNING - 【存储切换】U盘不可用(未找到拥有写入权限的U盘)，切换本地存储：/home/kongbin/record_backup
2026-06-21 21:20:18,377 - INFO - 【容量校验】全部录像总大小:0.83GB，上限阈值:4GB
2026-06-21 21:20:48,070 - WARNING - 【存储切换】U盘不可用(未找到拥有写入权限的U盘)，切换本地存储：/home/kongbin/record_backup
2026-06-21 21:20:48,371 - INFO - 【容量校验】全部录像总大小:0.83GB，上限阈值:4GB
2026-06-21 21:21:18,094 - WARNING - 【存储切换】U盘不可用(未找到拥有写入权限的U盘)，切换本地存储：/home/kongbin/record_backup
2026-06-21 21:21:18,395 - INFO - 【容量校验】全部录像总大小:0.83GB，上限阈值:4GB
2026-06-21 21:21:48,087 - WARNING - 【存储切换】U盘不可用(未找到拥有写入权限的U盘)，切换本地存储：/home/kongbin/record_backup
2026-06-21 21:21:48,388 - INFO - 【容量校验】全部录像总大小:0.83GB，上限阈值:4GB
2026-06-21 21:22:18,088 - WARNING - 【存储切换】U盘不可用(未找到拥有写入权限的U盘)，切换本地存储：/home/kongbin/record_backup
2026-06-21 21:22:18,389 - INFO - 【容量校验】全部录像总大小:0.83GB，上限阈值:4GB
2026-06-21 21:22:48,077 - WARNING - 【存储切换】U盘不可用(未找到拥有写入权限的U盘)，切换本地存储：/home/kongbin/record_backup
2026-06-21 21:22:48,379 - INFO - 【容量校验】全部录像总大小:0.83GB，上限阈值:4GB
2026-06-21 21:23:18,074 - WARNING - 【存储切换】U盘不可用(未找到拥有写入权限的U盘)，切换本地存储：/home/kongbin/record_backup
2026-06-21 21:23:18,375 - INFO - 【容量校验】全部录像总大小:0.83GB，上限阈值:4GB
2026-06-21 21:23:48,067 - WARNING - 【存储切换】U盘不可用(未找到拥有写入权限的U盘)，切换本地存储：/home/kongbin/record_backup
2026-06-21 21:23:48,368 - INFO - 【容量校验】全部录像总大小:0.83GB，上限阈值:4GB
2026-06-21 21:24:18,090 - WARNING - 【存储切换】U盘不可用(未找到拥有写入权限的U盘)，切换本地存储：/home/kongbin/record_backup
2026-06-21 21:24:18,392 - INFO - 【容量校验】全部录像总大小:0.83GB，上限阈值:4GB
2026-06-21 21:24:48,069 - WARNING - 【存储切换】U盘不可用(未找到拥有写入权限的U盘)，切换本地存储：/home/kongbin/record_backup
2026-06-21 21:24:48,370 - INFO - 【容量校验】全部录像总大小:0.83GB，上限阈值:4GB
2026-06-21 21:25:18,097 - WARNING - 【存储切换】U盘不可用(未找到拥有写入权限的U盘)，切换本地存储：/home/kongbin/record_backup
2026-06-21 21:25:18,398 - INFO - 【容量校验】全部录像总大小:0.83GB，上限阈值:4GB
2026-06-21 21:25:48,073 - WARNING - 【存储切换】U盘不可用(未找到拥有写入权限的U盘)，切换本地存储：/home/kongbin/record_backup
2026-06-21 21:25:48,374 - INFO - 【容量校验】全部录像总大小:0.83GB，上限阈值:4GB
2026-06-21 21:26:18,075 - WARNING - 【存储切换】U盘不可用(未找到拥有写入权限的U盘)，切换本地存储：/home/kongbin/record_backup
2026-06-21 21:26:18,376 - INFO - 【容量校验】全部录像总大小:0.83GB，上限阈值:4GB
2026-06-21 21:26:48,075 - WARNING - 【存储切换】U盘不可用(未找到拥有写入权限的U盘)，切换本地存储：/home/kongbin/record_backup
2026-06-21 21:26:48,376 - INFO - 【容量校验】全部录像总大小:0.83GB，上限阈值:4GB
2026-06-21 21:27:18,078 - WARNING - 【存储切换】U盘不可用(未找到拥有写入权限的U盘)，切换本地存储：/home/kongbin/record_backup
2026-06-21 21:27:18,379 - INFO - 【容量校验】全部录像总大小:0.83GB，上限阈值:4GB
2026-06-21 21:27:48,075 - WARNING - 【存储切换】U盘不可用(未找到拥有写入权限的U盘)，切换本地存储：/home/kongbin/record_backup
2026-06-21 21:27:48,376 - INFO - 【容量校验】全部录像总大小:0.83GB，上限阈值:4GB
2026-06-21 21:28:18,075 - WARNING - 【存储切换】U盘不可用(未找到拥有写入权限的U盘)，切换本地存储：/home/kongbin/record_backup
2026-06-21 21:28:18,376 - INFO - 【容量校验】全部录像总大小:0.83GB，上限阈值:4GB
2026-06-21 21:28:48,072 - WARNING - 【存储切换】U盘不可用(未找到拥有写入权限的U盘)，切换本地存储：/home/kongbin/record_backup
2026-06-21 21:28:48,373 - INFO - 【容量校验】全部录像总大小:0.83GB，上限阈值:4GB
2026-06-21 21:29:18,070 - WARNING - 【存储切换】U盘不可用(未找到拥有写入权限的U盘)，切换本地存储：/home/kongbin/record_backup
2026-06-21 21:29:18,371 - INFO - 【容量校验】全部录像总大小:0.83GB，上限阈值:4GB
2026-06-21 21:29:48,067 - WARNING - 【存储切换】U盘不可用(未找到拥有写入权限的U盘)，切换本地存储：/home/kongbin/record_backup
2026-06-21 21:29:48,368 - INFO - 【容量校验】全部录像总大小:0.83GB，上限阈值:4GB
2026-06-21 21:30:18,095 - WARNING - 【存储切换】U盘不可用(未找到拥有写入权限的U盘)，切换本地存储：/home/kongbin/record_backup
2026-06-21 21:30:18,396 - INFO - 【容量校验】全部录像总大小:0.83GB，上限阈值:4GB
2026-06-21 21:30:48,095 - WARNING - 【存储切换】U盘不可用(未找到拥有写入权限的U盘)，切换本地存储：/home/kongbin/record_backup
2026-06-21 21:30:48,396 - INFO - 【容量校验】全部录像总大小:0.83GB，上限阈值:4GB
2026-06-21 21:31:18,090 - WARNING - 【存储切换】U盘不可用(未找到拥有写入权限的U盘)，切换本地存储：/home/kongbin/record_backup
2026-06-21 21:31:18,391 - INFO - 【容量校验】全部录像总大小:0.83GB，上限阈值:4GB
2026-06-21 21:31:48,085 - WARNING - 【存储切换】U盘不可用(未找到拥有写入权限的U盘)，切换本地存储：/home/kongbin/record_backup
2026-06-21 21:31:48,386 - INFO - 【容量校验】全部录像总大小:0.83GB，上限阈值:4GB
2026-06-21 21:32:18,085 - WARNING - 【存储切换】U盘不可用(未找到拥有写入权限的U盘)，切换本地存储：/home/kongbin/record_backup
2026-06-21 21:32:18,386 - INFO - 【容量校验】全部录像总大小:0.83GB，上限阈值:4GB
2026-06-21 21:32:48,084 - WARNING - 【存储切换】U盘不可用(未找到拥有写入权限的U盘)，切换本地存储：/home/kongbin/record_backup
2026-06-21 21:32:48,386 - INFO - 【容量校验】全部录像总大小:0.83GB，上限阈值:4GB
2026-06-21 21:33:18,080 - WARNING - 【存储切换】U盘不可用(未找到拥有写入权限的U盘)，切换本地存储：/home/kongbin/record_backup
2026-06-21 21:33:18,381 - INFO - 【容量校验】全部录像总大小:0.83GB，上限阈值:4GB
2026-06-21 21:33:48,077 - WARNING - 【存储切换】U盘不可用(未找到拥有写入权限的U盘)，切换本地存储：/home/kongbin/record_backup
2026-06-21 21:33:48,378 - INFO - 【容量校验】全部录像总大小:0.83GB，上限阈值:4GB
2026-06-21 21:34:18,073 - WARNING - 【存储切换】U盘不可用(未找到拥有写入权限的U盘)，切换本地存储：/home/kongbin/record_backup
2026-06-21 21:34:18,374 - INFO - 【容量校验】全部录像总大小:0.83GB，上限阈值:4GB
2026-06-21 21:34:48,071 - WARNING - 【存储切换】U盘不可用(未找到拥有写入权限的U盘)，切换本地存储：/home/kongbin/record_backup
2026-06-21 21:34:48,373 - INFO - 【容量校验】全部录像总大小:0.83GB，上限阈值:4GB
2026-06-21 21:35:18,066 - WARNING - 【存储切换】U盘不可用(未找到拥有写入权限的U盘)，切换本地存储：/home/kongbin/record_backup
2026-06-21 21:35:18,367 - INFO - 【容量校验】全部录像总大小:0.83GB，上限阈值:4GB
2026-06-21 21:35:48,091 - WARNING - 【存储切换】U盘不可用(未找到拥有写入权限的U盘)，切换本地存储：/home/kongbin/record_backup
2026-06-21 21:35:48,392 - INFO - 【容量校验】全部录像总大小:0.83GB，上限阈值:4GB
2026-06-21 21:36:18,086 - WARNING - 【存储切换】U盘不可用(未找到拥有写入权限的U盘)，切换本地存储：/home/kongbin/record_backup
2026-06-21 21:36:18,387 - INFO - 【容量校验】全部录像总大小:0.83GB，上限阈值:4GB
2026-06-21 21:36:48,084 - WARNING - 【存储切换】U盘不可用(未找到拥有写入权限的U盘)，切换本地存储：/home/kongbin/record_backup
2026-06-21 21:36:48,385 - INFO - 【容量校验】全部录像总大小:0.83GB，上限阈值:4GB
2026-06-21 21:37:18,082 - WARNING - 【存储切换】U盘不可用(未找到拥有写入权限的U盘)，切换本地存储：/home/kongbin/record_backup
2026-06-21 21:37:18,383 - INFO - 【容量校验】全部录像总大小:0.83GB，上限阈值:4GB
2026-06-21 21:37:48,076 - WARNING - 【存储切换】U盘不可用(未找到拥有写入权限的U盘)，切换本地存储：/home/kongbin/record_backup
2026-06-21 21:37:48,377 - INFO - 【容量校验】全部录像总大小:0.83GB，上限阈值:4GB
2026-06-21 21:38:18,074 - WARNING - 【存储切换】U盘不可用(未找到拥有写入权限的U盘)，切换本地存储：/home/kongbin/record_backup
2026-06-21 21:38:18,375 - INFO - 【容量校验】全部录像总大小:0.83GB，上限阈值:4GB
2026-06-21 21:38:48,068 - WARNING - 【存储切换】U盘不可用(未找到拥有写入权限的U盘)，切换本地存储：/home/kongbin/record_backup
2026-06-21 21:38:48,369 - INFO - 【容量校验】全部录像总大小:0.83GB，上限阈值:4GB
2026-06-21 21:39:18,091 - WARNING - 【存储切换】U盘不可用(未找到拥有写入权限的U盘)，切换本地存储：/home/kongbin/record_backup
2026-06-21 21:39:18,392 - INFO - 【容量校验】全部录像总大小:0.83GB，上限阈值:4GB
2026-06-21 21:39:48,090 - WARNING - 【存储切换】U盘不可用(未找到拥有写入权限的U盘)，切换本地存储：/home/kongbin/record_backup
2026-06-21 21:39:48,390 - INFO - 【容量校验】全部录像总大小:0.83GB，上限阈值:4GB
2026-06-21 21:40:18,093 - WARNING - 【存储切换】U盘不可用(未找到拥有写入权限的U盘)，切换本地存储：/home/kongbin/record_backup
2026-06-21 21:40:18,394 - INFO - 【容量校验】全部录像总大小:0.83GB，上限阈值:4GB
2026-06-21 21:40:48,082 - WARNING - 【存储切换】U盘不可用(未找到拥有写入权限的U盘)，切换本地存储：/home/kongbin/record_backup
2026-06-21 21:40:48,384 - INFO - 【容量校验】全部录像总大小:0.83GB，上限阈值:4GB
2026-06-21 21:41:18,079 - WARNING - 【存储切换】U盘不可用(未找到拥有写入权限的U盘)，切换本地存储：/home/kongbin/record_backup
2026-06-21 21:41:18,380 - INFO - 【容量校验】全部录像总大小:0.83GB，上限阈值:4GB
2026-06-21 21:41:48,079 - WARNING - 【存储切换】U盘不可用(未找到拥有写入权限的U盘)，切换本地存储：/home/kongbin/record_backup
2026-06-21 21:41:48,380 - INFO - 【容量校验】全部录像总大小:0.83GB，上限阈值:4GB
2026-06-21 21:42:18,066 - WARNING - 【存储切换】U盘不可用(未找到拥有写入权限的U盘)，切换本地存储：/home/kongbin/record_backup
2026-06-21 21:42:18,367 - INFO - 【容量校验】全部录像总大小:0.83GB，上限阈值:4GB
2026-06-21 21:42:48,086 - WARNING - 【存储切换】U盘不可用(未找到拥有写入权限的U盘)，切换本地存储：/home/kongbin/record_backup
2026-06-21 21:42:48,387 - INFO - 【容量校验】全部录像总大小:0.83GB，上限阈值:4GB
2026-06-21 21:43:18,085 - WARNING - 【存储切换】U盘不可用(未找到拥有写入权限的U盘)，切换本地存储：/home/kongbin/record_backup
2026-06-21 21:43:18,386 - INFO - 【容量校验】全部录像总大小:0.83GB，上限阈值:4GB
2026-06-21 21:43:48,079 - WARNING - 【存储切换】U盘不可用(未找到拥有写入权限的U盘)，切换本地存储：/home/kongbin/record_backup
2026-06-21 21:43:48,380 - INFO - 【容量校验】全部录像总大小:0.83GB，上限阈值:4GB
2026-06-21 21:44:18,072 - WARNING - 【存储切换】U盘不可用(未找到拥有写入权限的U盘)，切换本地存储：/home/kongbin/record_backup
2026-06-21 21:44:18,373 - INFO - 【容量校验】全部录像总大小:0.83GB，上限阈值:4GB
2026-06-21 21:44:48,067 - WARNING - 【存储切换】U盘不可用(未找到拥有写入权限的U盘)，切换本地存储：/home/kongbin/record_backup
2026-06-21 21:44:48,368 - INFO - 【容量校验】全部录像总大小:0.83GB，上限阈值:4GB
2026-06-21 21:45:18,088 - WARNING - 【存储切换】U盘不可用(未找到拥有写入权限的U盘)，切换本地存储：/home/kongbin/record_backup
2026-06-21 21:45:18,389 - INFO - 【容量校验】全部录像总大小:0.83GB，上限阈值:4GB
2026-06-21 21:45:48,089 - WARNING - 【存储切换】U盘不可用(未找到拥有写入权限的U盘)，切换本地存储：/home/kongbin/record_backup
2026-06-21 21:45:48,390 - INFO - 【容量校验】全部录像总大小:0.83GB，上限阈值:4GB
2026-06-21 21:46:18,081 - WARNING - 【存储切换】U盘不可用(未找到拥有写入权限的U盘)，切换本地存储：/home/kongbin/record_backup
2026-06-21 21:46:18,382 - INFO - 【容量校验】全部录像总大小:0.83GB，上限阈值:4GB
2026-06-21 21:46:48,074 - WARNING - 【存储切换】U盘不可用(未找到拥有写入权限的U盘)，切换本地存储：/home/kongbin/record_backup
2026-06-21 21:46:48,375 - INFO - 【容量校验】全部录像总大小:0.83GB，上限阈值:4GB
2026-06-21 21:47:18,072 - WARNING - 【存储切换】U盘不可用(未找到拥有写入权限的U盘)，切换本地存储：/home/kongbin/record_backup
2026-06-21 21:47:18,373 - INFO - 【容量校验】全部录像总大小:0.83GB，上限阈值:4GB
2026-06-21 21:47:48,063 - WARNING - 【存储切换】U盘不可用(未找到拥有写入权限的U盘)，切换本地存储：/home/kongbin/record_backup
2026-06-21 21:47:48,365 - INFO - 【容量校验】全部录像总大小:0.83GB，上限阈值:4GB
2026-06-21 21:48:18,086 - WARNING - 【存储切换】U盘不可用(未找到拥有写入权限的U盘)，切换本地存储：/home/kongbin/record_backup
2026-06-21 21:48:18,387 - INFO - 【容量校验】全部录像总大小:0.83GB，上限阈值:4GB
2026-06-21 21:48:48,086 - WARNING - 【存储切换】U盘不可用(未找到拥有写入权限的U盘)，切换本地存储：/home/kongbin/record_backup
2026-06-21 21:48:48,387 - INFO - 【容量校验】全部录像总大小:0.83GB，上限阈值:4GB
2026-06-21 21:49:18,080 - WARNING - 【存储切换】U盘不可用(未找到拥有写入权限的U盘)，切换本地存储：/home/kongbin/record_backup
2026-06-21 21:49:18,382 - INFO - 【容量校验】全部录像总大小:0.83GB，上限阈值:4GB
2026-06-21 21:49:48,075 - WARNING - 【存储切换】U盘不可用(未找到拥有写入权限的U盘)，切换本地存储：/home/kongbin/record_backup
2026-06-21 21:49:48,376 - INFO - 【容量校验】全部录像总大小:0.83GB，上限阈值:4GB
2026-06-21 21:50:18,072 - WARNING - 【存储切换】U盘不可用(未找到拥有写入权限的U盘)，切换本地存储：/home/kongbin/record_backup
2026-06-21 21:50:18,373 - INFO - 【容量校验】全部录像总大小:0.83GB，上限阈值:4GB
2026-06-21 21:50:48,064 - WARNING - 【存储切换】U盘不可用(未找到拥有写入权限的U盘)，切换本地存储：/home/kongbin/record_backup
2026-06-21 21:50:48,365 - INFO - 【容量校验】全部录像总大小:0.83GB，上限阈值:4GB
2026-06-21 21:51:18,086 - WARNING - 【存储切换】U盘不可用(未找到拥有写入权限的U盘)，切换本地存储：/home/kongbin/record_backup
2026-06-21 21:51:18,387 - INFO - 【容量校验】全部录像总大小:0.83GB，上限阈值:4GB
2026-06-21 21:51:48,085 - WARNING - 【存储切换】U盘不可用(未找到拥有写入权限的U盘)，切换本地存储：/home/kongbin/record_backup
2026-06-21 21:51:48,387 - INFO - 【容量校验】全部录像总大小:0.83GB，上限阈值:4GB
2026-06-21 21:52:18,081 - WARNING - 【存储切换】U盘不可用(未找到拥有写入权限的U盘)，切换本地存储：/home/kongbin/record_backup
2026-06-21 21:52:18,382 - INFO - 【容量校验】全部录像总大小:0.83GB，上限阈值:4GB
2026-06-21 21:52:48,080 - WARNING - 【存储切换】U盘不可用(未找到拥有写入权限的U盘)，切换本地存储：/home/kongbin/record_backup
2026-06-21 21:52:48,381 - INFO - 【容量校验】全部录像总大小:0.83GB，上限阈值:4GB
2026-06-21 21:53:18,073 - WARNING - 【存储切换】U盘不可用(未找到拥有写入权限的U盘)，切换本地存储：/home/kongbin/record_backup
2026-06-21 21:53:18,374 - INFO - 【容量校验】全部录像总大小:0.83GB，上限阈值:4GB
2026-06-21 21:53:48,063 - WARNING - 【存储切换】U盘不可用(未找到拥有写入权限的U盘)，切换本地存储：/home/kongbin/record_backup
2026-06-21 21:53:48,364 - INFO - 【容量校验】全部录像总大小:0.83GB，上限阈值:4GB
2026-06-21 21:54:18,085 - WARNING - 【存储切换】U盘不可用(未找到拥有写入权限的U盘)，切换本地存储：/home/kongbin/record_backup
2026-06-21 21:54:18,386 - INFO - 【容量校验】全部录像总大小:0.83GB，上限阈值:4GB
2026-06-21 21:54:48,087 - WARNING - 【存储切换】U盘不可用(未找到拥有写入权限的U盘)，切换本地存储：/home/kongbin/record_backup
2026-06-21 21:54:48,388 - INFO - 【容量校验】全部录像总大小:0.83GB，上限阈值:4GB
2026-06-21 21:55:18,083 - WARNING - 【存储切换】U盘不可用(未找到拥有写入权限的U盘)，切换本地存储：/home/kongbin/record_backup
2026-06-21 21:55:18,384 - INFO - 【容量校验】全部录像总大小:0.83GB，上限阈值:4GB
2026-06-21 21:55:48,075 - WARNING - 【存储切换】U盘不可用(未找到拥有写入权限的U盘)，切换本地存储：/home/kongbin/record_backup
2026-06-21 21:55:48,376 - INFO - 【容量校验】全部录像总大小:0.83GB，上限阈值:4GB
2026-06-21 21:56:18,073 - WARNING - 【存储切换】U盘不可用(未找到拥有写入权限的U盘)，切换本地存储：/home/kongbin/record_backup
2026-06-21 21:56:18,374 - INFO - 【容量校验】全部录像总大小:0.83GB，上限阈值:4GB
2026-06-21 21:56:48,068 - WARNING - 【存储切换】U盘不可用(未找到拥有写入权限的U盘)，切换本地存储：/home/kongbin/record_backup
2026-06-21 21:56:48,369 - INFO - 【容量校验】全部录像总大小:0.83GB，上限阈值:4GB
2026-06-21 21:57:18,087 - WARNING - 【存储切换】U盘不可用(未找到拥有写入权限的U盘)，切换本地存储：/home/kongbin/record_backup
2026-06-21 21:57:18,388 - INFO - 【容量校验】全部录像总大小:0.83GB，上限阈值:4GB
2026-06-21 21:57:48,086 - WARNING - 【存储切换】U盘不可用(未找到拥有写入权限的U盘)，切换本地存储：/home/kongbin/record_backup
2026-06-21 21:57:48,387 - INFO - 【容量校验】全部录像总大小:0.83GB，上限阈值:4GB
2026-06-21 21:58:18,082 - WARNING - 【存储切换】U盘不可用(未找到拥有写入权限的U盘)，切换本地存储：/home/kongbin/record_backup
2026-06-21 21:58:18,383 - INFO - 【容量校验】全部录像总大小:0.83GB，上限阈值:4GB
2026-06-21 21:58:48,076 - WARNING - 【存储切换】U盘不可用(未找到拥有写入权限的U盘)，切换本地存储：/home/kongbin/record_backup
2026-06-21 21:58:48,377 - INFO - 【容量校验】全部录像总大小:0.83GB，上限阈值:4GB
2026-06-21 21:59:18,071 - WARNING - 【存储切换】U盘不可用(未找到拥有写入权限的U盘)，切换本地存储：/home/kongbin/record_backup
2026-06-21 21:59:18,372 - INFO - 【容量校验】全部录像总大小:0.83GB，上限阈值:4GB
2026-06-21 21:59:48,096 - WARNING - 【存储切换】U盘不可用(未找到拥有写入权限的U盘)，切换本地存储：/home/kongbin/record_backup
2026-06-21 21:59:48,397 - INFO - 【容量校验】全部录像总大小:0.83GB，上限阈值:4GB
2026-06-21 22:00:18,091 - WARNING - 【存储切换】U盘不可用(未找到拥有写入权限的U盘)，切换本地存储：/home/kongbin/record_backup
2026-06-21 22:00:18,392 - INFO - 【容量校验】全部录像总大小:0.83GB，上限阈值:4GB
2026-06-21 22:00:48,085 - WARNING - 【存储切换】U盘不可用(未找到拥有写入权限的U盘)，切换本地存储：/home/kongbin/record_backup
2026-06-21 22:00:48,386 - INFO - 【容量校验】全部录像总大小:0.83GB，上限阈值:4GB
2026-06-21 22:01:18,083 - WARNING - 【存储切换】U盘不可用(未找到拥有写入权限的U盘)，切换本地存储：/home/kongbin/record_backup
2026-06-21 22:01:18,384 - INFO - 【容量校验】全部录像总大小:0.83GB，上限阈值:4GB
2026-06-21 22:01:48,080 - WARNING - 【存储切换】U盘不可用(未找到拥有写入权限的U盘)，切换本地存储：/home/kongbin/record_backup
2026-06-21 22:01:48,381 - INFO - 【容量校验】全部录像总大小:0.83GB，上限阈值:4GB
2026-06-21 22:02:18,075 - WARNING - 【存储切换】U盘不可用(未找到拥有写入权限的U盘)，切换本地存储：/home/kongbin/record_backup
2026-06-21 22:02:18,376 - INFO - 【容量校验】全部录像总大小:0.83GB，上限阈值:4GB
2026-06-21 22:02:48,068 - WARNING - 【存储切换】U盘不可用(未找到拥有写入权限的U盘)，切换本地存储：/home/kongbin/record_backup
2026-06-21 22:02:48,369 - INFO - 【容量校验】全部录像总大小:0.83GB，上限阈值:4GB
2026-06-21 22:03:18,091 - WARNING - 【存储切换】U盘不可用(未找到拥有写入权限的U盘)，切换本地存储：/home/kongbin/record_backup
2026-06-21 22:03:18,392 - INFO - 【容量校验】全部录像总大小:0.83GB，上限阈值:4GB
2026-06-21 22:03:48,086 - WARNING - 【存储切换】U盘不可用(未找到拥有写入权限的U盘)，切换本地存储：/home/kongbin/record_backup
2026-06-21 22:03:48,387 - INFO - 【容量校验】全部录像总大小:0.83GB，上限阈值:4GB
2026-06-21 22:04:18,086 - WARNING - 【存储切换】U盘不可用(未找到拥有写入权限的U盘)，切换本地存储：/home/kongbin/record_backup
2026-06-21 22:04:18,387 - INFO - 【容量校验】全部录像总大小:0.83GB，上限阈值:4GB
2026-06-21 22:04:48,083 - WARNING - 【存储切换】U盘不可用(未找到拥有写入权限的U盘)，切换本地存储：/home/kongbin/record_backup
2026-06-21 22:04:48,384 - INFO - 【容量校验】全部录像总大小:0.83GB，上限阈值:4GB
2026-06-21 22:05:18,076 - WARNING - 【存储切换】U盘不可用(未找到拥有写入权限的U盘)，切换本地存储：/home/kongbin/record_backup
2026-06-21 22:05:18,377 - INFO - 【容量校验】全部录像总大小:0.83GB，上限阈值:4GB
2026-06-21 22:05:48,072 - WARNING - 【存储切换】U盘不可用(未找到拥有写入权限的U盘)，切换本地存储：/home/kongbin/record_backup
2026-06-21 22:05:48,373 - INFO - 【容量校验】全部录像总大小:0.83GB，上限阈值:4GB
2026-06-21 22:06:18,098 - WARNING - 【存储切换】U盘不可用(未找到拥有写入权限的U盘)，切换本地存储：/home/kongbin/record_backup
2026-06-21 22:06:18,399 - INFO - 【容量校验】全部录像总大小:0.83GB，上限阈值:4GB
2026-06-21 22:06:48,090 - WARNING - 【存储切换】U盘不可用(未找到拥有写入权限的U盘)，切换本地存储：/home/kongbin/record_backup
2026-06-21 22:06:48,391 - INFO - 【容量校验】全部录像总大小:0.83GB，上限阈值:4GB
2026-06-21 22:07:18,090 - WARNING - 【存储切换】U盘不可用(未找到拥有写入权限的U盘)，切换本地存储：/home/kongbin/record_backup
2026-06-21 22:07:18,392 - INFO - 【容量校验】全部录像总大小:0.83GB，上限阈值:4GB
2026-06-21 22:07:48,085 - WARNING - 【存储切换】U盘不可用(未找到拥有写入权限的U盘)，切换本地存储：/home/kongbin/record_backup
2026-06-21 22:07:48,386 - INFO - 【容量校验】全部录像总大小:0.83GB，上限阈值:4GB
2026-06-21 22:08:18,081 - WARNING - 【存储切换】U盘不可用(未找到拥有写入权限的U盘)，切换本地存储：/home/kongbin/record_backup
2026-06-21 22:08:18,382 - INFO - 【容量校验】全部录像总大小:0.83GB，上限阈值:4GB
2026-06-21 22:08:48,079 - WARNING - 【存储切换】U盘不可用(未找到拥有写入权限的U盘)，切换本地存储：/home/kongbin/record_backup
2026-06-21 22:08:48,380 - INFO - 【容量校验】全部录像总大小:0.83GB，上限阈值:4GB
2026-06-21 22:09:18,072 - WARNING - 【存储切换】U盘不可用(未找到拥有写入权限的U盘)，切换本地存储：/home/kongbin/record_backup
2026-06-21 22:09:18,373 - INFO - 【容量校验】全部录像总大小:0.83GB，上限阈值:4GB
2026-06-21 22:09:48,068 - WARNING - 【存储切换】U盘不可用(未找到拥有写入权限的U盘)，切换本地存储：/home/kongbin/record_backup
2026-06-21 22:09:48,369 - INFO - 【容量校验】全部录像总大小:0.83GB，上限阈值:4GB
2026-06-21 22:10:18,090 - WARNING - 【存储切换】U盘不可用(未找到拥有写入权限的U盘)，切换本地存储：/home/kongbin/record_backup
2026-06-21 22:10:18,391 - INFO - 【容量校验】全部录像总大小:0.83GB，上限阈值:4GB
2026-06-21 22:10:48,089 - WARNING - 【存储切换】U盘不可用(未找到拥有写入权限的U盘)，切换本地存储：/home/kongbin/record_backup
2026-06-21 22:10:48,390 - INFO - 【容量校验】全部录像总大小:0.83GB，上限阈值:4GB
2026-06-21 22:11:18,083 - WARNING - 【存储切换】U盘不可用(未找到拥有写入权限的U盘)，切换本地存储：/home/kongbin/record_backup
2026-06-21 22:11:18,384 - INFO - 【容量校验】全部录像总大小:0.83GB，上限阈值:4GB
2026-06-21 22:11:48,078 - WARNING - 【存储切换】U盘不可用(未找到拥有写入权限的U盘)，切换本地存储：/home/kongbin/record_backup
2026-06-21 22:11:48,379 - INFO - 【容量校验】全部录像总大小:0.83GB，上限阈值:4GB
2026-06-21 22:12:18,076 - WARNING - 【存储切换】U盘不可用(未找到拥有写入权限的U盘)，切换本地存储：/home/kongbin/record_backup
2026-06-21 22:12:18,377 - INFO - 【容量校验】全部录像总大小:0.83GB，上限阈值:4GB
2026-06-21 22:12:48,073 - WARNING - 【存储切换】U盘不可用(未找到拥有写入权限的U盘)，切换本地存储：/home/kongbin/record_backup
2026-06-21 22:12:48,374 - INFO - 【容量校验】全部录像总大小:0.83GB，上限阈值:4GB
2026-06-21 22:13:18,064 - WARNING - 【存储切换】U盘不可用(未找到拥有写入权限的U盘)，切换本地存储：/home/kongbin/record_backup
2026-06-21 22:13:18,365 - INFO - 【容量校验】全部录像总大小:0.83GB，上限阈值:4GB
2026-06-21 22:13:48,087 - WARNING - 【存储切换】U盘不可用(未找到拥有写入权限的U盘)，切换本地存储：/home/kongbin/record_backup
2026-06-21 22:13:48,388 - INFO - 【容量校验】全部录像总大小:0.83GB，上限阈值:4GB
2026-06-21 22:14:18,088 - WARNING - 【存储切换】U盘不可用(未找到拥有写入权限的U盘)，切换本地存储：/home/kongbin/record_backup
2026-06-21 22:14:18,389 - INFO - 【容量校验】全部录像总大小:0.83GB，上限阈值:4GB
2026-06-21 22:14:48,085 - WARNING - 【存储切换】U盘不可用(未找到拥有写入权限的U盘)，切换本地存储：/home/kongbin/record_backup
2026-06-21 22:14:48,386 - INFO - 【容量校验】全部录像总大小:0.83GB，上限阈值:4GB
2026-06-21 22:15:18,080 - WARNING - 【存储切换】U盘不可用(未找到拥有写入权限的U盘)，切换本地存储：/home/kongbin/record_backup
2026-06-21 22:15:18,381 - INFO - 【容量校验】全部录像总大小:0.83GB，上限阈值:4GB
2026-06-21 22:15:48,072 - WARNING - 【存储切换】U盘不可用(未找到拥有写入权限的U盘)，切换本地存储：/home/kongbin/record_backup
2026-06-21 22:15:48,373 - INFO - 【容量校验】全部录像总大小:0.83GB，上限阈值:4GB
2026-06-21 22:16:18,097 - WARNING - 【存储切换】U盘不可用(未找到拥有写入权限的U盘)，切换本地存储：/home/kongbin/record_backup
2026-06-21 22:16:18,398 - INFO - 【容量校验】全部录像总大小:0.83GB，上限阈值:4GB
2026-06-21 22:16:48,089 - WARNING - 【存储切换】U盘不可用(未找到拥有写入权限的U盘)，切换本地存储：/home/kongbin/record_backup
2026-06-21 22:16:48,390 - INFO - 【容量校验】全部录像总大小:0.83GB，上限阈值:4GB
2026-06-21 22:17:18,085 - WARNING - 【存储切换】U盘不可用(未找到拥有写入权限的U盘)，切换本地存储：/home/kongbin/record_backup
2026-06-21 22:17:18,386 - INFO - 【容量校验】全部录像总大小:0.83GB，上限阈值:4GB
2026-06-21 22:17:48,082 - WARNING - 【存储切换】U盘不可用(未找到拥有写入权限的U盘)，切换本地存储：/home/kongbin/record_backup
2026-06-21 22:17:48,384 - INFO - 【容量校验】全部录像总大小:0.83GB，上限阈值:4GB
2026-06-21 22:18:18,074 - WARNING - 【存储切换】U盘不可用(未找到拥有写入权限的U盘)，切换本地存储：/home/kongbin/record_backup
2026-06-21 22:18:18,376 - INFO - 【容量校验】全部录像总大小:0.83GB，上限阈值:4GB
2026-06-21 22:18:48,079 - WARNING - 【存储切换】U盘不可用(未找到拥有写入权限的U盘)，切换本地存储：/home/kongbin/record_backup
2026-06-21 22:18:48,380 - INFO - 【容量校验】全部录像总大小:0.83GB，上限阈值:4GB
2026-06-21 22:19:18,066 - WARNING - 【存储切换】U盘不可用(未找到拥有写入权限的U盘)，切换本地存储：/home/kongbin/record_backup
2026-06-21 22:19:18,367 - INFO - 【容量校验】全部录像总大小:0.83GB，上限阈值:4GB
2026-06-21 22:19:48,084 - WARNING - 【存储切换】U盘不可用(未找到拥有写入权限的U盘)，切换本地存储：/home/kongbin/record_backup
2026-06-21 22:19:48,385 - INFO - 【容量校验】全部录像总大小:0.83GB，上限阈值:4GB
2026-06-21 22:20:18,085 - WARNING - 【存储切换】U盘不可用(未找到拥有写入权限的U盘)，切换本地存储：/home/kongbin/record_backup
2026-06-21 22:20:18,387 - INFO - 【容量校验】全部录像总大小:0.83GB，上限阈值:4GB
2026-06-21 22:20:48,078 - WARNING - 【存储切换】U盘不可用(未找到拥有写入权限的U盘)，切换本地存储：/home/kongbin/record_backup
2026-06-21 22:20:48,379 - INFO - 【容量校验】全部录像总大小:0.83GB，上限阈值:4GB
2026-06-21 22:21:18,078 - WARNING - 【存储切换】U盘不可用(未找到拥有写入权限的U盘)，切换本地存储：/home/kongbin/record_backup
2026-06-21 22:21:18,378 - INFO - 【容量校验】全部录像总大小:0.83GB，上限阈值:4GB
2026-06-21 22:21:48,067 - WARNING - 【存储切换】U盘不可用(未找到拥有写入权限的U盘)，切换本地存储：/home/kongbin/record_backup
2026-06-21 22:21:48,369 - INFO - 【容量校验】全部录像总大小:0.83GB，上限阈值:4GB
2026-06-21 22:22:18,094 - WARNING - 【存储切换】U盘不可用(未找到拥有写入权限的U盘)，切换本地存储：/home/kongbin/record_backup
2026-06-21 22:22:18,395 - INFO - 【容量校验】全部录像总大小:0.83GB，上限阈值:4GB
2026-06-21 22:22:48,086 - WARNING - 【存储切换】U盘不可用(未找到拥有写入权限的U盘)，切换本地存储：/home/kongbin/record_backup
2026-06-21 22:22:48,387 - INFO - 【容量校验】全部录像总大小:0.83GB，上限阈值:4GB
2026-06-21 22:23:18,085 - WARNING - 【存储切换】U盘不可用(未找到拥有写入权限的U盘)，切换本地存储：/home/kongbin/record_backup
2026-06-21 22:23:18,386 - INFO - 【容量校验】全部录像总大小:0.83GB，上限阈值:4GB
2026-06-21 22:23:48,080 - WARNING - 【存储切换】U盘不可用(未找到拥有写入权限的U盘)，切换本地存储：/home/kongbin/record_backup
2026-06-21 22:23:48,381 - INFO - 【容量校验】全部录像总大小:0.83GB，上限阈值:4GB
2026-06-21 22:24:18,073 - WARNING - 【存储切换】U盘不可用(未找到拥有写入权限的U盘)，切换本地存储：/home/kongbin/record_backup
2026-06-21 22:24:18,374 - INFO - 【容量校验】全部录像总大小:0.83GB，上限阈值:4GB
2026-06-21 22:24:48,072 - WARNING - 【存储切换】U盘不可用(未找到拥有写入权限的U盘)，切换本地存储：/home/kongbin/record_backup
2026-06-21 22:24:48,374 - INFO - 【容量校验】全部录像总大小:0.83GB，上限阈值:4GB
2026-06-21 22:25:18,063 - WARNING - 【存储切换】U盘不可用(未找到拥有写入权限的U盘)，切换本地存储：/home/kongbin/record_backup
2026-06-21 22:25:18,364 - INFO - 【容量校验】全部录像总大小:0.83GB，上限阈值:4GB
2026-06-21 22:25:48,086 - WARNING - 【存储切换】U盘不可用(未找到拥有写入权限的U盘)，切换本地存储：/home/kongbin/record_backup
2026-06-21 22:25:48,387 - INFO - 【容量校验】全部录像总大小:0.83GB，上限阈值:4GB
2026-06-21 22:26:18,087 - WARNING - 【存储切换】U盘不可用(未找到拥有写入权限的U盘)，切换本地存储：/home/kongbin/record_backup
2026-06-21 22:26:18,388 - INFO - 【容量校验】全部录像总大小:0.83GB，上限阈值:4GB
2026-06-21 22:26:48,080 - WARNING - 【存储切换】U盘不可用(未找到拥有写入权限的U盘)，切换本地存储：/home/kongbin/record_backup
2026-06-21 22:26:48,381 - INFO - 【容量校验】全部录像总大小:0.83GB，上限阈值:4GB
2026-06-21 22:27:18,079 - WARNING - 【存储切换】U盘不可用(未找到拥有写入权限的U盘)，切换本地存储：/home/kongbin/record_backup
2026-06-21 22:27:18,380 - INFO - 【容量校验】全部录像总大小:0.83GB，上限阈值:4GB
2026-06-21 22:27:48,070 - WARNING - 【存储切换】U盘不可用(未找到拥有写入权限的U盘)，切换本地存储：/home/kongbin/record_backup
2026-06-21 22:27:48,371 - INFO - 【容量校验】全部录像总大小:0.83GB，上限阈值:4GB
2026-06-21 22:28:18,095 - WARNING - 【存储切换】U盘不可用(未找到拥有写入权限的U盘)，切换本地存储：/home/kongbin/record_backup
2026-06-21 22:28:18,396 - INFO - 【容量校验】全部录像总大小:0.83GB，上限阈值:4GB
2026-06-21 22:28:48,089 - WARNING - 【存储切换】U盘不可用(未找到拥有写入权限的U盘)，切换本地存储：/home/kongbin/record_backup
2026-06-21 22:28:48,390 - INFO - 【容量校验】全部录像总大小:0.83GB，上限阈值:4GB
2026-06-21 22:29:18,087 - WARNING - 【存储切换】U盘不可用(未找到拥有写入权限的U盘)，切换本地存储：/home/kongbin/record_backup
2026-06-21 22:29:18,388 - INFO - 【容量校验】全部录像总大小:0.83GB，上限阈值:4GB
2026-06-21 22:29:48,080 - WARNING - 【存储切换】U盘不可用(未找到拥有写入权限的U盘)，切换本地存储：/home/kongbin/record_backup
2026-06-21 22:29:48,382 - INFO - 【容量校验】全部录像总大小:0.83GB，上限阈值:4GB
2026-06-21 22:30:18,079 - WARNING - 【存储切换】U盘不可用(未找到拥有写入权限的U盘)，切换本地存储：/home/kongbin/record_backup
2026-06-21 22:30:18,380 - INFO - 【容量校验】全部录像总大小:0.83GB，上限阈值:4GB
2026-06-21 22:30:48,073 - WARNING - 【存储切换】U盘不可用(未找到拥有写入权限的U盘)，切换本地存储：/home/kongbin/record_backup
2026-06-21 22:30:48,374 - INFO - 【容量校验】全部录像总大小:0.83GB，上限阈值:4GB
2026-06-21 22:31:18,070 - WARNING - 【存储切换】U盘不可用(未找到拥有写入权限的U盘)，切换本地存储：/home/kongbin/record_backup
2026-06-21 22:31:18,371 - INFO - 【容量校验】全部录像总大小:0.83GB，上限阈值:4GB
2026-06-21 22:31:48,089 - WARNING - 【存储切换】U盘不可用(未找到拥有写入权限的U盘)，切换本地存储：/home/kongbin/record_backup
2026-06-21 22:31:48,390 - INFO - 【容量校验】全部录像总大小:0.83GB，上限阈值:4GB
2026-06-21 22:32:18,087 - WARNING - 【存储切换】U盘不可用(未找到拥有写入权限的U盘)，切换本地存储：/home/kongbin/record_backup
2026-06-21 22:32:18,389 - INFO - 【容量校验】全部录像总大小:0.83GB，上限阈值:4GB
2026-06-21 22:32:48,084 - WARNING - 【存储切换】U盘不可用(未找到拥有写入权限的U盘)，切换本地存储：/home/kongbin/record_backup
2026-06-21 22:32:48,385 - INFO - 【容量校验】全部录像总大小:0.83GB，上限阈值:4GB
2026-06-21 22:33:18,078 - WARNING - 【存储切换】U盘不可用(未找到拥有写入权限的U盘)，切换本地存储：/home/kongbin/record_backup
2026-06-21 22:33:18,379 - INFO - 【容量校验】全部录像总大小:0.83GB，上限阈值:4GB
2026-06-21 22:33:48,075 - WARNING - 【存储切换】U盘不可用(未找到拥有写入权限的U盘)，切换本地存储：/home/kongbin/record_backup
2026-06-21 22:33:48,376 - INFO - 【容量校验】全部录像总大小:0.83GB，上限阈值:4GB
2026-06-21 22:34:18,067 - WARNING - 【存储切换】U盘不可用(未找到拥有写入权限的U盘)，切换本地存储：/home/kongbin/record_backup
2026-06-21 22:34:18,368 - INFO - 【容量校验】全部录像总大小:0.83GB，上限阈值:4GB
2026-06-21 22:34:48,093 - WARNING - 【存储切换】U盘不可用(未找到拥有写入权限的U盘)，切换本地存储：/home/kongbin/record_backup
2026-06-21 22:34:48,394 - INFO - 【容量校验】全部录像总大小:0.83GB，上限阈值:4GB
2026-06-21 22:35:18,086 - WARNING - 【存储切换】U盘不可用(未找到拥有写入权限的U盘)，切换本地存储：/home/kongbin/record_backup
2026-06-21 22:35:18,387 - INFO - 【容量校验】全部录像总大小:0.83GB，上限阈值:4GB
2026-06-21 22:35:48,085 - WARNING - 【存储切换】U盘不可用(未找到拥有写入权限的U盘)，切换本地存储：/home/kongbin/record_backup
2026-06-21 22:35:48,387 - INFO - 【容量校验】全部录像总大小:0.83GB，上限阈值:4GB
2026-06-21 22:36:18,083 - WARNING - 【存储切换】U盘不可用(未找到拥有写入权限的U盘)，切换本地存储：/home/kongbin/record_backup
2026-06-21 22:36:18,384 - INFO - 【容量校验】全部录像总大小:0.83GB，上限阈值:4GB
2026-06-21 22:36:48,074 - WARNING - 【存储切换】U盘不可用(未找到拥有写入权限的U盘)，切换本地存储：/home/kongbin/record_backup
2026-06-21 22:36:48,375 - INFO - 【容量校验】全部录像总大小:0.83GB，上限阈值:4GB
2026-06-21 22:37:18,071 - WARNING - 【存储切换】U盘不可用(未找到拥有写入权限的U盘)，切换本地存储：/home/kongbin/record_backup
2026-06-21 22:37:18,372 - INFO - 【容量校验】全部录像总大小:0.83GB，上限阈值:4GB
2026-06-21 22:37:48,093 - WARNING - 【存储切换】U盘不可用(未找到拥有写入权限的U盘)，切换本地存储：/home/kongbin/record_backup
2026-06-21 22:37:48,394 - INFO - 【容量校验】全部录像总大小:0.83GB，上限阈值:4GB
2026-06-21 22:38:18,086 - WARNING - 【存储切换】U盘不可用(未找到拥有写入权限的U盘)，切换本地存储：/home/kongbin/record_backup
2026-06-21 22:38:18,387 - INFO - 【容量校验】全部录像总大小:0.83GB，上限阈值:4GB
2026-06-21 22:38:48,086 - WARNING - 【存储切换】U盘不可用(未找到拥有写入权限的U盘)，切换本地存储：/home/kongbin/record_backup
2026-06-21 22:38:48,387 - INFO - 【容量校验】全部录像总大小:0.83GB，上限阈值:4GB
2026-06-21 22:39:18,083 - WARNING - 【存储切换】U盘不可用(未找到拥有写入权限的U盘)，切换本地存储：/home/kongbin/record_backup
2026-06-21 22:39:18,384 - INFO - 【容量校验】全部录像总大小:0.83GB，上限阈值:4GB
2026-06-21 22:39:48,078 - WARNING - 【存储切换】U盘不可用(未找到拥有写入权限的U盘)，切换本地存储：/home/kongbin/record_backup
2026-06-21 22:39:48,379 - INFO - 【容量校验】全部录像总大小:0.83GB，上限阈值:4GB
2026-06-21 22:40:18,071 - WARNING - 【存储切换】U盘不可用(未找到拥有写入权限的U盘)，切换本地存储：/home/kongbin/record_backup
2026-06-21 22:40:18,373 - INFO - 【容量校验】全部录像总大小:0.83GB，上限阈值:4GB
2026-06-21 22:40:48,094 - WARNING - 【存储切换】U盘不可用(未找到拥有写入权限的U盘)，切换本地存储：/home/kongbin/record_backup
2026-06-21 22:40:48,395 - INFO - 【容量校验】全部录像总大小:0.83GB，上限阈值:4GB
2026-06-21 22:41:18,091 - WARNING - 【存储切换】U盘不可用(未找到拥有写入权限的U盘)，切换本地存储：/home/kongbin/record_backup
2026-06-21 22:41:18,392 - INFO - 【容量校验】全部录像总大小:0.83GB，上限阈值:4GB
2026-06-21 22:41:48,089 - WARNING - 【存储切换】U盘不可用(未找到拥有写入权限的U盘)，切换本地存储：/home/kongbin/record_backup
2026-06-21 22:41:48,390 - INFO - 【容量校验】全部录像总大小:0.83GB，上限阈值:4GB
2026-06-21 22:42:18,086 - WARNING - 【存储切换】U盘不可用(未找到拥有写入权限的U盘)，切换本地存储：/home/kongbin/record_backup
2026-06-21 22:42:18,387 - INFO - 【容量校验】全部录像总大小:0.83GB，上限阈值:4GB
2026-06-21 22:42:48,079 - WARNING - 【存储切换】U盘不可用(未找到拥有写入权限的U盘)，切换本地存储：/home/kongbin/record_backup
2026-06-21 22:42:48,380 - INFO - 【容量校验】全部录像总大小:0.83GB，上限阈值:4GB
2026-06-21 22:43:18,074 - WARNING - 【存储切换】U盘不可用(未找到拥有写入权限的U盘)，切换本地存储：/home/kongbin/record_backup
2026-06-21 22:43:18,375 - INFO - 【容量校验】全部录像总大小:0.83GB，上限阈值:4GB
2026-06-21 22:43:48,070 - WARNING - 【存储切换】U盘不可用(未找到拥有写入权限的U盘)，切换本地存储：/home/kongbin/record_backup
2026-06-21 22:43:48,371 - INFO - 【容量校验】全部录像总大小:0.83GB，上限阈值:4GB
2026-06-21 22:44:18,093 - WARNING - 【存储切换】U盘不可用(未找到拥有写入权限的U盘)，切换本地存储：/home/kongbin/record_backup
2026-06-21 22:44:18,394 - INFO - 【容量校验】全部录像总大小:0.83GB，上限阈值:4GB
2026-06-21 22:44:48,089 - WARNING - 【存储切换】U盘不可用(未找到拥有写入权限的U盘)，切换本地存储：/home/kongbin/record_backup
2026-06-21 22:44:48,390 - INFO - 【容量校验】全部录像总大小:0.83GB，上限阈值:4GB
2026-06-21 22:45:18,087 - WARNING - 【存储切换】U盘不可用(未找到拥有写入权限的U盘)，切换本地存储：/home/kongbin/record_backup
2026-06-21 22:45:18,388 - INFO - 【容量校验】全部录像总大小:0.83GB，上限阈值:4GB
2026-06-21 22:45:48,086 - WARNING - 【存储切换】U盘不可用(未找到拥有写入权限的U盘)，切换本地存储：/home/kongbin/record_backup
2026-06-21 22:45:48,387 - INFO - 【容量校验】全部录像总大小:0.83GB，上限阈值:4GB
2026-06-21 22:46:18,080 - WARNING - 【存储切换】U盘不可用(未找到拥有写入权限的U盘)，切换本地存储：/home/kongbin/record_backup
2026-06-21 22:46:18,381 - INFO - 【容量校验】全部录像总大小:0.83GB，上限阈值:4GB
2026-06-21 22:46:48,072 - WARNING - 【存储切换】U盘不可用(未找到拥有写入权限的U盘)，切换本地存储：/home/kongbin/record_backup
2026-06-21 22:46:48,373 - INFO - 【容量校验】全部录像总大小:0.83GB，上限阈值:4GB
2026-06-21 22:47:18,069 - WARNING - 【存储切换】U盘不可用(未找到拥有写入权限的U盘)，切换本地存储：/home/kongbin/record_backup
2026-06-21 22:47:18,370 - INFO - 【容量校验】全部录像总大小:0.83GB，上限阈值:4GB
2026-06-21 22:47:48,091 - WARNING - 【存储切换】U盘不可用(未找到拥有写入权限的U盘)，切换本地存储：/home/kongbin/record_backup
2026-06-21 22:47:48,392 - INFO - 【容量校验】全部录像总大小:0.83GB，上限阈值:4GB
2026-06-21 22:48:18,089 - WARNING - 【存储切换】U盘不可用(未找到拥有写入权限的U盘)，切换本地存储：/home/kongbin/record_backup
2026-06-21 22:48:18,390 - INFO - 【容量校验】全部录像总大小:0.83GB，上限阈值:4GB
2026-06-21 22:48:48,087 - WARNING - 【存储切换】U盘不可用(未找到拥有写入权限的U盘)，切换本地存储：/home/kongbin/record_backup
2026-06-21 22:48:48,388 - INFO - 【容量校验】全部录像总大小:0.83GB，上限阈值:4GB
2026-06-21 22:49:18,080 - WARNING - 【存储切换】U盘不可用(未找到拥有写入权限的U盘)，切换本地存储：/home/kongbin/record_backup
2026-06-21 22:49:18,382 - INFO - 【容量校验】全部录像总大小:0.83GB，上限阈值:4GB
2026-06-21 22:49:48,074 - WARNING - 【存储切换】U盘不可用(未找到拥有写入权限的U盘)，切换本地存储：/home/kongbin/record_backup
2026-06-21 22:49:48,375 - INFO - 【容量校验】全部录像总大小:0.83GB，上限阈值:4GB
2026-06-21 22:50:18,065 - WARNING - 【存储切换】U盘不可用(未找到拥有写入权限的U盘)，切换本地存储：/home/kongbin/record_backup
2026-06-21 22:50:18,366 - INFO - 【容量校验】全部录像总大小:0.83GB，上限阈值:4GB
2026-06-21 22:50:48,091 - WARNING - 【存储切换】U盘不可用(未找到拥有写入权限的U盘)，切换本地存储：/home/kongbin/record_backup
2026-06-21 22:50:48,392 - INFO - 【容量校验】全部录像总大小:0.83GB，上限阈值:4GB
2026-06-21 22:51:18,086 - WARNING - 【存储切换】U盘不可用(未找到拥有写入权限的U盘)，切换本地存储：/home/kongbin/record_backup
2026-06-21 22:51:18,387 - INFO - 【容量校验】全部录像总大小:0.83GB，上限阈值:4GB
2026-06-21 22:51:48,077 - WARNING - 【存储切换】U盘不可用(未找到拥有写入权限的U盘)，切换本地存储：/home/kongbin/record_backup
2026-06-21 22:51:48,378 - INFO - 【容量校验】全部录像总大小:0.83GB，上限阈值:4GB
2026-06-21 22:52:18,072 - WARNING - 【存储切换】U盘不可用(未找到拥有写入权限的U盘)，切换本地存储：/home/kongbin/record_backup
2026-06-21 22:52:18,373 - INFO - 【容量校验】全部录像总大小:0.83GB，上限阈值:4GB
2026-06-21 22:52:48,062 - WARNING - 【存储切换】U盘不可用(未找到拥有写入权限的U盘)，切换本地存储：/home/kongbin/record_backup
2026-06-21 22:52:48,364 - INFO - 【容量校验】全部录像总大小:0.83GB，上限阈值:4GB
2026-06-21 22:53:18,087 - WARNING - 【存储切换】U盘不可用(未找到拥有写入权限的U盘)，切换本地存储：/home/kongbin/record_backup
2026-06-21 22:53:18,388 - INFO - 【容量校验】全部录像总大小:0.83GB，上限阈值:4GB
2026-06-21 22:53:48,084 - WARNING - 【存储切换】U盘不可用(未找到拥有写入权限的U盘)，切换本地存储：/home/kongbin/record_backup
2026-06-21 22:53:48,385 - INFO - 【容量校验】全部录像总大小:0.83GB，上限阈值:4GB
2026-06-21 22:54:18,075 - WARNING - 【存储切换】U盘不可用(未找到拥有写入权限的U盘)，切换本地存储：/home/kongbin/record_backup
2026-06-21 22:54:18,376 - INFO - 【容量校验】全部录像总大小:0.83GB，上限阈值:4GB
2026-06-21 22:54:48,073 - WARNING - 【存储切换】U盘不可用(未找到拥有写入权限的U盘)，切换本地存储：/home/kongbin/record_backup
2026-06-21 22:54:48,374 - INFO - 【容量校验】全部录像总大小:0.83GB，上限阈值:4GB
2026-06-21 22:55:18,063 - WARNING - 【存储切换】U盘不可用(未找到拥有写入权限的U盘)，切换本地存储：/home/kongbin/record_backup
2026-06-21 22:55:18,364 - INFO - 【容量校验】全部录像总大小:0.83GB，上限阈值:4GB
2026-06-21 22:55:48,085 - WARNING - 【存储切换】U盘不可用(未找到拥有写入权限的U盘)，切换本地存储：/home/kongbin/record_backup
2026-06-21 22:55:48,385 - INFO - 【容量校验】全部录像总大小:0.83GB，上限阈值:4GB
2026-06-21 22:56:18,084 - WARNING - 【存储切换】U盘不可用(未找到拥有写入权限的U盘)，切换本地存储：/home/kongbin/record_backup
2026-06-21 22:56:18,385 - INFO - 【容量校验】全部录像总大小:0.83GB，上限阈值:4GB
2026-06-21 22:56:48,074 - WARNING - 【存储切换】U盘不可用(未找到拥有写入权限的U盘)，切换本地存储：/home/kongbin/record_backup
2026-06-21 22:56:48,376 - INFO - 【容量校验】全部录像总大小:0.83GB，上限阈值:4GB
2026-06-21 22:57:18,070 - WARNING - 【存储切换】U盘不可用(未找到拥有写入权限的U盘)，切换本地存储：/home/kongbin/record_backup
2026-06-21 22:57:18,371 - INFO - 【容量校验】全部录像总大小:0.83GB，上限阈值:4GB
2026-06-21 22:57:48,090 - WARNING - 【存储切换】U盘不可用(未找到拥有写入权限的U盘)，切换本地存储：/home/kongbin/record_backup
2026-06-21 22:57:48,391 - INFO - 【容量校验】全部录像总大小:0.83GB，上限阈值:4GB
2026-06-21 22:58:18,088 - WARNING - 【存储切换】U盘不可用(未找到拥有写入权限的U盘)，切换本地存储：/home/kongbin/record_backup
2026-06-21 22:58:18,389 - INFO - 【容量校验】全部录像总大小:0.83GB，上限阈值:4GB
2026-06-21 22:58:48,081 - WARNING - 【存储切换】U盘不可用(未找到拥有写入权限的U盘)，切换本地存储：/home/kongbin/record_backup
2026-06-21 22:58:48,382 - INFO - 【容量校验】全部录像总大小:0.83GB，上限阈值:4GB
2026-06-21 22:59:18,075 - WARNING - 【存储切换】U盘不可用(未找到拥有写入权限的U盘)，切换本地存储：/home/kongbin/record_backup
2026-06-21 22:59:18,377 - INFO - 【容量校验】全部录像总大小:0.83GB，上限阈值:4GB
2026-06-21 22:59:48,069 - WARNING - 【存储切换】U盘不可用(未找到拥有写入权限的U盘)，切换本地存储：/home/kongbin/record_backup
2026-06-21 22:59:48,370 - INFO - 【容量校验】全部录像总大小:0.83GB，上限阈值:4GB
2026-06-21 23:00:18,092 - WARNING - 【存储切换】U盘不可用(未找到拥有写入权限的U盘)，切换本地存储：/home/kongbin/record_backup
2026-06-21 23:00:18,393 - INFO - 【容量校验】全部录像总大小:0.83GB，上限阈值:4GB
2026-06-21 23:00:48,085 - WARNING - 【存储切换】U盘不可用(未找到拥有写入权限的U盘)，切换本地存储：/home/kongbin/record_backup
2026-06-21 23:00:48,386 - INFO - 【容量校验】全部录像总大小:0.83GB，上限阈值:4GB
2026-06-21 23:01:18,084 - WARNING - 【存储切换】U盘不可用(未找到拥有写入权限的U盘)，切换本地存储：/home/kongbin/record_backup
2026-06-21 23:01:18,385 - INFO - 【容量校验】全部录像总大小:0.83GB，上限阈值:4GB
2026-06-21 23:01:48,078 - WARNING - 【存储切换】U盘不可用(未找到拥有写入权限的U盘)，切换本地存储：/home/kongbin/record_backup
2026-06-21 23:01:48,379 - INFO - 【容量校验】全部录像总大小:0.83GB，上限阈值:4GB
2026-06-21 23:02:18,074 - WARNING - 【存储切换】U盘不可用(未找到拥有写入权限的U盘)，切换本地存储：/home/kongbin/record_backup
2026-06-21 23:02:18,375 - INFO - 【容量校验】全部录像总大小:0.83GB，上限阈值:4GB
2026-06-21 23:02:48,066 - WARNING - 【存储切换】U盘不可用(未找到拥有写入权限的U盘)，切换本地存储：/home/kongbin/record_backup
2026-06-21 23:02:48,367 - INFO - 【容量校验】全部录像总大小:0.83GB，上限阈值:4GB
2026-06-21 23:03:18,088 - WARNING - 【存储切换】U盘不可用(未找到拥有写入权限的U盘)，切换本地存储：/home/kongbin/record_backup
2026-06-21 23:03:18,389 - INFO - 【容量校验】全部录像总大小:0.83GB，上限阈值:4GB
2026-06-21 23:03:48,091 - WARNING - 【存储切换】U盘不可用(未找到拥有写入权限的U盘)，切换本地存储：/home/kongbin/record_backup
2026-06-21 23:03:48,392 - INFO - 【容量校验】全部录像总大小:0.83GB，上限阈值:4GB
2026-06-21 23:04:18,086 - WARNING - 【存储切换】U盘不可用(未找到拥有写入权限的U盘)，切换本地存储：/home/kongbin/record_backup
2026-06-21 23:04:18,387 - INFO - 【容量校验】全部录像总大小:0.83GB，上限阈值:4GB
2026-06-21 23:04:48,077 - WARNING - 【存储切换】U盘不可用(未找到拥有写入权限的U盘)，切换本地存储：/home/kongbin/record_backup
2026-06-21 23:04:48,378 - INFO - 【容量校验】全部录像总大小:0.83GB，上限阈值:4GB
2026-06-21 23:05:18,070 - WARNING - 【存储切换】U盘不可用(未找到拥有写入权限的U盘)，切换本地存储：/home/kongbin/record_backup
2026-06-21 23:05:18,371 - INFO - 【容量校验】全部录像总大小:0.83GB，上限阈值:4GB
2026-06-21 23:05:48,096 - WARNING - 【存储切换】U盘不可用(未找到拥有写入权限的U盘)，切换本地存储：/home/kongbin/record_backup
2026-06-21 23:05:48,397 - INFO - 【容量校验】全部录像总大小:0.83GB，上限阈值:4GB
2026-06-21 23:06:18,090 - WARNING - 【存储切换】U盘不可用(未找到拥有写入权限的U盘)，切换本地存储：/home/kongbin/record_backup
2026-06-21 23:06:18,391 - INFO - 【容量校验】全部录像总大小:0.83GB，上限阈值:4GB
2026-06-21 23:06:48,087 - WARNING - 【存储切换】U盘不可用(未找到拥有写入权限的U盘)，切换本地存储：/home/kongbin/record_backup
2026-06-21 23:06:48,388 - INFO - 【容量校验】全部录像总大小:0.83GB，上限阈值:4GB
2026-06-21 23:07:18,109 - WARNING - 【存储切换】U盘不可用(未找到拥有写入权限的U盘)，切换本地存储：/home/kongbin/record_backup
2026-06-21 23:07:18,410 - INFO - 【容量校验】全部录像总大小:0.83GB，上限阈值:4GB
2026-06-21 23:07:48,105 - WARNING - 【存储切换】U盘不可用(未找到拥有写入权限的U盘)，切换本地存储：/home/kongbin/record_backup
2026-06-21 23:07:48,406 - INFO - 【容量校验】全部录像总大小:0.83GB，上限阈值:4GB
2026-06-21 23:08:18,098 - WARNING - 【存储切换】U盘不可用(未找到拥有写入权限的U盘)，切换本地存储：/home/kongbin/record_backup
2026-06-21 23:08:18,399 - INFO - 【容量校验】全部录像总大小:0.83GB，上限阈值:4GB
2026-06-21 23:08:48,094 - WARNING - 【存储切换】U盘不可用(未找到拥有写入权限的U盘)，切换本地存储：/home/kongbin/record_backup
2026-06-21 23:08:48,395 - INFO - 【容量校验】全部录像总大小:0.83GB，上限阈值:4GB
2026-06-21 23:09:18,086 - WARNING - 【存储切换】U盘不可用(未找到拥有写入权限的U盘)，切换本地存储：/home/kongbin/record_backup
2026-06-21 23:09:18,387 - INFO - 【容量校验】全部录像总大小:0.83GB，上限阈值:4GB
2026-06-21 23:09:48,083 - WARNING - 【存储切换】U盘不可用(未找到拥有写入权限的U盘)，切换本地存储：/home/kongbin/record_backup
2026-06-21 23:09:48,384 - INFO - 【容量校验】全部录像总大小:0.83GB，上限阈值:4GB
2026-06-21 23:10:18,107 - WARNING - 【存储切换】U盘不可用(未找到拥有写入权限的U盘)，切换本地存储：/home/kongbin/record_backup
2026-06-21 23:10:18,408 - INFO - 【容量校验】全部录像总大小:0.83GB，上限阈值:4GB
2026-06-21 23:10:48,103 - WARNING - 【存储切换】U盘不可用(未找到拥有写入权限的U盘)，切换本地存储：/home/kongbin/record_backup
2026-06-21 23:10:48,404 - INFO - 【容量校验】全部录像总大小:0.83GB，上限阈值:4GB
2026-06-21 23:11:18,097 - WARNING - 【存储切换】U盘不可用(未找到拥有写入权限的U盘)，切换本地存储：/home/kongbin/record_backup
2026-06-21 23:11:18,398 - INFO - 【容量校验】全部录像总大小:0.83GB，上限阈值:4GB
2026-06-21 23:11:48,090 - WARNING - 【存储切换】U盘不可用(未找到拥有写入权限的U盘)，切换本地存储：/home/kongbin/record_backup
2026-06-21 23:11:48,391 - INFO - 【容量校验】全部录像总大小:0.83GB，上限阈值:4GB
2026-06-21 23:12:18,087 - WARNING - 【存储切换】U盘不可用(未找到拥有写入权限的U盘)，切换本地存储：/home/kongbin/record_backup
2026-06-21 23:12:18,388 - INFO - 【容量校验】全部录像总大小:0.83GB，上限阈值:4GB
2026-06-21 23:12:48,083 - WARNING - 【存储切换】U盘不可用(未找到拥有写入权限的U盘)，切换本地存储：/home/kongbin/record_backup
2026-06-21 23:12:48,384 - INFO - 【容量校验】全部录像总大小:0.83GB，上限阈值:4GB
2026-06-21 23:13:18,078 - WARNING - 【存储切换】U盘不可用(未找到拥有写入权限的U盘)，切换本地存储：/home/kongbin/record_backup
2026-06-21 23:13:18,379 - INFO - 【容量校验】全部录像总大小:0.83GB，上限阈值:4GB
2026-06-21 23:13:48,073 - WARNING - 【存储切换】U盘不可用(未找到拥有写入权限的U盘)，切换本地存储：/home/kongbin/record_backup
2026-06-21 23:13:48,374 - INFO - 【容量校验】全部录像总大小:0.83GB，上限阈值:4GB
2026-06-21 23:14:18,070 - WARNING - 【存储切换】U盘不可用(未找到拥有写入权限的U盘)，切换本地存储：/home/kongbin/record_backup
2026-06-21 23:14:18,371 - INFO - 【容量校验】全部录像总大小:0.83GB，上限阈值:4GB
2026-06-21 23:14:48,060 - WARNING - 【存储切换】U盘不可用(未找到拥有写入权限的U盘)，切换本地存储：/home/kongbin/record_backup
2026-06-21 23:14:48,361 - INFO - 【容量校验】全部录像总大小:0.83GB，上限阈值:4GB
2026-06-21 23:15:18,088 - WARNING - 【存储切换】U盘不可用(未找到拥有写入权限的U盘)，切换本地存储：/home/kongbin/record_backup
2026-06-21 23:15:18,390 - INFO - 【容量校验】全部录像总大小:0.83GB，上限阈值:4GB
2026-06-21 23:15:48,085 - WARNING - 【存储切换】U盘不可用(未找到拥有写入权限的U盘)，切换本地存储：/home/kongbin/record_backup
2026-06-21 23:15:48,386 - INFO - 【容量校验】全部录像总大小:0.83GB，上限阈值:4GB
2026-06-21 23:16:18,077 - WARNING - 【存储切换】U盘不可用(未找到拥有写入权限的U盘)，切换本地存储：/home/kongbin/record_backup
2026-06-21 23:16:18,378 - INFO - 【容量校验】全部录像总大小:0.83GB，上限阈值:4GB
2026-06-21 23:16:48,072 - WARNING - 【存储切换】U盘不可用(未找到拥有写入权限的U盘)，切换本地存储：/home/kongbin/record_backup
2026-06-21 23:16:48,374 - INFO - 【容量校验】全部录像总大小:0.83GB，上限阈值:4GB
2026-06-21 23:17:18,067 - WARNING - 【存储切换】U盘不可用(未找到拥有写入权限的U盘)，切换本地存储：/home/kongbin/record_backup
2026-06-21 23:17:18,368 - INFO - 【容量校验】全部录像总大小:0.83GB，上限阈值:4GB
2026-06-21 23:17:48,089 - WARNING - 【存储切换】U盘不可用(未找到拥有写入权限的U盘)，切换本地存储：/home/kongbin/record_backup
2026-06-21 23:17:48,390 - INFO - 【容量校验】全部录像总大小:0.83GB，上限阈值:4GB
2026-06-21 23:18:18,086 - WARNING - 【存储切换】U盘不可用(未找到拥有写入权限的U盘)，切换本地存储：/home/kongbin/record_backup
2026-06-21 23:18:18,387 - INFO - 【容量校验】全部录像总大小:0.83GB，上限阈值:4GB
2026-06-21 23:18:48,083 - WARNING - 【存储切换】U盘不可用(未找到拥有写入权限的U盘)，切换本地存储：/home/kongbin/record_backup
2026-06-22 08:11:58,606 - INFO - Initialization successful.
2026-06-22 08:11:58,610 - INFO - Camera now open.
2026-06-22 08:11:58,612 - INFO - Camera configuration has been adjusted!
2026-06-22 08:11:58,612 - INFO - Configuration successful!
2026-06-22 08:11:58,628 - INFO - Camera started
2026-06-22 08:11:58,662 - INFO - Initialization successful.
2026-06-22 08:11:58,662 - INFO - Camera now open.
2026-06-22 08:11:58,664 - INFO - Camera configuration has been adjusted!
2026-06-22 08:11:58,664 - INFO - Configuration successful!
2026-06-22 08:11:58,679 - INFO - Camera started
2026-06-22 08:11:58,679 - INFO - 双摄像头初始化成功
2026-06-22 08:13:22,766 - WARNING - U盘挂载点 /media/kongbin/123 无写入权限，跳过：[Errno 2] 没有那个文件或目录: '/media/kongbin/123/.write_test.tmp'
2026-06-22 08:13:22,766 - WARNING - 【存储切换】U盘不可用(未找到拥有写入权限的U盘)，切换本地存储：/home/kongbin/record_backup
2026-06-22 08:13:53,219 - WARNING - 【存储切换】U盘不可用(未找到拥有写入权限的U盘)，切换本地存储：/home/kongbin/record_backup
2026-06-22 08:13:53,521 - INFO - 【容量校验】全部录像总大小:0.83GB，上限阈值:4GB
2026-06-22 08:14:23,250 - WARNING - 【存储切换】U盘不可用(未找到拥有写入权限的U盘)，切换本地存储：/home/kongbin/record_backup
2026-06-22 08:14:23,551 - INFO - 【容量校验】全部录像总大小:0.83GB，上限阈值:4GB
2026-06-22 08:14:53,227 - WARNING - 【存储切换】U盘不可用(未找到拥有写入权限的U盘)，切换本地存储：/home/kongbin/record_backup
2026-06-22 08:14:53,528 - INFO - 【容量校验】全部录像总大小:0.83GB，上限阈值:4GB
2026-06-22 08:15:23,234 - WARNING - 【存储切换】U盘不可用(未找到拥有写入权限的U盘)，切换本地存储：/home/kongbin/record_backup
2026-06-22 08:15:23,535 - INFO - 【容量校验】全部录像总大小:0.83GB，上限阈值:4GB
2026-06-22 08:15:53,235 - WARNING - 【存储切换】U盘不可用(未找到拥有写入权限的U盘)，切换本地存储：/home/kongbin/record_backup
2026-06-22 08:15:53,537 - INFO - 【容量校验】全部录像总大小:0.83GB，上限阈值:4GB
2026-06-22 08:16:23,214 - WARNING - 【存储切换】U盘不可用(未找到拥有写入权限的U盘)，切换本地存储：/home/kongbin/record_backup
2026-06-22 08:16:23,516 - INFO - 【容量校验】全部录像总大小:0.83GB，上限阈值:4GB
2026-06-22 08:16:53,262 - WARNING - 【存储切换】U盘不可用(未找到拥有写入权限的U盘)，切换本地存储：/home/kongbin/record_backup
2026-06-22 08:16:53,563 - INFO - 【容量校验】全部录像总大小:0.83GB，上限阈值:4GB
2026-06-22 08:17:23,217 - WARNING - 【存储切换】U盘不可用(未找到拥有写入权限的U盘)，切换本地存储：/home/kongbin/record_backup
2026-06-22 08:17:23,518 - INFO - 【容量校验】全部录像总大小:0.83GB，上限阈值:4GB
2026-06-22 08:17:53,261 - WARNING - 【存储切换】U盘不可用(未找到拥有写入权限的U盘)，切换本地存储：/home/kongbin/record_backup
2026-06-22 08:17:53,562 - INFO - 【容量校验】全部录像总大小:0.83GB，上限阈值:4GB
2026-06-22 08:18:23,239 - WARNING - 【存储切换】U盘不可用(未找到拥有写入权限的U盘)，切换本地存储：/home/kongbin/record_backup
2026-06-22 08:18:23,541 - INFO - 【容量校验】全部录像总大小:0.83GB，上限阈值:4GB
2026-06-22 08:18:53,239 - WARNING - 【存储切换】U盘不可用(未找到拥有写入权限的U盘)，切换本地存储：/home/kongbin/record_backup
2026-06-22 08:18:53,541 - INFO - 【容量校验】全部录像总大小:0.83GB，上限阈值:4GB
2026-06-22 08:19:23,224 - WARNING - 【存储切换】U盘不可用(未找到拥有写入权限的U盘)，切换本地存储：/home/kongbin/record_backup
2026-06-22 08:19:23,526 - INFO - 【容量校验】全部录像总大小:0.83GB，上限阈值:4GB
2026-06-22 08:19:53,266 - WARNING - 【存储切换】U盘不可用(未找到拥有写入权限的U盘)，切换本地存储：/home/kongbin/record_backup
2026-06-22 08:19:53,567 - INFO - 【容量校验】全部录像总大小:0.83GB，上限阈值:4GB
2026-06-22 08:20:23,249 - WARNING - 【存储切换】U盘不可用(未找到拥有写入权限的U盘)，切换本地存储：/home/kongbin/record_backup
2026-06-22 08:20:23,550 - INFO - 【容量校验】全部录像总大小:0.83GB，上限阈值:4GB
2026-06-22 08:20:53,240 - WARNING - 【存储切换】U盘不可用(未找到拥有写入权限的U盘)，切换本地存储：/home/kongbin/record_backup
2026-06-22 08:20:53,541 - INFO - 【容量校验】全部录像总大小:0.83GB，上限阈值:4GB
2026-06-22 08:21:23,229 - WARNING - 【存储切换】U盘不可用(未找到拥有写入权限的U盘)，切换本地存储：/home/kongbin/record_backup
2026-06-22 08:21:23,531 - INFO - 【容量校验】全部录像总大小:0.83GB，上限阈值:4GB
2026-06-22 08:21:53,222 - WARNING - 【存储切换】U盘不可用(未找到拥有写入权限的U盘)，切换本地存储：/home/kongbin/record_backup
2026-06-22 08:21:53,523 - INFO - 【容量校验】全部录像总大小:0.83GB，上限阈值:4GB
2026-06-22 08:22:23,243 - WARNING - 【存储切换】U盘不可用(未找到拥有写入权限的U盘)，切换本地存储：/home/kongbin/record_backup
2026-06-22 08:22:23,545 - INFO - 【容量校验】全部录像总大小:0.83GB，上限阈值:4GB
2026-06-22 08:22:53,228 - WARNING - 【存储切换】U盘不可用(未找到拥有写入权限的U盘)，切换本地存储：/home/kongbin/record_backup
2026-06-22 08:22:53,530 - INFO - 【容量校验】全部录像总大小:0.83GB，上限阈值:4GB
2026-06-22 08:23:22,306 - INFO - 模式切换按键触发
2026-06-22 08:23:23,239 - WARNING - 【存储切换】U盘不可用(未找到拥有写入权限的U盘)，切换本地存储：/home/kongbin/record_backup
2026-06-22 08:23:23,541 - INFO - 【容量校验】全部录像总大小:0.83GB，上限阈值:4GB
2026-06-22 08:23:32,036 - INFO - Camera stopped
2026-06-22 08:23:32,039 - INFO - Camera stopped
2026-06-22 08:23:32,141 - INFO - 程序正常退出，资源全部释放
2026-06-22 08:24:03,239 - INFO - Initialization successful.
2026-06-22 08:24:03,240 - INFO - Camera now open.
2026-06-22 08:24:03,241 - INFO - Camera configuration has been adjusted!
2026-06-22 08:24:03,242 - INFO - Configuration successful!
2026-06-22 08:24:03,256 - INFO - Camera started
2026-06-22 08:24:03,290 - INFO - Initialization successful.
2026-06-22 08:24:03,290 - INFO - Camera now open.
2026-06-22 08:24:03,292 - INFO - Camera configuration has been adjusted!
2026-06-22 08:24:03,292 - INFO - Configuration successful!
2026-06-22 08:24:03,306 - INFO - Camera started
2026-06-22 08:24:03,306 - INFO - 双摄像头初始化成功
2026-06-22 08:24:03,311 - WARNING - 【存储切换】U盘不可用(未找到拥有写入权限的U盘)，切换本地存储：/home/kongbin/record_backup
2026-06-22 08:24:09,021 - WARNING - 震动传感器触发，锁定当前录像片段
2026-06-22 08:24:09,972 - WARNING - 震动传感器触发，锁定当前录像片段
2026-06-22 08:24:11,202 - INFO - 模式切换按键触发
2026-06-22 08:24:11,482 - INFO - 模式切换按键触发
2026-06-22 08:24:12,579 - INFO - 模式切换按键触发
2026-06-22 08:24:12,904 - INFO - 模式切换按键触发
2026-06-22 08:24:14,009 - INFO - 模式切换按键触发
2026-06-22 08:24:14,317 - INFO - 模式切换按键触发
2026-06-22 08:24:21,273 - INFO - 短按拍照键：截图保存
2026-06-22 08:24:28,375 - INFO - 短按拍照键：截图保存
2026-06-22 08:24:31,732 - WARNING - 震动传感器触发，锁定当前录像片段
2026-06-22 08:24:32,217 - WARNING - 震动传感器触发，锁定当前录像片段
2026-06-22 08:24:33,232 - WARNING - 【存储切换】U盘不可用(未找到拥有写入权限的U盘)，切换本地存储：/home/kongbin/record_backup
2026-06-22 08:24:33,533 - INFO - 【容量校验】全部录像总大小:0.83GB，上限阈值:4GB
2026-06-22 08:24:36,312 - WARNING - 震动传感器触发，锁定当前录像片段
2026-06-22 08:24:38,393 - WARNING - 震动传感器触发，锁定当前录像片段
2026-06-22 08:24:39,203 - WARNING - 震动传感器触发，锁定当前录像片段
2026-06-22 08:24:41,527 - INFO - 模式切换按键触发
2026-06-22 08:24:41,865 - INFO - 模式切换按键触发
2026-06-22 08:24:43,339 - INFO - 模式切换按键触发
2026-06-22 08:24:44,428 - INFO - 模式切换按键触发
2026-06-22 08:24:45,810 - INFO - 模式切换按键触发
2026-06-22 08:24:47,232 - INFO - 模式切换按键触发
2026-06-22 08:24:47,854 - INFO - 模式切换按键触发
2026-06-22 08:25:03,263 - WARNING - 【存储切换】U盘不可用(未找到拥有写入权限的U盘)，切换本地存储：/home/kongbin/record_backup
2026-06-22 08:25:03,565 - INFO - 【容量校验】全部录像总大小:0.83GB，上限阈值:4GB
2026-06-22 08:25:26,022 - INFO - 短按拍照键：截图保存
2026-06-22 08:25:28,486 - INFO - 短按拍照键：截图保存
2026-06-22 08:25:33,218 - WARNING - 【存储切换】U盘不可用(未找到拥有写入权限的U盘)，切换本地存储：/home/kongbin/record_backup
2026-06-22 08:25:33,519 - INFO - 【容量校验】全部录像总大小:0.83GB，上限阈值:4GB
2026-06-22 08:26:03,261 - WARNING - 【存储切换】U盘不可用(未找到拥有写入权限的U盘)，切换本地存储：/home/kongbin/record_backup
2026-06-22 08:26:03,562 - INFO - 【容量校验】全部录像总大小:0.83GB，上限阈值:4GB
2026-06-22 08:26:33,256 - WARNING - 【存储切换】U盘不可用(未找到拥有写入权限的U盘)，切换本地存储：/home/kongbin/record_backup
2026-06-22 08:26:33,557 - INFO - 【容量校验】全部录像总大小:0.83GB，上限阈值:4GB
2026-06-22 08:27:03,253 - WARNING - 【存储切换】U盘不可用(未找到拥有写入权限的U盘)，切换本地存储：/home/kongbin/record_backup
2026-06-22 08:27:03,554 - INFO - 【容量校验】全部录像总大小:0.83GB，上限阈值:4GB
2026-06-22 08:27:33,249 - WARNING - 【存储切换】U盘不可用(未找到拥有写入权限的U盘)，切换本地存储：/home/kongbin/record_backup
2026-06-22 08:27:33,550 - INFO - 【容量校验】全部录像总大小:0.83GB，上限阈值:4GB
2026-06-22 08:28:03,243 - WARNING - 【存储切换】U盘不可用(未找到拥有写入权限的U盘)，切换本地存储：/home/kongbin/record_backup
2026-06-22 08:28:03,544 - INFO - 【容量校验】全部录像总大小:0.83GB，上限阈值:4GB
2026-06-22 08:28:33,243 - WARNING - 【存储切换】U盘不可用(未找到拥有写入权限的U盘)，切换本地存储：/home/kongbin/record_backup
2026-06-22 08:28:33,544 - INFO - 【容量校验】全部录像总大小:0.83GB，上限阈值:4GB
2026-06-22 08:29:03,241 - WARNING - 【存储切换】U盘不可用(未找到拥有写入权限的U盘)，切换本地存储：/home/kongbin/record_backup
2026-06-22 08:29:03,543 - INFO - 【容量校验】全部录像总大小:0.83GB，上限阈值:4GB
2026-06-22 08:29:33,238 - WARNING - 【存储切换】U盘不可用(未找到拥有写入权限的U盘)，切换本地存储：/home/kongbin/record_backup
2026-06-22 08:29:33,540 - INFO - 【容量校验】全部录像总大小:0.83GB，上限阈值:4GB
2026-06-22 08:30:03,251 - WARNING - 【存储切换】U盘不可用(未找到拥有写入权限的U盘)，切换本地存储：/home/kongbin/record_backup
2026-06-22 08:30:03,553 - INFO - 【容量校验】全部录像总大小:0.83GB，上限阈值:4GB
2026-06-22 08:30:33,232 - WARNING - 【存储切换】U盘不可用(未找到拥有写入权限的U盘)，切换本地存储：/home/kongbin/record_backup
2026-06-22 08:30:33,533 - INFO - 【容量校验】全部录像总大小:0.83GB，上限阈值:4GB
2026-06-22 08:31:03,244 - WARNING - 【存储切换】U盘不可用(未找到拥有写入权限的U盘)，切换本地存储：/home/kongbin/record_backup
2026-06-22 08:31:03,546 - INFO - 【容量校验】全部录像总大小:0.83GB，上限阈值:4GB
2026-06-22 08:31:33,224 - WARNING - 【存储切换】U盘不可用(未找到拥有写入权限的U盘)，切换本地存储：/home/kongbin/record_backup
2026-06-22 08:31:33,526 - INFO - 【容量校验】全部录像总大小:0.83GB，上限阈值:4GB
2026-06-22 08:32:03,251 - WARNING - 【存储切换】U盘不可用(未找到拥有写入权限的U盘)，切换本地存储：/home/kongbin/record_backup
2026-06-22 08:32:03,552 - INFO - 【容量校验】全部录像总大小:0.83GB，上限阈值:4GB
2026-06-22 08:32:33,248 - WARNING - 【存储切换】U盘不可用(未找到拥有写入权限的U盘)，切换本地存储：/home/kongbin/record_backup
2026-06-22 08:32:33,549 - INFO - 【容量校验】全部录像总大小:0.83GB，上限阈值:4GB
2026-06-22 08:33:03,245 - WARNING - 【存储切换】U盘不可用(未找到拥有写入权限的U盘)，切换本地存储：/home/kongbin/record_backup
2026-06-22 08:33:03,546 - INFO - 【容量校验】全部录像总大小:0.83GB，上限阈值:4GB
2026-06-22 08:33:33,230 - WARNING - 【存储切换】U盘不可用(未找到拥有写入权限的U盘)，切换本地存储：/home/kongbin/record_backup
2026-06-22 08:33:33,531 - INFO - 【容量校验】全部录像总大小:0.83GB，上限阈值:4GB
2026-06-22 08:34:03,241 - WARNING - 【存储切换】U盘不可用(未找到拥有写入权限的U盘)，切换本地存储：/home/kongbin/record_backup
2026-06-22 08:34:03,542 - INFO - 【容量校验】全部录像总大小:0.83GB，上限阈值:4GB
2026-06-22 08:34:33,255 - WARNING - 【存储切换】U盘不可用(未找到拥有写入权限的U盘)，切换本地存储：/home/kongbin/record_backup
2026-06-22 08:34:33,556 - INFO - 【容量校验】全部录像总大小:0.83GB，上限阈值:4GB
2026-06-22 08:35:03,235 - WARNING - 【存储切换】U盘不可用(未找到拥有写入权限的U盘)，切换本地存储：/home/kongbin/record_backup
2026-06-22 08:35:03,536 - INFO - 【容量校验】全部录像总大小:0.83GB，上限阈值:4GB
2026-06-22 08:35:33,248 - WARNING - 【存储切换】U盘不可用(未找到拥有写入权限的U盘)，切换本地存储：/home/kongbin/record_backup
2026-06-22 08:35:33,549 - INFO - 【容量校验】全部录像总大小:0.83GB，上限阈值:4GB
2026-06-22 08:36:03,231 - WARNING - 【存储切换】U盘不可用(未找到拥有写入权限的U盘)，切换本地存储：/home/kongbin/record_backup
2026-06-22 08:36:03,532 - INFO - 【容量校验】全部录像总大小:0.83GB，上限阈值:4GB
2026-06-22 08:36:33,240 - WARNING - 【存储切换】U盘不可用(未找到拥有写入权限的U盘)，切换本地存储：/home/kongbin/record_backup
2026-06-22 08:36:33,542 - INFO - 【容量校验】全部录像总大小:0.83GB，上限阈值:4GB
2026-06-22 08:37:03,240 - WARNING - 【存储切换】U盘不可用(未找到拥有写入权限的U盘)，切换本地存储：/home/kongbin/record_backup
2026-06-22 08:37:03,541 - INFO - 【容量校验】全部录像总大小:0.83GB，上限阈值:4GB
2026-06-22 08:37:33,249 - WARNING - 【存储切换】U盘不可用(未找到拥有写入权限的U盘)，切换本地存储：/home/kongbin/record_backup
2026-06-22 08:37:33,551 - INFO - 【容量校验】全部录像总大小:0.83GB，上限阈值:4GB
2026-06-22 08:38:03,235 - WARNING - 【存储切换】U盘不可用(未找到拥有写入权限的U盘)，切换本地存储：/home/kongbin/record_backup
2026-06-22 08:38:03,537 - INFO - 【容量校验】全部录像总大小:0.83GB，上限阈值:4GB
2026-06-22 08:38:33,243 - WARNING - 【存储切换】U盘不可用(未找到拥有写入权限的U盘)，切换本地存储：/home/kongbin/record_backup
2026-06-22 08:38:33,544 - INFO - 【容量校验】全部录像总大小:0.83GB，上限阈值:4GB
2026-06-22 08:39:03,240 - WARNING - 【存储切换】U盘不可用(未找到拥有写入权限的U盘)，切换本地存储：/home/kongbin/record_backup
2026-06-22 08:39:03,542 - INFO - 【容量校验】全部录像总大小:0.83GB，上限阈值:4GB
2026-06-22 08:39:33,224 - WARNING - 【存储切换】U盘不可用(未找到拥有写入权限的U盘)，切换本地存储：/home/kongbin/record_backup
2026-06-22 08:39:33,525 - INFO - 【容量校验】全部录像总大小:0.83GB，上限阈值:4GB
2026-06-22 08:40:03,268 - WARNING - 【存储切换】U盘不可用(未找到拥有写入权限的U盘)，切换本地存储：/home/kongbin/record_backup
2026-06-22 08:40:03,569 - INFO - 【容量校验】全部录像总大小:0.83GB，上限阈值:4GB
2026-06-22 08:40:33,218 - WARNING - 【存储切换】U盘不可用(未找到拥有写入权限的U盘)，切换本地存储：/home/kongbin/record_backup
2026-06-22 08:40:33,519 - INFO - 【容量校验】全部录像总大小:0.83GB，上限阈值:4GB
2026-06-22 08:41:03,261 - WARNING - 【存储切换】U盘不可用(未找到拥有写入权限的U盘)，切换本地存储：/home/kongbin/record_backup
2026-06-22 08:41:03,562 - INFO - 【容量校验】全部录像总大小:0.83GB，上限阈值:4GB
2026-06-22 08:41:33,242 - WARNING - 【存储切换】U盘不可用(未找到拥有写入权限的U盘)，切换本地存储：/home/kongbin/record_backup
2026-06-22 08:41:33,544 - INFO - 【容量校验】全部录像总大小:0.83GB，上限阈值:4GB
2026-06-22 08:42:03,224 - WARNING - 【存储切换】U盘不可用(未找到拥有写入权限的U盘)，切换本地存储：/home/kongbin/record_backup
2026-06-22 08:42:03,525 - INFO - 【容量校验】全部录像总大小:0.83GB，上限阈值:4GB
2026-06-22 08:42:33,267 - WARNING - 【存储切换】U盘不可用(未找到拥有写入权限的U盘)，切换本地存储：/home/kongbin/record_backup
2026-06-22 08:42:33,568 - INFO - 【容量校验】全部录像总大小:0.83GB，上限阈值:4GB
2026-06-22 08:43:03,264 - WARNING - 【存储切换】U盘不可用(未找到拥有写入权限的U盘)，切换本地存储：/home/kongbin/record_backup
2026-06-22 08:43:03,565 - INFO - 【容量校验】全部录像总大小:0.83GB，上限阈值:4GB
2026-06-22 08:43:33,242 - WARNING - 【存储切换】U盘不可用(未找到拥有写入权限的U盘)，切换本地存储：/home/kongbin/record_backup
2026-06-22 08:43:33,543 - INFO - 【容量校验】全部录像总大小:0.83GB，上限阈值:4GB
2026-06-22 08:44:03,244 - WARNING - 【存储切换】U盘不可用(未找到拥有写入权限的U盘)，切换本地存储：/home/kongbin/record_backup
2026-06-22 08:44:03,545 - INFO - 【容量校验】全部录像总大小:0.83GB，上限阈值:4GB
2026-06-22 08:44:33,237 - WARNING - 【存储切换】U盘不可用(未找到拥有写入权限的U盘)，切换本地存储：/home/kongbin/record_backup
2026-06-22 08:44:33,538 - INFO - 【容量校验】全部录像总大小:0.83GB，上限阈值:4GB
2026-06-22 08:45:03,232 - WARNING - 【存储切换】U盘不可用(未找到拥有写入权限的U盘)，切换本地存储：/home/kongbin/record_backup
2026-06-22 08:45:03,534 - INFO - 【容量校验】全部录像总大小:0.83GB，上限阈值:4GB
2026-06-22 08:45:33,229 - WARNING - 【存储切换】U盘不可用(未找到拥有写入权限的U盘)，切换本地存储：/home/kongbin/record_backup
2026-06-22 08:45:33,530 - INFO - 【容量校验】全部录像总大小:0.83GB，上限阈值:4GB
2026-06-22 08:45:43,417 - INFO - 短按拍照键：截图保存
2026-06-22 08:45:45,745 - INFO - 短按拍照键：截图保存
2026-06-22 08:45:46,046 - WARNING - 震动传感器触发，锁定当前录像片段
2026-06-22 08:45:46,146 - INFO - 模式切换按键触发
2026-06-22 08:45:46,247 - INFO - 模式切换按键触发
2026-06-22 08:45:46,347 - INFO - 模式切换按键触发
2026-06-22 08:45:46,448 - INFO - 模式切换按键触发
2026-06-22 08:45:46,550 - INFO - 模式切换按键触发
2026-06-22 08:45:50,816 - INFO - 模式切换按键触发
2026-06-22 08:45:51,082 - INFO - 模式切换按键触发
2026-06-22 08:45:52,477 - INFO - 模式切换按键触发
2026-06-22 08:45:53,126 - INFO - 模式切换按键触发
2026-06-22 08:45:55,030 - INFO - 模式切换按键触发
2026-06-22 08:45:55,337 - INFO - 模式切换按键触发
2026-06-22 08:45:55,616 - INFO - 模式切换按键触发
2026-06-22 08:45:55,839 - INFO - 模式切换按键触发
2026-06-22 08:46:01,036 - INFO - 短按拍照键：截图保存
2026-06-22 08:46:03,052 - INFO - 短按拍照键：截图保存
2026-06-22 08:46:03,229 - WARNING - 【存储切换】U盘不可用(未找到拥有写入权限的U盘)，切换本地存储：/home/kongbin/record_backup
2026-06-22 08:46:03,530 - INFO - 【容量校验】全部录像总大小:0.83GB，上限阈值:4GB
2026-06-22 08:46:04,957 - INFO - 短按拍照键：截图保存
2026-06-22 08:46:06,958 - INFO - 短按拍照键：截图保存
2026-06-22 08:46:08,893 - INFO - 短按拍照键：截图保存
2026-06-22 08:46:11,535 - INFO - 短按拍照键：截图保存
2026-06-22 08:46:16,515 - WARNING - 震动传感器触发，锁定当前录像片段
2026-06-22 08:46:17,689 - WARNING - 震动传感器触发，锁定当前录像片段
2026-06-22 08:46:18,639 - WARNING - 震动传感器触发，锁定当前录像片段
2026-06-22 08:46:20,593 - WARNING - 震动传感器触发，锁定当前录像片段
2026-06-22 08:46:33,262 - WARNING - 【存储切换】U盘不可用(未找到拥有写入权限的U盘)，切换本地存储：/home/kongbin/record_backup
2026-06-22 08:46:33,563 - INFO - 【容量校验】全部录像总大小:0.83GB，上限阈值:4GB
2026-06-22 08:47:03,253 - WARNING - 【存储切换】U盘不可用(未找到拥有写入权限的U盘)，切换本地存储：/home/kongbin/record_backup
2026-06-22 08:47:03,554 - INFO - 【容量校验】全部录像总大小:0.83GB，上限阈值:4GB
2026-06-22 08:47:33,244 - WARNING - 【存储切换】U盘不可用(未找到拥有写入权限的U盘)，切换本地存储：/home/kongbin/record_backup
2026-06-22 08:47:33,545 - INFO - 【容量校验】全部录像总大小:0.83GB，上限阈值:4GB
2026-06-22 08:48:03,233 - WARNING - 【存储切换】U盘不可用(未找到拥有写入权限的U盘)，切换本地存储：/home/kongbin/record_backup
2026-06-22 08:48:03,534 - INFO - 【容量校验】全部录像总大小:0.83GB，上限阈值:4GB
2026-06-22 08:48:33,240 - WARNING - 【存储切换】U盘不可用(未找到拥有写入权限的U盘)，切换本地存储：/home/kongbin/record_backup
2026-06-22 08:48:33,541 - INFO - 【容量校验】全部录像总大小:0.83GB，上限阈值:4GB
2026-06-22 08:49:03,217 - WARNING - 【存储切换】U盘不可用(未找到拥有写入权限的U盘)，切换本地存储：/home/kongbin/record_backup
2026-06-22 08:49:03,518 - INFO - 【容量校验】全部录像总大小:0.83GB，上限阈值:4GB
2026-06-22 08:49:33,234 - WARNING - 【存储切换】U盘不可用(未找到拥有写入权限的U盘)，切换本地存储：/home/kongbin/record_backup
2026-06-22 08:49:33,535 - INFO - 【容量校验】全部录像总大小:0.83GB，上限阈值:4GB
2026-06-22 08:50:03,228 - WARNING - 【存储切换】U盘不可用(未找到拥有写入权限的U盘)，切换本地存储：/home/kongbin/record_backup
2026-06-22 08:50:03,529 - INFO - 【容量校验】全部录像总大小:0.83GB，上限阈值:4GB
2026-06-22 08:50:33,221 - WARNING - 【存储切换】U盘不可用(未找到拥有写入权限的U盘)，切换本地存储：/home/kongbin/record_backup
2026-06-22 08:50:33,522 - INFO - 【容量校验】全部录像总大小:0.83GB，上限阈值:4GB
2026-06-22 08:51:03,240 - WARNING - 【存储切换】U盘不可用(未找到拥有写入权限的U盘)，切换本地存储：/home/kongbin/record_backup
2026-06-22 08:51:03,541 - INFO - 【容量校验】全部录像总大小:0.83GB，上限阈值:4GB
2026-06-22 08:51:33,228 - WARNING - 【存储切换】U盘不可用(未找到拥有写入权限的U盘)，切换本地存储：/home/kongbin/record_backup
2026-06-22 08:51:33,529 - INFO - 【容量校验】全部录像总大小:0.83GB，上限阈值:4GB
2026-06-22 08:52:03,219 - WARNING - 【存储切换】U盘不可用(未找到拥有写入权限的U盘)，切换本地存储：/home/kongbin/record_backup
2026-06-22 08:52:03,521 - INFO - 【容量校验】全部录像总大小:0.83GB，上限阈值:4GB
2026-06-22 08:52:33,238 - WARNING - 【存储切换】U盘不可用(未找到拥有写入权限的U盘)，切换本地存储：/home/kongbin/record_backup
2026-06-22 08:52:33,539 - INFO - 【容量校验】全部录像总大小:0.83GB，上限阈值:4GB
2026-06-22 08:53:03,234 - WARNING - 【存储切换】U盘不可用(未找到拥有写入权限的U盘)，切换本地存储：/home/kongbin/record_backup
2026-06-22 08:53:03,535 - INFO - 【容量校验】全部录像总大小:0.83GB，上限阈值:4GB
2026-06-22 08:53:33,227 - WARNING - 【存储切换】U盘不可用(未找到拥有写入权限的U盘)，切换本地存储：/home/kongbin/record_backup
2026-06-22 08:53:33,528 - INFO - 【容量校验】全部录像总大小:0.83GB，上限阈值:4GB
2026-06-22 08:54:03,221 - WARNING - 【存储切换】U盘不可用(未找到拥有写入权限的U盘)，切换本地存储：/home/kongbin/record_backup
2026-06-22 08:54:03,522 - INFO - 【容量校验】全部录像总大小:0.83GB，上限阈值:4GB
2026-06-22 08:54:33,245 - WARNING - 【存储切换】U盘不可用(未找到拥有写入权限的U盘)，切换本地存储：/home/kongbin/record_backup
2026-06-22 08:54:33,546 - INFO - 【容量校验】全部录像总大小:0.83GB，上限阈值:4GB
2026-06-22 08:55:03,239 - WARNING - 【存储切换】U盘不可用(未找到拥有写入权限的U盘)，切换本地存储：/home/kongbin/record_backup
2026-06-22 08:55:03,540 - INFO - 【容量校验】全部录像总大小:0.83GB，上限阈值:4GB
2026-06-22 08:55:33,238 - WARNING - 【存储切换】U盘不可用(未找到拥有写入权限的U盘)，切换本地存储：/home/kongbin/record_backup
2026-06-22 08:55:33,539 - INFO - 【容量校验】全部录像总大小:0.83GB，上限阈值:4GB
2026-06-22 08:56:03,233 - WARNING - 【存储切换】U盘不可用(未找到拥有写入权限的U盘)，切换本地存储：/home/kongbin/record_backup
2026-06-22 08:56:03,534 - INFO - 【容量校验】全部录像总大小:0.83GB，上限阈值:4GB
2026-06-22 08:56:33,228 - WARNING - 【存储切换】U盘不可用(未找到拥有写入权限的U盘)，切换本地存储：/home/kongbin/record_backup
2026-06-22 08:56:33,529 - INFO - 【容量校验】全部录像总大小:0.83GB，上限阈值:4GB
2026-06-22 08:57:03,221 - WARNING - 【存储切换】U盘不可用(未找到拥有写入权限的U盘)，切换本地存储：/home/kongbin/record_backup
2026-06-22 08:57:03,522 - INFO - 【容量校验】全部录像总大小:0.83GB，上限阈值:4GB
2026-06-22 08:57:27,807 - WARNING - 震动传感器触发，锁定当前录像片段
2026-06-22 08:57:29,213 - INFO - 模式切换按键触发
2026-06-22 08:57:29,802 - INFO - 模式切换按键触发
2026-06-22 08:57:31,390 - INFO - 模式切换按键触发
2026-06-22 08:57:31,843 - INFO - 模式切换按键触发
2026-06-22 08:57:33,247 - WARNING - 【存储切换】U盘不可用(未找到拥有写入权限的U盘)，切换本地存储：/home/kongbin/record_backup
2026-06-22 08:57:33,765 - INFO - 【容量校验】全部录像总大小:0.83GB，上限阈值:4GB
2026-06-22 08:57:43,018 - INFO - Initialization successful.
2026-06-22 08:57:43,018 - INFO - Camera now open.
2026-06-22 08:57:43,020 - INFO - Camera configuration has been adjusted!
2026-06-22 08:57:43,020 - INFO - Configuration successful!
2026-06-22 08:57:43,035 - INFO - Camera started
2026-06-22 08:57:43,068 - INFO - Initialization successful.
2026-06-22 08:57:43,068 - INFO - Camera now open.
2026-06-22 08:57:43,070 - INFO - Camera configuration has been adjusted!
2026-06-22 08:57:43,071 - INFO - Configuration successful!
2026-06-22 08:57:43,085 - INFO - Camera started
2026-06-22 08:57:43,085 - INFO - 双摄像头初始化成功
2026-06-22 08:57:43,090 - WARNING - 【存储切换】U盘不可用(未找到拥有写入权限的U盘)，切换本地存储：/home/kongbin/record_backup
2026-06-22 08:57:47,087 - WARNING - 震动传感器触发，锁定当前录像片段
2026-06-22 08:57:47,568 - WARNING - 震动传感器触发，锁定当前录像片段
2026-06-22 08:57:48,100 - WARNING - 震动传感器触发，锁定当前录像片段
2026-06-22 08:58:13,228 - WARNING - 【存储切换】U盘不可用(未找到拥有写入权限的U盘)，切换本地存储：/home/kongbin/record_backup
2026-06-22 08:58:13,529 - INFO - 【容量校验】全部录像总大小:0.83GB，上限阈值:4GB
2026-06-22 08:58:43,249 - WARNING - 【存储切换】U盘不可用(未找到拥有写入权限的U盘)，切换本地存储：/home/kongbin/record_backup
2026-06-22 08:58:43,550 - INFO - 【容量校验】全部录像总大小:0.83GB，上限阈值:4GB
2026-06-22 08:59:13,224 - WARNING - 【存储切换】U盘不可用(未找到拥有写入权限的U盘)，切换本地存储：/home/kongbin/record_backup
2026-06-22 08:59:13,525 - INFO - 【容量校验】全部录像总大小:0.83GB，上限阈值:4GB
2026-06-22 08:59:18,601 - INFO - 长按拍照键：锁定当前视频
2026-06-22 08:59:43,225 - WARNING - 【存储切换】U盘不可用(未找到拥有写入权限的U盘)，切换本地存储：/home/kongbin/record_backup
2026-06-22 08:59:43,527 - INFO - 【容量校验】全部录像总大小:0.83GB，上限阈值:4GB
2026-06-22 08:59:43,652 - WARNING - 震动传感器触发，锁定当前录像片段
2026-06-22 09:00:13,241 - WARNING - 【存储切换】U盘不可用(未找到拥有写入权限的U盘)，切换本地存储：/home/kongbin/record_backup
2026-06-22 09:00:13,542 - INFO - 【容量校验】全部录像总大小:0.83GB，上限阈值:4GB
2026-06-22 09:00:18,604 - INFO - Camera stopped
2026-06-22 09:00:18,607 - INFO - Camera stopped
2026-06-22 09:00:18,709 - INFO - 程序正常退出，资源全部释放
2026-06-22 09:10:36,778 - INFO - Initialization successful.
2026-06-22 09:10:36,781 - INFO - Camera now open.
2026-06-22 09:10:36,783 - INFO - Camera configuration has been adjusted!
2026-06-22 09:10:36,783 - INFO - Configuration successful!
2026-06-22 09:10:36,798 - INFO - Camera started
2026-06-22 09:10:36,832 - INFO - Initialization successful.
2026-06-22 09:10:36,832 - INFO - Camera now open.
2026-06-22 09:10:36,834 - INFO - Camera configuration has been adjusted!
2026-06-22 09:10:36,835 - INFO - Configuration successful!
2026-06-22 09:10:36,847 - INFO - Camera started
2026-06-22 09:10:36,847 - INFO - 双摄像头初始化成功
2026-06-22 09:12:00,837 - WARNING - U盘挂载点 /media/kongbin/123 无写入权限，跳过：[Errno 2] 没有那个文件或目录: '/media/kongbin/123/.write_test.tmp'
2026-06-22 09:12:00,837 - WARNING - 【存储切换】U盘不可用(未找到拥有写入权限的U盘)，切换本地存储：/home/kongbin/record_backup
2026-06-22 09:12:30,587 - WARNING - 【存储切换】U盘不可用(未找到拥有写入权限的U盘)，切换本地存储：/home/kongbin/record_backup
2026-06-22 09:12:30,897 - INFO - 【容量校验】全部录像总大小:0.83GB，上限阈值:4GB
2026-06-22 09:13:00,598 - WARNING - 【存储切换】U盘不可用(未找到拥有写入权限的U盘)，切换本地存储：/home/kongbin/record_backup
2026-06-22 09:13:00,900 - INFO - 【容量校验】全部录像总大小:0.83GB，上限阈值:4GB
2026-06-22 09:13:30,594 - WARNING - 【存储切换】U盘不可用(未找到拥有写入权限的U盘)，切换本地存储：/home/kongbin/record_backup
2026-06-22 09:13:30,895 - INFO - 【容量校验】全部录像总大小:0.83GB，上限阈值:4GB
2026-06-22 09:14:00,610 - WARNING - 【存储切换】U盘不可用(未找到拥有写入权限的U盘)，切换本地存储：/home/kongbin/record_backup
2026-06-22 09:14:00,912 - INFO - 【容量校验】全部录像总大小:0.83GB，上限阈值:4GB
2026-06-22 09:14:30,586 - WARNING - 【存储切换】U盘不可用(未找到拥有写入权限的U盘)，切换本地存储：/home/kongbin/record_backup
2026-06-22 09:14:30,887 - INFO - 【容量校验】全部录像总大小:0.83GB，上限阈值:4GB
2026-06-22 09:15:00,583 - WARNING - 【存储切换】U盘不可用(未找到拥有写入权限的U盘)，切换本地存储：/home/kongbin/record_backup
2026-06-22 09:15:00,885 - INFO - 【容量校验】全部录像总大小:0.83GB，上限阈值:4GB
2026-06-22 09:15:30,604 - WARNING - 【存储切换】U盘不可用(未找到拥有写入权限的U盘)，切换本地存储：/home/kongbin/record_backup
2026-06-22 09:15:30,905 - INFO - 【容量校验】全部录像总大小:0.83GB，上限阈值:4GB
2026-06-22 09:16:00,600 - WARNING - 【存储切换】U盘不可用(未找到拥有写入权限的U盘)，切换本地存储：/home/kongbin/record_backup
2026-06-22 09:16:00,901 - INFO - 【容量校验】全部录像总大小:0.83GB，上限阈值:4GB
2026-06-22 09:16:30,562 - WARNING - 【存储切换】U盘不可用(未找到拥有写入权限的U盘)，切换本地存储：/home/kongbin/record_backup
2026-06-22 09:16:30,863 - INFO - 【容量校验】全部录像总大小:0.83GB，上限阈值:4GB
2026-06-22 09:16:54,586 - INFO - Camera stopped
2026-06-22 09:16:54,590 - INFO - Camera stopped
2026-06-22 09:16:54,692 - INFO - 程序正常退出，资源全部释放
2026-06-22 09:17:02,331 - INFO - Initialization successful.
2026-06-22 09:17:02,331 - INFO - Camera now open.
2026-06-22 09:17:02,333 - INFO - Camera configuration has been adjusted!
2026-06-22 09:17:02,333 - INFO - Configuration successful!
2026-06-22 09:17:02,346 - INFO - Camera started
2026-06-22 09:17:02,379 - INFO - Initialization successful.
2026-06-22 09:17:02,379 - INFO - Camera now open.
2026-06-22 09:17:02,381 - INFO - Camera configuration has been adjusted!
2026-06-22 09:17:02,381 - INFO - Configuration successful!
2026-06-22 09:17:02,396 - INFO - Camera started
2026-06-22 09:17:02,396 - INFO - 双摄像头初始化成功
2026-06-22 09:17:02,401 - WARNING - 【存储切换】U盘不可用(未找到拥有写入权限的U盘)，切换本地存储：/home/kongbin/record_backup
2026-06-22 09:17:32,594 - WARNING - 【存储切换】U盘不可用(未找到拥有写入权限的U盘)，切换本地存储：/home/kongbin/record_backup
2026-06-22 09:17:32,595 - INFO - 【容量校验】全部录像总大小:0.83GB，上限阈值:4GB
2026-06-22 09:18:02,588 - WARNING - 【存储切换】U盘不可用(未找到拥有写入权限的U盘)，切换本地存储：/home/kongbin/record_backup
2026-06-22 09:18:02,589 - INFO - 【容量校验】全部录像总大小:0.83GB，上限阈值:4GB
2026-06-22 09:18:32,592 - WARNING - 【存储切换】U盘不可用(未找到拥有写入权限的U盘)，切换本地存储：/home/kongbin/record_backup
2026-06-22 09:18:32,593 - INFO - 【容量校验】全部录像总大小:0.83GB，上限阈值:4GB
2026-06-22 09:18:44,080 - INFO - Camera stopped
2026-06-22 09:18:44,084 - INFO - Camera stopped
2026-06-22 09:18:44,186 - INFO - 程序正常退出，资源全部释放
2026-06-22 09:21:50,603 - INFO - Initialization successful.
2026-06-22 09:21:50,603 - INFO - Camera now open.
2026-06-22 09:21:50,605 - INFO - Camera configuration has been adjusted!
2026-06-22 09:21:50,606 - INFO - Configuration successful!
2026-06-22 09:21:50,618 - INFO - Camera started
2026-06-22 09:21:50,652 - INFO - Initialization successful.
2026-06-22 09:21:50,653 - INFO - Camera now open.
2026-06-22 09:21:50,655 - INFO - Camera configuration has been adjusted!
2026-06-22 09:21:50,655 - INFO - Configuration successful!
2026-06-22 09:21:50,669 - INFO - Camera started
2026-06-22 09:21:50,669 - INFO - 双摄像头初始化成功
2026-06-22 09:21:50,674 - WARNING - 【存储切换】U盘不可用(未找到拥有写入权限的U盘)，切换本地存储：/home/kongbin/record_backup
2026-06-22 09:22:20,574 - WARNING - 【存储切换】U盘不可用(未找到拥有写入权限的U盘)，切换本地存储：/home/kongbin/record_backup
2026-06-22 09:22:20,876 - INFO - 【容量校验】全部录像总大小:0.83GB，上限阈值:4GB
2026-06-22 09:22:50,587 - WARNING - 【存储切换】U盘不可用(未找到拥有写入权限的U盘)，切换本地存储：/home/kongbin/record_backup
2026-06-22 09:22:50,889 - INFO - 【容量校验】全部录像总大小:0.83GB，上限阈值:4GB
2026-06-22 09:23:20,585 - WARNING - 【存储切换】U盘不可用(未找到拥有写入权限的U盘)，切换本地存储：/home/kongbin/record_backup
2026-06-22 09:23:20,886 - INFO - 【容量校验】全部录像总大小:0.83GB，上限阈值:4GB
2026-06-22 09:23:50,594 - WARNING - 【存储切换】U盘不可用(未找到拥有写入权限的U盘)，切换本地存储：/home/kongbin/record_backup
2026-06-22 09:23:50,895 - INFO - 【容量校验】全部录像总大小:0.83GB，上限阈值:4GB
2026-06-22 09:24:20,575 - WARNING - 【存储切换】U盘不可用(未找到拥有写入权限的U盘)，切换本地存储：/home/kongbin/record_backup
2026-06-22 09:24:20,876 - INFO - 【容量校验】全部录像总大小:0.83GB，上限阈值:4GB
2026-06-22 09:24:50,570 - WARNING - 【存储切换】U盘不可用(未找到拥有写入权限的U盘)，切换本地存储：/home/kongbin/record_backup
2026-06-22 09:24:50,872 - INFO - 【容量校验】全部录像总大小:0.83GB，上限阈值:4GB
2026-06-22 09:25:20,565 - WARNING - 【存储切换】U盘不可用(未找到拥有写入权限的U盘)，切换本地存储：/home/kongbin/record_backup
2026-06-22 09:25:20,866 - INFO - 【容量校验】全部录像总大小:0.83GB，上限阈值:4GB
2026-06-22 09:25:50,588 - WARNING - 【存储切换】U盘不可用(未找到拥有写入权限的U盘)，切换本地存储：/home/kongbin/record_backup
2026-06-22 09:25:50,890 - INFO - 【容量校验】全部录像总大小:0.83GB，上限阈值:4GB
2026-06-22 09:26:20,587 - WARNING - 【存储切换】U盘不可用(未找到拥有写入权限的U盘)，切换本地存储：/home/kongbin/record_backup
2026-06-22 09:26:20,889 - INFO - 【容量校验】全部录像总大小:0.83GB，上限阈值:4GB
2026-06-22 09:26:50,580 - WARNING - 【存储切换】U盘不可用(未找到拥有写入权限的U盘)，切换本地存储：/home/kongbin/record_backup
2026-06-22 09:26:50,881 - INFO - 【容量校验】全部录像总大小:0.83GB，上限阈值:4GB
2026-06-22 09:27:20,574 - WARNING - 【存储切换】U盘不可用(未找到拥有写入权限的U盘)，切换本地存储：/home/kongbin/record_backup
2026-06-22 09:27:20,876 - INFO - 【容量校验】全部录像总大小:0.83GB，上限阈值:4GB
2026-06-22 09:27:50,572 - WARNING - 【存储切换】U盘不可用(未找到拥有写入权限的U盘)，切换本地存储：/home/kongbin/record_backup
2026-06-22 09:27:50,873 - INFO - 【容量校验】全部录像总大小:0.83GB，上限阈值:4GB
2026-06-22 09:28:20,583 - WARNING - 【存储切换】U盘不可用(未找到拥有写入权限的U盘)，切换本地存储：/home/kongbin/record_backup
2026-06-22 09:28:20,885 - INFO - 【容量校验】全部录像总大小:0.83GB，上限阈值:4GB
2026-06-22 09:28:50,588 - WARNING - 【存储切换】U盘不可用(未找到拥有写入权限的U盘)，切换本地存储：/home/kongbin/record_backup
2026-06-22 09:28:50,889 - INFO - 【容量校验】全部录像总大小:0.83GB，上限阈值:4GB
2026-06-22 09:29:20,588 - WARNING - 【存储切换】U盘不可用(未找到拥有写入权限的U盘)，切换本地存储：/home/kongbin/record_backup
2026-06-22 09:29:20,889 - INFO - 【容量校验】全部录像总大小:0.83GB，上限阈值:4GB
2026-06-22 09:29:50,597 - WARNING - 【存储切换】U盘不可用(未找到拥有写入权限的U盘)，切换本地存储：/home/kongbin/record_backup
2026-06-22 09:29:50,899 - INFO - 【容量校验】全部录像总大小:0.83GB，上限阈值:4GB
2026-06-22 09:30:20,576 - WARNING - 【存储切换】U盘不可用(未找到拥有写入权限的U盘)，切换本地存储：/home/kongbin/record_backup
2026-06-22 09:30:20,878 - INFO - 【容量校验】全部录像总大小:0.83GB，上限阈值:4GB
2026-06-22 09:30:50,572 - WARNING - 【存储切换】U盘不可用(未找到拥有写入权限的U盘)，切换本地存储：/home/kongbin/record_backup
2026-06-22 09:30:50,873 - INFO - 【容量校验】全部录像总大小:0.83GB，上限阈值:4GB
2026-06-22 09:31:20,585 - WARNING - 【存储切换】U盘不可用(未找到拥有写入权限的U盘)，切换本地存储：/home/kongbin/record_backup
2026-06-22 09:31:20,886 - INFO - 【容量校验】全部录像总大小:0.83GB，上限阈值:4GB
2026-06-22 09:31:50,591 - WARNING - 【存储切换】U盘不可用(未找到拥有写入权限的U盘)，切换本地存储：/home/kongbin/record_backup
2026-06-22 09:31:50,892 - INFO - 【容量校验】全部录像总大小:0.83GB，上限阈值:4GB
2026-06-22 09:32:20,589 - WARNING - 【存储切换】U盘不可用(未找到拥有写入权限的U盘)，切换本地存储：/home/kongbin/record_backup
2026-06-22 09:32:20,891 - INFO - 【容量校验】全部录像总大小:0.83GB，上限阈值:4GB
2026-06-22 09:32:50,584 - WARNING - 【存储切换】U盘不可用(未找到拥有写入权限的U盘)，切换本地存储：/home/kongbin/record_backup
2026-06-22 09:32:50,885 - INFO - 【容量校验】全部录像总大小:0.83GB，上限阈值:4GB
2026-06-22 09:33:20,579 - WARNING - 【存储切换】U盘不可用(未找到拥有写入权限的U盘)，切换本地存储：/home/kongbin/record_backup
2026-06-22 09:33:20,880 - INFO - 【容量校验】全部录像总大小:0.83GB，上限阈值:4GB
2026-06-22 09:33:50,574 - WARNING - 【存储切换】U盘不可用(未找到拥有写入权限的U盘)，切换本地存储：/home/kongbin/record_backup
2026-06-22 09:33:50,875 - INFO - 【容量校验】全部录像总大小:0.83GB，上限阈值:4GB
2026-06-22 09:34:20,571 - WARNING - 【存储切换】U盘不可用(未找到拥有写入权限的U盘)，切换本地存储：/home/kongbin/record_backup
2026-06-22 09:34:20,872 - INFO - 【容量校验】全部录像总大小:0.83GB，上限阈值:4GB
2026-06-22 09:34:50,614 - WARNING - 【存储切换】U盘不可用(未找到拥有写入权限的U盘)，切换本地存储：/home/kongbin/record_backup
2026-06-22 09:34:50,916 - INFO - 【容量校验】全部录像总大小:0.83GB，上限阈值:4GB
2026-06-22 09:35:20,564 - WARNING - 【存储切换】U盘不可用(未找到拥有写入权限的U盘)，切换本地存储：/home/kongbin/record_backup
2026-06-22 09:35:20,865 - INFO - 【容量校验】全部录像总大小:0.83GB，上限阈值:4GB
2026-06-22 09:35:50,607 - WARNING - 【存储切换】U盘不可用(未找到拥有写入权限的U盘)，切换本地存储：/home/kongbin/record_backup
2026-06-22 09:35:50,908 - INFO - 【容量校验】全部录像总大小:0.83GB，上限阈值:4GB
2026-06-22 09:36:20,603 - WARNING - 【存储切换】U盘不可用(未找到拥有写入权限的U盘)，切换本地存储：/home/kongbin/record_backup
2026-06-22 09:36:20,905 - INFO - 【容量校验】全部录像总大小:0.83GB，上限阈值:4GB
2026-06-22 09:36:50,600 - WARNING - 【存储切换】U盘不可用(未找到拥有写入权限的U盘)，切换本地存储：/home/kongbin/record_backup
2026-06-22 09:36:50,902 - INFO - 【容量校验】全部录像总大小:0.83GB，上限阈值:4GB
2026-06-22 09:37:20,581 - WARNING - 【存储切换】U盘不可用(未找到拥有写入权限的U盘)，切换本地存储：/home/kongbin/record_backup
2026-06-22 09:37:20,882 - INFO - 【容量校验】全部录像总大小:0.83GB，上限阈值:4GB
2026-06-22 09:37:50,578 - WARNING - 【存储切换】U盘不可用(未找到拥有写入权限的U盘)，切换本地存储：/home/kongbin/record_backup
2026-06-22 09:37:50,880 - INFO - 【容量校验】全部录像总大小:0.83GB，上限阈值:4GB
2026-06-22 09:38:20,587 - WARNING - 【存储切换】U盘不可用(未找到拥有写入权限的U盘)，切换本地存储：/home/kongbin/record_backup
2026-06-22 09:38:20,888 - INFO - 【容量校验】全部录像总大小:0.83GB，上限阈值:4GB
2026-06-22 09:38:50,587 - WARNING - 【存储切换】U盘不可用(未找到拥有写入权限的U盘)，切换本地存储：/home/kongbin/record_backup
2026-06-22 09:38:50,888 - INFO - 【容量校验】全部录像总大小:0.83GB，上限阈值:4GB
2026-06-22 09:39:20,597 - WARNING - 【存储切换】U盘不可用(未找到拥有写入权限的U盘)，切换本地存储：/home/kongbin/record_backup
2026-06-22 09:39:20,899 - INFO - 【容量校验】全部录像总大小:0.83GB，上限阈值:4GB
2026-06-22 09:39:50,578 - WARNING - 【存储切换】U盘不可用(未找到拥有写入权限的U盘)，切换本地存储：/home/kongbin/record_backup
2026-06-22 09:39:50,880 - INFO - 【容量校验】全部录像总大小:0.83GB，上限阈值:4GB
2026-06-22 09:40:20,590 - WARNING - 【存储切换】U盘不可用(未找到拥有写入权限的U盘)，切换本地存储：/home/kongbin/record_backup
2026-06-22 09:40:20,891 - INFO - 【容量校验】全部录像总大小:0.83GB，上限阈值:4GB
2026-06-22 09:40:50,569 - WARNING - 【存储切换】U盘不可用(未找到拥有写入权限的U盘)，切换本地存储：/home/kongbin/record_backup
2026-06-22 09:40:50,871 - INFO - 【容量校验】全部录像总大小:0.83GB，上限阈值:4GB
2026-06-22 09:41:20,612 - WARNING - 【存储切换】U盘不可用(未找到拥有写入权限的U盘)，切换本地存储：/home/kongbin/record_backup
2026-06-22 09:41:20,913 - INFO - 【容量校验】全部录像总大小:0.83GB，上限阈值:4GB
2026-06-22 09:41:50,561 - WARNING - 【存储切换】U盘不可用(未找到拥有写入权限的U盘)，切换本地存储：/home/kongbin/record_backup
2026-06-22 09:41:50,862 - INFO - 【容量校验】全部录像总大小:0.83GB，上限阈值:4GB
2026-06-22 09:42:20,602 - WARNING - 【存储切换】U盘不可用(未找到拥有写入权限的U盘)，切换本地存储：/home/kongbin/record_backup
2026-06-22 09:42:20,903 - INFO - 【容量校验】全部录像总大小:0.83GB，上限阈值:4GB
2026-06-22 09:42:50,599 - WARNING - 【存储切换】U盘不可用(未找到拥有写入权限的U盘)，切换本地存储：/home/kongbin/record_backup
2026-06-22 09:42:50,900 - INFO - 【容量校验】全部录像总大小:0.83GB，上限阈值:4GB
2026-06-22 09:43:20,593 - WARNING - 【存储切换】U盘不可用(未找到拥有写入权限的U盘)，切换本地存储：/home/kongbin/record_backup
2026-06-22 09:43:20,894 - INFO - 【容量校验】全部录像总大小:0.83GB，上限阈值:4GB
2026-06-22 09:43:50,575 - WARNING - 【存储切换】U盘不可用(未找到拥有写入权限的U盘)，切换本地存储：/home/kongbin/record_backup
2026-06-22 09:43:50,877 - INFO - 【容量校验】全部录像总大小:0.83GB，上限阈值:4GB
2026-06-22 09:44:20,586 - WARNING - 【存储切换】U盘不可用(未找到拥有写入权限的U盘)，切换本地存储：/home/kongbin/record_backup
2026-06-22 09:44:20,887 - INFO - 【容量校验】全部录像总大小:0.83GB，上限阈值:4GB
2026-06-22 09:44:50,566 - WARNING - 【存储切换】U盘不可用(未找到拥有写入权限的U盘)，切换本地存储：/home/kongbin/record_backup
2026-06-22 09:44:50,868 - INFO - 【容量校验】全部录像总大小:0.83GB，上限阈值:4GB
2026-06-22 09:45:20,606 - WARNING - 【存储切换】U盘不可用(未找到拥有写入权限的U盘)，切换本地存储：/home/kongbin/record_backup
2026-06-22 09:45:20,907 - INFO - 【容量校验】全部录像总大小:0.83GB，上限阈值:4GB
2026-06-22 09:45:50,604 - WARNING - 【存储切换】U盘不可用(未找到拥有写入权限的U盘)，切换本地存储：/home/kongbin/record_backup
2026-06-22 09:45:50,905 - INFO - 【容量校验】全部录像总大小:0.83GB，上限阈值:4GB
2026-06-22 09:46:20,600 - WARNING - 【存储切换】U盘不可用(未找到拥有写入权限的U盘)，切换本地存储：/home/kongbin/record_backup
2026-06-22 09:46:20,901 - INFO - 【容量校验】全部录像总大小:0.83GB，上限阈值:4GB
2026-06-22 09:46:50,581 - WARNING - 【存储切换】U盘不可用(未找到拥有写入权限的U盘)，切换本地存储：/home/kongbin/record_backup
2026-06-22 09:46:50,882 - INFO - 【容量校验】全部录像总大小:0.83GB，上限阈值:4GB
2026-06-22 09:47:20,577 - WARNING - 【存储切换】U盘不可用(未找到拥有写入权限的U盘)，切换本地存储：/home/kongbin/record_backup
2026-06-22 09:47:20,878 - INFO - 【容量校验】全部录像总大小:0.83GB，上限阈值:4GB
2026-06-22 09:47:50,585 - WARNING - 【存储切换】U盘不可用(未找到拥有写入权限的U盘)，切换本地存储：/home/kongbin/record_backup
2026-06-22 09:47:50,886 - INFO - 【容量校验】全部录像总大小:0.83GB，上限阈值:4GB
2026-06-22 09:48:20,582 - WARNING - 【存储切换】U盘不可用(未找到拥有写入权限的U盘)，切换本地存储：/home/kongbin/record_backup
2026-06-22 09:48:20,883 - INFO - 【容量校验】全部录像总大小:0.83GB，上限阈值:4GB
2026-06-22 09:48:50,581 - WARNING - 【存储切换】U盘不可用(未找到拥有写入权限的U盘)，切换本地存储：/home/kongbin/record_backup
2026-06-22 09:48:50,882 - INFO - 【容量校验】全部录像总大小:0.83GB，上限阈值:4GB
2026-06-22 09:49:20,589 - WARNING - 【存储切换】U盘不可用(未找到拥有写入权限的U盘)，切换本地存储：/home/kongbin/record_backup
2026-06-22 09:49:20,890 - INFO - 【容量校验】全部录像总大小:0.83GB，上限阈值:4GB
2026-06-22 09:49:50,586 - WARNING - 【存储切换】U盘不可用(未找到拥有写入权限的U盘)，切换本地存储：/home/kongbin/record_backup
2026-06-22 09:49:50,887 - INFO - 【容量校验】全部录像总大小:0.83GB，上限阈值:4GB
2026-06-22 09:50:20,582 - WARNING - 【存储切换】U盘不可用(未找到拥有写入权限的U盘)，切换本地存储：/home/kongbin/record_backup
2026-06-22 09:50:20,884 - INFO - 【容量校验】全部录像总大小:0.83GB，上限阈值:4GB
2026-06-22 09:50:50,591 - WARNING - 【存储切换】U盘不可用(未找到拥有写入权限的U盘)，切换本地存储：/home/kongbin/record_backup
2026-06-22 09:50:50,892 - INFO - 【容量校验】全部录像总大小:0.83GB，上限阈值:4GB
2026-06-22 09:51:20,571 - WARNING - 【存储切换】U盘不可用(未找到拥有写入权限的U盘)，切换本地存储：/home/kongbin/record_backup
2026-06-22 09:51:20,872 - INFO - 【容量校验】全部录像总大小:0.83GB，上限阈值:4GB
2026-06-22 09:51:50,589 - WARNING - 【存储切换】U盘不可用(未找到拥有写入权限的U盘)，切换本地存储：/home/kongbin/record_backup
2026-06-22 09:51:50,890 - INFO - 【容量校验】全部录像总大小:0.83GB，上限阈值:4GB
2026-06-22 09:52:20,581 - WARNING - 【存储切换】U盘不可用(未找到拥有写入权限的U盘)，切换本地存储：/home/kongbin/record_backup
2026-06-22 09:52:20,882 - INFO - 【容量校验】全部录像总大小:0.83GB，上限阈值:4GB
2026-06-22 09:52:49,264 - INFO - Camera stopped
2026-06-22 09:52:49,268 - INFO - Camera stopped
2026-06-22 09:52:49,369 - INFO - 程序正常退出，资源全部释放
2026-06-22 09:52:56,508 - INFO - Initialization successful.
2026-06-22 09:52:56,508 - INFO - Camera now open.
2026-06-22 09:52:56,510 - INFO - Camera configuration has been adjusted!
2026-06-22 09:52:56,510 - INFO - Configuration successful!
2026-06-22 09:52:56,523 - INFO - Camera started
2026-06-22 09:52:56,557 - INFO - Initialization successful.
2026-06-22 09:52:56,557 - INFO - Camera now open.
2026-06-22 09:52:56,559 - INFO - Camera configuration has been adjusted!
2026-06-22 09:52:56,560 - INFO - Configuration successful!
2026-06-22 09:52:56,575 - INFO - Camera started
2026-06-22 09:52:56,575 - INFO - 双摄像头初始化成功
2026-06-22 09:52:56,580 - WARNING - 【存储切换】U盘不可用(未找到拥有写入权限的U盘)，切换本地存储：/home/kongbin/record_backup
2026-06-22 09:53:26,576 - WARNING - 【存储切换】U盘不可用(未找到拥有写入权限的U盘)，切换本地存储：/home/kongbin/record_backup
2026-06-22 09:53:26,877 - INFO - 【容量校验】全部录像总大小:0.83GB，上限阈值:4GB
2026-06-22 09:53:56,579 - WARNING - 【存储切换】U盘不可用(未找到拥有写入权限的U盘)，切换本地存储：/home/kongbin/record_backup
2026-06-22 09:53:56,880 - INFO - 【容量校验】全部录像总大小:0.83GB，上限阈值:4GB
2026-06-22 09:53:59,772 - INFO - Camera stopped
2026-06-22 09:53:59,776 - INFO - Camera stopped
2026-06-22 09:53:59,878 - INFO - 程序正常退出，资源全部释放
2026-06-22 09:54:05,859 - INFO - Initialization successful.
2026-06-22 09:54:05,859 - INFO - Camera now open.
2026-06-22 09:54:05,861 - INFO - Camera configuration has been adjusted!
2026-06-22 09:54:05,862 - INFO - Configuration successful!
2026-06-22 09:54:05,875 - INFO - Camera started
2026-06-22 09:54:05,909 - INFO - Initialization successful.
2026-06-22 09:54:05,910 - INFO - Camera now open.
2026-06-22 09:54:05,911 - INFO - Camera configuration has been adjusted!
2026-06-22 09:54:05,912 - INFO - Configuration successful!
2026-06-22 09:54:05,926 - INFO - Camera started
2026-06-22 09:54:05,926 - INFO - 双摄像头初始化成功
2026-06-22 09:54:05,932 - WARNING - 【存储切换】U盘不可用(未找到拥有写入权限的U盘)，切换本地存储：/home/kongbin/record_backup
2026-06-22 09:54:35,586 - WARNING - 【存储切换】U盘不可用(未找到拥有写入权限的U盘)，切换本地存储：/home/kongbin/record_backup
2026-06-22 09:54:35,887 - INFO - 【容量校验】全部录像总大小:0.83GB，上限阈值:4GB
2026-06-22 09:55:05,583 - WARNING - 【存储切换】U盘不可用(未找到拥有写入权限的U盘)，切换本地存储：/home/kongbin/record_backup
2026-06-22 09:55:05,884 - INFO - 【容量校验】全部录像总大小:0.83GB，上限阈值:4GB
2026-06-22 09:55:35,589 - WARNING - 【存储切换】U盘不可用(未找到拥有写入权限的U盘)，切换本地存储：/home/kongbin/record_backup
2026-06-22 09:55:35,890 - INFO - 【容量校验】全部录像总大小:0.83GB，上限阈值:4GB
2026-06-22 09:56:05,563 - WARNING - 【存储切换】U盘不可用(未找到拥有写入权限的U盘)，切换本地存储：/home/kongbin/record_backup
2026-06-22 09:56:05,864 - INFO - 【容量校验】全部录像总大小:0.83GB，上限阈值:4GB
2026-06-22 09:56:35,589 - WARNING - 【存储切换】U盘不可用(未找到拥有写入权限的U盘)，切换本地存储：/home/kongbin/record_backup
2026-06-22 09:56:35,890 - INFO - 【容量校验】全部录像总大小:0.83GB，上限阈值:4GB
2026-06-22 09:57:05,568 - WARNING - 【存储切换】U盘不可用(未找到拥有写入权限的U盘)，切换本地存储：/home/kongbin/record_backup
2026-06-22 09:57:05,869 - INFO - 【容量校验】全部录像总大小:0.83GB，上限阈值:4GB
2026-06-22 09:57:35,607 - WARNING - 【存储切换】U盘不可用(未找到拥有写入权限的U盘)，切换本地存储：/home/kongbin/record_backup
2026-06-22 09:57:35,908 - INFO - 【容量校验】全部录像总大小:0.83GB，上限阈值:4GB
2026-06-22 09:58:05,601 - WARNING - 【存储切换】U盘不可用(未找到拥有写入权限的U盘)，切换本地存储：/home/kongbin/record_backup
2026-06-22 09:58:05,902 - INFO - 【容量校验】全部录像总大小:0.83GB，上限阈值:4GB
2026-06-22 09:58:35,581 - WARNING - 【存储切换】U盘不可用(未找到拥有写入权限的U盘)，切换本地存储：/home/kongbin/record_backup
2026-06-22 09:58:35,882 - INFO - 【容量校验】全部录像总大小:0.83GB，上限阈值:4GB
2026-06-22 09:59:05,588 - WARNING - 【存储切换】U盘不可用(未找到拥有写入权限的U盘)，切换本地存储：/home/kongbin/record_backup
2026-06-22 09:59:05,889 - INFO - 【容量校验】全部录像总大小:0.83GB，上限阈值:4GB
2026-06-22 09:59:35,584 - WARNING - 【存储切换】U盘不可用(未找到拥有写入权限的U盘)，切换本地存储：/home/kongbin/record_backup
2026-06-22 09:59:35,886 - INFO - 【容量校验】全部录像总大小:0.83GB，上限阈值:4GB
2026-06-22 10:00:05,591 - WARNING - 【存储切换】U盘不可用(未找到拥有写入权限的U盘)，切换本地存储：/home/kongbin/record_backup
2026-06-22 10:00:05,892 - INFO - 【容量校验】全部录像总大小:0.83GB，上限阈值:4GB
2026-06-22 10:00:35,570 - WARNING - 【存储切换】U盘不可用(未找到拥有写入权限的U盘)，切换本地存储：/home/kongbin/record_backup
2026-06-22 10:00:35,871 - INFO - 【容量校验】全部录像总大小:0.83GB，上限阈值:4GB
2026-06-22 10:01:05,580 - WARNING - 【存储切换】U盘不可用(未找到拥有写入权限的U盘)，切换本地存储：/home/kongbin/record_backup
2026-06-22 10:01:05,881 - INFO - 【容量校验】全部录像总大小:0.83GB，上限阈值:4GB
2026-06-22 10:01:35,587 - WARNING - 【存储切换】U盘不可用(未找到拥有写入权限的U盘)，切换本地存储：/home/kongbin/record_backup
2026-06-22 10:01:35,888 - INFO - 【容量校验】全部录像总大小:0.83GB，上限阈值:4GB
2026-06-22 10:02:05,582 - WARNING - 【存储切换】U盘不可用(未找到拥有写入权限的U盘)，切换本地存储：/home/kongbin/record_backup
2026-06-22 10:02:05,883 - INFO - 【容量校验】全部录像总大小:0.83GB，上限阈值:4GB
2026-06-22 10:02:35,576 - WARNING - 【存储切换】U盘不可用(未找到拥有写入权限的U盘)，切换本地存储：/home/kongbin/record_backup
2026-06-22 10:02:35,877 - INFO - 【容量校验】全部录像总大小:0.83GB，上限阈值:4GB
2026-06-22 10:03:05,572 - WARNING - 【存储切换】U盘不可用(未找到拥有写入权限的U盘)，切换本地存储：/home/kongbin/record_backup
2026-06-22 10:03:05,873 - INFO - 【容量校验】全部录像总大小:0.83GB，上限阈值:4GB
2026-06-22 10:03:35,564 - WARNING - 【存储切换】U盘不可用(未找到拥有写入权限的U盘)，切换本地存储：/home/kongbin/record_backup
2026-06-22 10:03:35,865 - INFO - 【容量校验】全部录像总大小:0.83GB，上限阈值:4GB
2026-06-22 10:04:05,587 - WARNING - 【存储切换】U盘不可用(未找到拥有写入权限的U盘)，切换本地存储：/home/kongbin/record_backup
2026-06-22 10:04:05,888 - INFO - 【容量校验】全部录像总大小:0.83GB，上限阈值:4GB
2026-06-22 10:04:35,584 - WARNING - 【存储切换】U盘不可用(未找到拥有写入权限的U盘)，切换本地存储：/home/kongbin/record_backup
2026-06-22 10:04:35,885 - INFO - 【容量校验】全部录像总大小:0.83GB，上限阈值:4GB
2026-06-22 10:05:05,580 - WARNING - 【存储切换】U盘不可用(未找到拥有写入权限的U盘)，切换本地存储：/home/kongbin/record_backup
2026-06-22 10:05:05,882 - INFO - 【容量校验】全部录像总大小:0.83GB，上限阈值:4GB
2026-06-22 10:05:35,572 - WARNING - 【存储切换】U盘不可用(未找到拥有写入权限的U盘)，切换本地存储：/home/kongbin/record_backup
2026-06-22 10:05:35,873 - INFO - 【容量校验】全部录像总大小:0.83GB，上限阈值:4GB
2026-06-22 10:06:05,596 - WARNING - 【存储切换】U盘不可用(未找到拥有写入权限的U盘)，切换本地存储：/home/kongbin/record_backup
2026-06-22 10:06:05,897 - INFO - 【容量校验】全部录像总大小:0.83GB，上限阈值:4GB
2026-06-22 10:06:35,590 - WARNING - 【存储切换】U盘不可用(未找到拥有写入权限的U盘)，切换本地存储：/home/kongbin/record_backup
2026-06-22 10:06:35,891 - INFO - 【容量校验】全部录像总大小:0.83GB，上限阈值:4GB
2026-06-22 10:07:05,587 - WARNING - 【存储切换】U盘不可用(未找到拥有写入权限的U盘)，切换本地存储：/home/kongbin/record_backup
2026-06-22 10:07:05,888 - INFO - 【容量校验】全部录像总大小:0.83GB，上限阈值:4GB
2026-06-22 10:07:13,916 - INFO - Camera stopped
2026-06-22 10:07:13,920 - INFO - Camera stopped
2026-06-22 10:07:14,022 - INFO - 程序正常退出，资源全部释放
2026-06-22 10:07:20,858 - INFO - Initialization successful.
2026-06-22 10:07:20,859 - INFO - Camera now open.
2026-06-22 10:07:20,860 - INFO - Camera configuration has been adjusted!
2026-06-22 10:07:20,861 - INFO - Configuration successful!
2026-06-22 10:07:20,874 - INFO - Camera started
2026-06-22 10:07:20,907 - INFO - Initialization successful.
2026-06-22 10:07:20,907 - INFO - Camera now open.
2026-06-22 10:07:20,909 - INFO - Camera configuration has been adjusted!
2026-06-22 10:07:20,910 - INFO - Configuration successful!
2026-06-22 10:07:20,924 - INFO - Camera started
2026-06-22 10:07:20,924 - INFO - 双摄像头初始化成功
2026-06-22 10:07:20,929 - WARNING - 【存储切换】U盘不可用(未找到拥有写入权限的U盘)，切换本地存储：/home/kongbin/record_backup
2026-06-22 10:07:38,026 - INFO - 【录像创建成功】文件路径：/home/kongbin/record_backup/20260622_100737.mp4
2026-06-22 10:07:38,027 - INFO - 开始录像，文件:/home/kongbin/record_backup/20260622_100737.mp4
2026-06-22 10:07:50,610 - WARNING - 【存储切换】U盘不可用(未找到拥有写入权限的U盘)，切换本地存储：/home/kongbin/record_backup
2026-06-22 10:07:50,911 - INFO - 【容量校验】全部录像总大小:0.83GB，上限阈值:4GB
2026-06-22 10:08:20,561 - WARNING - 【存储切换】U盘不可用(未找到拥有写入权限的U盘)，切换本地存储：/home/kongbin/record_backup
2026-06-22 10:08:20,862 - INFO - 【容量校验】全部录像总大小:0.84GB，上限阈值:4GB
2026-06-22 10:08:36,470 - INFO - 停止录像
2026-06-22 10:08:50,584 - WARNING - 【存储切换】U盘不可用(未找到拥有写入权限的U盘)，切换本地存储：/home/kongbin/record_backup
2026-06-22 10:08:50,886 - INFO - 【容量校验】全部录像总大小:0.84GB，上限阈值:4GB
2026-06-22 10:09:20,585 - WARNING - 【存储切换】U盘不可用(未找到拥有写入权限的U盘)，切换本地存储：/home/kongbin/record_backup
2026-06-22 10:09:20,886 - INFO - 【容量校验】全部录像总大小:0.84GB，上限阈值:4GB
2026-06-22 10:09:50,580 - WARNING - 【存储切换】U盘不可用(未找到拥有写入权限的U盘)，切换本地存储：/home/kongbin/record_backup
2026-06-22 10:09:50,881 - INFO - 【容量校验】全部录像总大小:0.84GB，上限阈值:4GB
2026-06-22 10:10:08,170 - INFO - 【录像创建成功】文件路径：/home/kongbin/record_backup/20260622_101008.mp4
2026-06-22 10:10:08,170 - INFO - 开始录像，文件:/home/kongbin/record_backup/20260622_101008.mp4
2026-06-22 10:10:20,579 - WARNING - 【存储切换】U盘不可用(未找到拥有写入权限的U盘)，切换本地存储：/home/kongbin/record_backup
2026-06-22 10:10:20,880 - INFO - 【容量校验】全部录像总大小:0.84GB，上限阈值:4GB
2026-06-22 10:10:32,961 - INFO - 停止录像
2026-06-22 10:10:50,566 - WARNING - 【存储切换】U盘不可用(未找到拥有写入权限的U盘)，切换本地存储：/home/kongbin/record_backup
2026-06-22 10:10:50,867 - INFO - 【容量校验】全部录像总大小:0.84GB，上限阈值:4GB
2026-06-22 10:11:20,591 - WARNING - 【存储切换】U盘不可用(未找到拥有写入权限的U盘)，切换本地存储：/home/kongbin/record_backup
2026-06-22 10:11:20,893 - INFO - 【容量校验】全部录像总大小:0.84GB，上限阈值:4GB
2026-06-22 10:11:50,587 - WARNING - 【存储切换】U盘不可用(未找到拥有写入权限的U盘)，切换本地存储：/home/kongbin/record_backup
2026-06-22 10:11:50,888 - INFO - 【容量校验】全部录像总大小:0.84GB，上限阈值:4GB
2026-06-22 10:12:20,580 - WARNING - 【存储切换】U盘不可用(未找到拥有写入权限的U盘)，切换本地存储：/home/kongbin/record_backup
2026-06-22 10:12:20,881 - INFO - 【容量校验】全部录像总大小:0.84GB，上限阈值:4GB
2026-06-22 10:12:50,573 - WARNING - 【存储切换】U盘不可用(未找到拥有写入权限的U盘)，切换本地存储：/home/kongbin/record_backup
2026-06-22 10:12:50,875 - INFO - 【容量校验】全部录像总大小:0.84GB，上限阈值:4GB
2026-06-22 10:13:20,566 - WARNING - 【存储切换】U盘不可用(未找到拥有写入权限的U盘)，切换本地存储：/home/kongbin/record_backup
2026-06-22 10:13:20,868 - INFO - 【容量校验】全部录像总大小:0.84GB，上限阈值:4GB
2026-06-22 10:13:50,590 - WARNING - 【存储切换】U盘不可用(未找到拥有写入权限的U盘)，切换本地存储：/home/kongbin/record_backup
2026-06-22 10:13:50,891 - INFO - 【容量校验】全部录像总大小:0.84GB，上限阈值:4GB
2026-06-22 10:14:20,586 - WARNING - 【存储切换】U盘不可用(未找到拥有写入权限的U盘)，切换本地存储：/home/kongbin/record_backup
2026-06-22 10:14:20,887 - INFO - 【容量校验】全部录像总大小:0.84GB，上限阈值:4GB
2026-06-22 10:14:50,579 - WARNING - 【存储切换】U盘不可用(未找到拥有写入权限的U盘)，切换本地存储：/home/kongbin/record_backup
2026-06-22 10:14:50,881 - INFO - 【容量校验】全部录像总大小:0.84GB，上限阈值:4GB
2026-06-22 10:15:15,936 - INFO - Camera stopped
2026-06-22 10:15:15,940 - INFO - Camera stopped
2026-06-22 10:15:16,042 - INFO - 程序正常退出，资源全部释放
2026-06-22 10:19:54,354 - INFO - Initialization successful.
2026-06-22 10:19:54,355 - INFO - Camera now open.
2026-06-22 10:19:54,356 - INFO - Camera configuration has been adjusted!
2026-06-22 10:19:54,357 - INFO - Configuration successful!
2026-06-22 10:19:54,371 - INFO - Camera started
2026-06-22 10:19:54,405 - INFO - Initialization successful.
2026-06-22 10:19:54,406 - INFO - Camera now open.
2026-06-22 10:19:54,407 - INFO - Camera configuration has been adjusted!
2026-06-22 10:19:54,408 - INFO - Configuration successful!
2026-06-22 10:19:54,423 - INFO - Camera started
2026-06-22 10:19:54,423 - INFO - 双摄像头初始化成功
2026-06-22 10:19:54,427 - WARNING - 【存储切换】U盘不可用(未找到拥有写入权限的U盘)，切换本地存储：/home/kongbin/record_backup
2026-06-22 10:20:11,760 - INFO - Camera stopped
2026-06-22 10:20:11,763 - INFO - Camera stopped
2026-06-22 10:20:11,865 - INFO - 程序正常退出，资源全部释放
2026-06-22 10:20:33,677 - INFO - Initialization successful.
2026-06-22 10:20:33,678 - INFO - Camera now open.
2026-06-22 10:20:33,680 - INFO - Camera configuration has been adjusted!
2026-06-22 10:20:33,680 - INFO - Configuration successful!
2026-06-22 10:20:33,693 - INFO - Camera started
2026-06-22 10:20:33,727 - INFO - Initialization successful.
2026-06-22 10:20:33,727 - INFO - Camera now open.
2026-06-22 10:20:33,729 - INFO - Camera configuration has been adjusted!
2026-06-22 10:20:33,729 - INFO - Configuration successful!
2026-06-22 10:20:33,743 - INFO - Camera started
2026-06-22 10:20:33,744 - INFO - 双摄像头初始化成功
2026-06-22 10:20:33,749 - WARNING - 【存储切换】U盘不可用(未找到拥有写入权限的U盘)，切换本地存储：/home/kongbin/record_backup
2026-06-22 10:21:03,576 - WARNING - 【存储切换】U盘不可用(未找到拥有写入权限的U盘)，切换本地存储：/home/kongbin/record_backup
2026-06-22 10:21:03,877 - INFO - 【容量校验】全部录像总大小:0.84GB，上限阈值:4GB
2026-06-22 10:21:33,570 - WARNING - 【存储切换】U盘不可用(未找到拥有写入权限的U盘)，切换本地存储：/home/kongbin/record_backup
2026-06-22 10:21:33,871 - INFO - 【容量校验】全部录像总大小:0.84GB，上限阈值:4GB
2026-06-22 10:22:03,595 - WARNING - 【存储切换】U盘不可用(未找到拥有写入权限的U盘)，切换本地存储：/home/kongbin/record_backup
2026-06-22 10:22:03,896 - INFO - 【容量校验】全部录像总大小:0.84GB，上限阈值:4GB
2026-06-22 10:22:33,575 - WARNING - 【存储切换】U盘不可用(未找到拥有写入权限的U盘)，切换本地存储：/home/kongbin/record_backup
2026-06-22 10:22:33,877 - INFO - 【容量校验】全部录像总大小:0.84GB，上限阈值:4GB
2026-06-22 10:23:03,586 - WARNING - 【存储切换】U盘不可用(未找到拥有写入权限的U盘)，切换本地存储：/home/kongbin/record_backup
2026-06-22 10:23:03,887 - INFO - 【容量校验】全部录像总大小:0.84GB，上限阈值:4GB
2026-06-22 10:23:33,581 - WARNING - 【存储切换】U盘不可用(未找到拥有写入权限的U盘)，切换本地存储：/home/kongbin/record_backup
2026-06-22 10:23:33,882 - INFO - 【容量校验】全部录像总大小:0.84GB，上限阈值:4GB
2026-06-22 10:24:03,586 - WARNING - 【存储切换】U盘不可用(未找到拥有写入权限的U盘)，切换本地存储：/home/kongbin/record_backup
2026-06-22 10:24:03,887 - INFO - 【容量校验】全部录像总大小:0.84GB，上限阈值:4GB
2026-06-22 10:24:33,584 - WARNING - 【存储切换】U盘不可用(未找到拥有写入权限的U盘)，切换本地存储：/home/kongbin/record_backup
2026-06-22 10:24:33,886 - INFO - 【容量校验】全部录像总大小:0.84GB，上限阈值:4GB
2026-06-22 10:25:03,590 - WARNING - 【存储切换】U盘不可用(未找到拥有写入权限的U盘)，切换本地存储：/home/kongbin/record_backup
2026-06-22 10:25:03,891 - INFO - 【容量校验】全部录像总大小:0.84GB，上限阈值:4GB
2026-06-22 10:25:33,584 - WARNING - 【存储切换】U盘不可用(未找到拥有写入权限的U盘)，切换本地存储：/home/kongbin/record_backup
2026-06-22 10:25:33,885 - INFO - 【容量校验】全部录像总大小:0.84GB，上限阈值:4GB
2026-06-22 10:26:03,611 - WARNING - 【存储切换】U盘不可用(未找到拥有写入权限的U盘)，切换本地存储：/home/kongbin/record_backup
2026-06-22 10:26:03,912 - INFO - 【容量校验】全部录像总大小:0.84GB，上限阈值:4GB
2026-06-22 10:26:33,606 - WARNING - 【存储切换】U盘不可用(未找到拥有写入权限的U盘)，切换本地存储：/home/kongbin/record_backup
2026-06-22 10:26:33,907 - INFO - 【容量校验】全部录像总大小:0.84GB，上限阈值:4GB
2026-06-22 10:27:03,601 - WARNING - 【存储切换】U盘不可用(未找到拥有写入权限的U盘)，切换本地存储：/home/kongbin/record_backup
2026-06-22 10:27:03,902 - INFO - 【容量校验】全部录像总大小:0.84GB，上限阈值:4GB
2026-06-22 10:27:21,095 - INFO - Camera stopped
2026-06-22 10:27:21,099 - INFO - Camera stopped
2026-06-22 10:27:21,201 - INFO - 程序正常退出，资源全部释放
2026-06-22 10:27:28,818 - INFO - Initialization successful.
2026-06-22 10:27:28,818 - INFO - Camera now open.
2026-06-22 10:27:28,820 - INFO - Camera configuration has been adjusted!
2026-06-22 10:27:28,821 - INFO - Configuration successful!
2026-06-22 10:27:28,835 - INFO - Camera started
2026-06-22 10:27:28,869 - INFO - Initialization successful.
2026-06-22 10:27:28,869 - INFO - Camera now open.
2026-06-22 10:27:28,871 - INFO - Camera configuration has been adjusted!
2026-06-22 10:27:28,871 - INFO - Configuration successful!
2026-06-22 10:27:28,885 - INFO - Camera started
2026-06-22 10:27:28,885 - INFO - 双摄像头初始化成功
2026-06-22 10:27:28,890 - WARNING - 【存储切换】U盘不可用(未找到拥有写入权限的U盘)，切换本地存储：/home/kongbin/record_backup
2026-06-22 10:27:58,588 - WARNING - 【存储切换】U盘不可用(未找到拥有写入权限的U盘)，切换本地存储：/home/kongbin/record_backup
2026-06-22 10:27:58,890 - INFO - 【容量校验】全部录像总大小:0.84GB，上限阈值:4GB
2026-06-22 10:28:28,594 - WARNING - 【存储切换】U盘不可用(未找到拥有写入权限的U盘)，切换本地存储：/home/kongbin/record_backup
2026-06-22 10:28:28,895 - INFO - 【容量校验】全部录像总大小:0.84GB，上限阈值:4GB
2026-06-22 10:28:58,574 - WARNING - 【存储切换】U盘不可用(未找到拥有写入权限的U盘)，切换本地存储：/home/kongbin/record_backup
2026-06-22 10:28:58,876 - INFO - 【容量校验】全部录像总大小:0.84GB，上限阈值:4GB
2026-06-22 10:29:28,588 - WARNING - 【存储切换】U盘不可用(未找到拥有写入权限的U盘)，切换本地存储：/home/kongbin/record_backup
2026-06-22 10:29:28,889 - INFO - 【容量校验】全部录像总大小:0.84GB，上限阈值:4GB
2026-06-22 10:29:58,596 - WARNING - 【存储切换】U盘不可用(未找到拥有写入权限的U盘)，切换本地存储：/home/kongbin/record_backup
2026-06-22 10:29:58,897 - INFO - 【容量校验】全部录像总大小:0.84GB，上限阈值:4GB
2026-06-22 10:30:28,574 - WARNING - 【存储切换】U盘不可用(未找到拥有写入权限的U盘)，切换本地存储：/home/kongbin/record_backup
2026-06-22 10:30:28,875 - INFO - 【容量校验】全部录像总大小:0.84GB，上限阈值:4GB
2026-06-22 10:30:58,585 - WARNING - 【存储切换】U盘不可用(未找到拥有写入权限的U盘)，切换本地存储：/home/kongbin/record_backup
2026-06-22 10:30:58,886 - INFO - 【容量校验】全部录像总大小:0.84GB，上限阈值:4GB
2026-06-22 10:31:28,593 - WARNING - 【存储切换】U盘不可用(未找到拥有写入权限的U盘)，切换本地存储：/home/kongbin/record_backup
2026-06-22 10:31:28,895 - INFO - 【容量校验】全部录像总大小:0.84GB，上限阈值:4GB
2026-06-22 10:31:58,573 - WARNING - 【存储切换】U盘不可用(未找到拥有写入权限的U盘)，切换本地存储：/home/kongbin/record_backup
2026-06-22 10:31:58,875 - INFO - 【容量校验】全部录像总大小:0.84GB，上限阈值:4GB
2026-06-22 10:32:28,584 - WARNING - 【存储切换】U盘不可用(未找到拥有写入权限的U盘)，切换本地存储：/home/kongbin/record_backup
2026-06-22 10:32:28,885 - INFO - 【容量校验】全部录像总大小:0.84GB，上限阈值:4GB
2026-06-22 10:32:58,591 - WARNING - 【存储切换】U盘不可用(未找到拥有写入权限的U盘)，切换本地存储：/home/kongbin/record_backup
2026-06-22 10:32:58,892 - INFO - 【容量校验】全部录像总大小:0.84GB，上限阈值:4GB
2026-06-22 10:33:28,588 - WARNING - 【存储切换】U盘不可用(未找到拥有写入权限的U盘)，切换本地存储：/home/kongbin/record_backup
2026-06-22 10:33:28,889 - INFO - 【容量校验】全部录像总大小:0.84GB，上限阈值:4GB
2026-06-22 10:33:58,595 - WARNING - 【存储切换】U盘不可用(未找到拥有写入权限的U盘)，切换本地存储：/home/kongbin/record_backup
2026-06-22 10:33:58,896 - INFO - 【容量校验】全部录像总大小:0.84GB，上限阈值:4GB
2026-06-22 10:34:28,589 - WARNING - 【存储切换】U盘不可用(未找到拥有写入权限的U盘)，切换本地存储：/home/kongbin/record_backup
2026-06-22 10:34:28,890 - INFO - 【容量校验】全部录像总大小:0.84GB，上限阈值:4GB
2026-06-22 10:34:58,587 - WARNING - 【存储切换】U盘不可用(未找到拥有写入权限的U盘)，切换本地存储：/home/kongbin/record_backup
2026-06-22 10:34:58,889 - INFO - 【容量校验】全部录像总大小:0.84GB，上限阈值:4GB
2026-06-22 10:35:28,594 - WARNING - 【存储切换】U盘不可用(未找到拥有写入权限的U盘)，切换本地存储：/home/kongbin/record_backup
2026-06-22 10:35:28,895 - INFO - 【容量校验】全部录像总大小:0.84GB，上限阈值:4GB
2026-06-22 10:35:58,588 - WARNING - 【存储切换】U盘不可用(未找到拥有写入权限的U盘)，切换本地存储：/home/kongbin/record_backup
2026-06-22 10:35:58,889 - INFO - 【容量校验】全部录像总大小:0.84GB，上限阈值:4GB
2026-06-22 10:36:28,586 - WARNING - 【存储切换】U盘不可用(未找到拥有写入权限的U盘)，切换本地存储：/home/kongbin/record_backup
2026-06-22 10:36:28,888 - INFO - 【容量校验】全部录像总大小:0.84GB，上限阈值:4GB
2026-06-22 10:36:58,593 - WARNING - 【存储切换】U盘不可用(未找到拥有写入权限的U盘)，切换本地存储：/home/kongbin/record_backup
2026-06-22 10:36:58,894 - INFO - 【容量校验】全部录像总大小:0.84GB，上限阈值:4GB
2026-06-22 10:37:28,589 - WARNING - 【存储切换】U盘不可用(未找到拥有写入权限的U盘)，切换本地存储：/home/kongbin/record_backup
2026-06-22 10:37:28,890 - INFO - 【容量校验】全部录像总大小:0.84GB，上限阈值:4GB
2026-06-22 10:37:58,568 - WARNING - 【存储切换】U盘不可用(未找到拥有写入权限的U盘)，切换本地存储：/home/kongbin/record_backup
2026-06-22 10:37:58,869 - INFO - 【容量校验】全部录像总大小:0.84GB，上限阈值:4GB
2026-06-22 10:38:28,608 - WARNING - 【存储切换】U盘不可用(未找到拥有写入权限的U盘)，切换本地存储：/home/kongbin/record_backup
2026-06-22 10:38:28,909 - INFO - 【容量校验】全部录像总大小:0.84GB，上限阈值:4GB
2026-06-22 10:38:58,602 - WARNING - 【存储切换】U盘不可用(未找到拥有写入权限的U盘)，切换本地存储：/home/kongbin/record_backup
2026-06-22 10:38:58,903 - INFO - 【容量校验】全部录像总大小:0.84GB，上限阈值:4GB
2026-06-22 10:39:28,596 - WARNING - 【存储切换】U盘不可用(未找到拥有写入权限的U盘)，切换本地存储：/home/kongbin/record_backup
2026-06-22 10:39:28,897 - INFO - 【容量校验】全部录像总大小:0.84GB，上限阈值:4GB
2026-06-22 10:39:58,591 - WARNING - 【存储切换】U盘不可用(未找到拥有写入权限的U盘)，切换本地存储：/home/kongbin/record_backup
2026-06-22 10:39:58,892 - INFO - 【容量校验】全部录像总大小:0.84GB，上限阈值:4GB
2026-06-22 10:40:28,585 - WARNING - 【存储切换】U盘不可用(未找到拥有写入权限的U盘)，切换本地存储：/home/kongbin/record_backup
2026-06-22 10:40:28,886 - INFO - 【容量校验】全部录像总大小:0.84GB，上限阈值:4GB
2026-06-22 10:40:58,584 - WARNING - 【存储切换】U盘不可用(未找到拥有写入权限的U盘)，切换本地存储：/home/kongbin/record_backup
2026-06-22 10:40:58,886 - INFO - 【容量校验】全部录像总大小:0.84GB，上限阈值:4GB
2026-06-22 10:41:28,591 - WARNING - 【存储切换】U盘不可用(未找到拥有写入权限的U盘)，切换本地存储：/home/kongbin/record_backup
2026-06-22 10:41:28,892 - INFO - 【容量校验】全部录像总大小:0.84GB，上限阈值:4GB
2026-06-22 10:41:58,587 - WARNING - 【存储切换】U盘不可用(未找到拥有写入权限的U盘)，切换本地存储：/home/kongbin/record_backup
2026-06-22 10:41:58,889 - INFO - 【容量校验】全部录像总大小:0.84GB，上限阈值:4GB
2026-06-22 10:42:28,567 - WARNING - 【存储切换】U盘不可用(未找到拥有写入权限的U盘)，切换本地存储：/home/kongbin/record_backup
2026-06-22 10:42:28,871 - INFO - 【容量校验】全部录像总大小:0.84GB，上限阈值:4GB
2026-06-22 10:42:48,742 - INFO - Camera stopped
2026-06-22 10:42:48,746 - INFO - Camera stopped
2026-06-22 10:42:48,848 - INFO - 程序正常退出，资源全部释放
2026-06-22 10:42:56,331 - INFO - Initialization successful.
2026-06-22 10:42:56,331 - INFO - Camera now open.
2026-06-22 10:42:56,333 - INFO - Camera configuration has been adjusted!
2026-06-22 10:42:56,333 - INFO - Configuration successful!
2026-06-22 10:42:56,351 - INFO - Camera started
2026-06-22 10:42:56,385 - INFO - Initialization successful.
2026-06-22 10:42:56,385 - INFO - Camera now open.
2026-06-22 10:42:56,387 - INFO - Camera configuration has been adjusted!
2026-06-22 10:42:56,388 - INFO - Configuration successful!
2026-06-22 10:42:56,403 - INFO - Camera started
2026-06-22 10:42:56,403 - INFO - 双摄像头初始化成功
2026-06-22 10:42:56,408 - WARNING - 【存储切换】U盘不可用(未找到拥有写入权限的U盘)，切换本地存储：/home/kongbin/record_backup
2026-06-22 10:43:24,385 - INFO - 模式切换按键触发
2026-06-22 10:43:24,681 - INFO - 模式切换按键触发
2026-06-22 10:43:26,598 - WARNING - 【存储切换】U盘不可用(未找到拥有写入权限的U盘)，切换本地存储：/home/kongbin/record_backup
2026-06-22 10:43:26,615 - INFO - 模式切换按键触发
2026-06-22 10:43:26,900 - INFO - 【容量校验】全部录像总大小:0.84GB，上限阈值:4GB
2026-06-22 10:43:27,661 - INFO - 模式切换按键触发
2026-06-22 10:43:29,654 - INFO - 模式切换按键触发
2026-06-22 10:43:56,585 - WARNING - 【存储切换】U盘不可用(未找到拥有写入权限的U盘)，切换本地存储：/home/kongbin/record_backup
2026-06-22 10:43:56,886 - INFO - 【容量校验】全部录像总大小:0.84GB，上限阈值:4GB
2026-06-22 10:44:26,585 - WARNING - 【存储切换】U盘不可用(未找到拥有写入权限的U盘)，切换本地存储：/home/kongbin/record_backup
2026-06-22 10:44:26,886 - INFO - 【容量校验】全部录像总大小:0.84GB，上限阈值:4GB
2026-06-22 10:44:52,046 - INFO - Camera stopped
2026-06-22 10:44:52,050 - INFO - Camera stopped
2026-06-22 10:44:52,152 - INFO - 程序正常退出，资源全部释放
2026-06-22 10:44:57,997 - INFO - Initialization successful.
2026-06-22 10:44:57,997 - INFO - Camera now open.
2026-06-22 10:44:57,999 - INFO - Camera configuration has been adjusted!
2026-06-22 10:44:58,000 - INFO - Configuration successful!
2026-06-22 10:44:58,014 - INFO - Camera started
2026-06-22 10:44:58,048 - INFO - Initialization successful.
2026-06-22 10:44:58,048 - INFO - Camera now open.
2026-06-22 10:44:58,050 - INFO - Camera configuration has been adjusted!
2026-06-22 10:44:58,051 - INFO - Configuration successful!
2026-06-22 10:44:58,064 - INFO - Camera started
2026-06-22 10:44:58,064 - INFO - 双摄像头初始化成功
2026-06-22 10:44:58,069 - WARNING - 【存储切换】U盘不可用(未找到拥有写入权限的U盘)，切换本地存储：/home/kongbin/record_backup
2026-06-22 10:45:09,191 - INFO - 模式切换按键触发
2026-06-22 10:45:28,572 - WARNING - 【存储切换】U盘不可用(未找到拥有写入权限的U盘)，切换本地存储：/home/kongbin/record_backup
2026-06-22 10:45:28,873 - INFO - 【容量校验】全部录像总大小:0.84GB，上限阈值:4GB
2026-06-22 10:45:58,584 - WARNING - 【存储切换】U盘不可用(未找到拥有写入权限的U盘)，切换本地存储：/home/kongbin/record_backup
2026-06-22 10:45:58,885 - INFO - 【容量校验】全部录像总大小:0.84GB，上限阈值:4GB
2026-06-22 10:46:28,580 - WARNING - 【存储切换】U盘不可用(未找到拥有写入权限的U盘)，切换本地存储：/home/kongbin/record_backup
2026-06-22 10:46:28,881 - INFO - 【容量校验】全部录像总大小:0.84GB，上限阈值:4GB
2026-06-22 10:46:58,579 - WARNING - 【存储切换】U盘不可用(未找到拥有写入权限的U盘)，切换本地存储：/home/kongbin/record_backup
2026-06-22 10:46:58,881 - INFO - 【容量校验】全部录像总大小:0.84GB，上限阈值:4GB
2026-06-22 10:47:28,604 - WARNING - 【存储切换】U盘不可用(未找到拥有写入权限的U盘)，切换本地存储：/home/kongbin/record_backup
2026-06-22 10:47:28,905 - INFO - 【容量校验】全部录像总大小:0.84GB，上限阈值:4GB
2026-06-22 10:47:58,588 - WARNING - 【存储切换】U盘不可用(未找到拥有写入权限的U盘)，切换本地存储：/home/kongbin/record_backup
2026-06-22 10:47:58,889 - INFO - 【容量校验】全部录像总大小:0.84GB，上限阈值:4GB
2026-06-22 10:48:28,597 - WARNING - 【存储切换】U盘不可用(未找到拥有写入权限的U盘)，切换本地存储：/home/kongbin/record_backup
2026-06-22 10:48:28,898 - INFO - 【容量校验】全部录像总大小:0.84GB，上限阈值:4GB
2026-06-22 10:48:58,581 - WARNING - 【存储切换】U盘不可用(未找到拥有写入权限的U盘)，切换本地存储：/home/kongbin/record_backup
2026-06-22 10:48:58,882 - INFO - 【容量校验】全部录像总大小:0.84GB，上限阈值:4GB
2026-06-22 10:49:28,593 - WARNING - 【存储切换】U盘不可用(未找到拥有写入权限的U盘)，切换本地存储：/home/kongbin/record_backup
2026-06-22 10:49:28,894 - INFO - 【容量校验】全部录像总大小:0.84GB，上限阈值:4GB
2026-06-22 10:49:41,272 - INFO - Camera stopped
2026-06-22 10:49:41,276 - INFO - Camera stopped
2026-06-22 10:49:41,378 - INFO - 程序正常退出，资源全部释放
2026-06-22 10:49:46,704 - INFO - Initialization successful.
2026-06-22 10:49:46,704 - INFO - Camera now open.
2026-06-22 10:49:46,706 - INFO - Camera configuration has been adjusted!
2026-06-22 10:49:46,706 - INFO - Configuration successful!
2026-06-22 10:49:46,718 - INFO - Camera started
2026-06-22 10:49:46,752 - INFO - Initialization successful.
2026-06-22 10:49:46,752 - INFO - Camera now open.
2026-06-22 10:49:46,754 - INFO - Camera configuration has been adjusted!
2026-06-22 10:49:46,755 - INFO - Configuration successful!
2026-06-22 10:49:46,769 - INFO - Camera started
2026-06-22 10:49:46,769 - INFO - 双摄像头初始化成功
2026-06-22 10:49:46,774 - WARNING - 【存储切换】U盘不可用(未找到拥有写入权限的U盘)，切换本地存储：/home/kongbin/record_backup
2026-06-22 10:50:16,575 - WARNING - 【存储切换】U盘不可用(未找到拥有写入权限的U盘)，切换本地存储：/home/kongbin/record_backup
2026-06-22 10:50:16,876 - INFO - 【容量校验】全部录像总大小:0.84GB，上限阈值:4GB
2026-06-22 10:50:46,571 - WARNING - 【存储切换】U盘不可用(未找到拥有写入权限的U盘)，切换本地存储：/home/kongbin/record_backup
2026-06-22 10:50:46,872 - INFO - 【容量校验】全部录像总大小:0.84GB，上限阈值:4GB
2026-06-22 10:51:16,612 - WARNING - 【存储切换】U盘不可用(未找到拥有写入权限的U盘)，切换本地存储：/home/kongbin/record_backup
2026-06-22 10:51:16,913 - INFO - 【容量校验】全部录像总大小:0.84GB，上限阈值:4GB
2026-06-22 10:51:46,564 - WARNING - 【存储切换】U盘不可用(未找到拥有写入权限的U盘)，切换本地存储：/home/kongbin/record_backup
2026-06-22 10:51:46,865 - INFO - 【容量校验】全部录像总大小:0.84GB，上限阈值:4GB
2026-06-22 10:52:16,602 - WARNING - 【存储切换】U盘不可用(未找到拥有写入权限的U盘)，切换本地存储：/home/kongbin/record_backup
2026-06-22 10:52:16,903 - INFO - 【容量校验】全部录像总大小:0.84GB，上限阈值:4GB
2026-06-22 10:52:46,599 - WARNING - 【存储切换】U盘不可用(未找到拥有写入权限的U盘)，切换本地存储：/home/kongbin/record_backup
2026-06-22 10:52:46,900 - INFO - 【容量校验】全部录像总大小:0.84GB，上限阈值:4GB
2026-06-22 10:53:16,595 - WARNING - 【存储切换】U盘不可用(未找到拥有写入权限的U盘)，切换本地存储：/home/kongbin/record_backup
2026-06-22 10:53:16,896 - INFO - 【容量校验】全部录像总大小:0.84GB，上限阈值:4GB
2026-06-22 10:53:46,591 - WARNING - 【存储切换】U盘不可用(未找到拥有写入权限的U盘)，切换本地存储：/home/kongbin/record_backup
2026-06-22 10:53:46,892 - INFO - 【容量校验】全部录像总大小:0.84GB，上限阈值:4GB
2026-06-22 10:54:06,283 - INFO - 【录像创建成功】文件路径：/home/kongbin/record_backup/20260622_105406.mp4
2026-06-22 10:54:06,284 - INFO - 开始录像，文件:/home/kongbin/record_backup/20260622_105406.mp4
2026-06-22 10:54:16,612 - WARNING - 【存储切换】U盘不可用(未找到拥有写入权限的U盘)，切换本地存储：/home/kongbin/record_backup
2026-06-22 10:54:16,913 - INFO - 【容量校验】全部录像总大小:0.85GB，上限阈值:4GB
2026-06-22 10:54:46,587 - WARNING - 【存储切换】U盘不可用(未找到拥有写入权限的U盘)，切换本地存储：/home/kongbin/record_backup
2026-06-22 10:54:46,888 - INFO - 【容量校验】全部录像总大小:0.86GB，上限阈值:4GB
2026-06-22 10:54:51,503 - INFO - 停止录像
2026-06-22 10:54:55,674 - INFO - 【录像创建成功】文件路径：/home/kongbin/record_backup/20260622_105455.mp4
2026-06-22 10:54:55,675 - INFO - 开始录像，文件:/home/kongbin/record_backup/20260622_105455.mp4
2026-06-22 10:55:16,593 - WARNING - 【存储切换】U盘不可用(未找到拥有写入权限的U盘)，切换本地存储：/home/kongbin/record_backup
2026-06-22 10:55:16,894 - INFO - 【容量校验】全部录像总大小:0.87GB，上限阈值:4GB
2026-06-22 10:55:46,581 - WARNING - 【存储切换】U盘不可用(未找到拥有写入权限的U盘)，切换本地存储：/home/kongbin/record_backup
2026-06-22 10:55:46,882 - INFO - 【容量校验】全部录像总大小:0.88GB，上限阈值:4GB
2026-06-22 10:55:55,690 - INFO - 达到分段时长，新建录像文件
2026-06-22 10:55:55,691 - INFO - 【录像创建成功】文件路径：/home/kongbin/record_backup/20260622_105555.mp4
2026-06-22 10:56:16,563 - WARNING - 【存储切换】U盘不可用(未找到拥有写入权限的U盘)，切换本地存储：/home/kongbin/record_backup
2026-06-22 10:56:16,864 - INFO - 【容量校验】全部录像总大小:0.89GB，上限阈值:4GB
2026-06-22 10:56:46,571 - WARNING - 【存储切换】U盘不可用(未找到拥有写入权限的U盘)，切换本地存储：/home/kongbin/record_backup
2026-06-22 10:56:46,872 - INFO - 【容量校验】全部录像总大小:0.90GB，上限阈值:4GB
2026-06-22 10:56:55,711 - INFO - 达到分段时长，新建录像文件
2026-06-22 10:56:55,712 - INFO - 【录像创建成功】文件路径：/home/kongbin/record_backup/20260622_105655.mp4
2026-06-22 10:57:16,585 - WARNING - 【存储切换】U盘不可用(未找到拥有写入权限的U盘)，切换本地存储：/home/kongbin/record_backup
2026-06-22 10:57:16,886 - INFO - 【容量校验】全部录像总大小:0.91GB，上限阈值:4GB
2026-06-22 10:57:46,561 - WARNING - 【存储切换】U盘不可用(未找到拥有写入权限的U盘)，切换本地存储：/home/kongbin/record_backup
2026-06-22 10:57:46,862 - INFO - 【容量校验】全部录像总大小:0.91GB，上限阈值:4GB
2026-06-22 10:57:55,734 - INFO - 达到分段时长，新建录像文件
2026-06-22 10:57:55,740 - INFO - 【录像创建成功】文件路径：/home/kongbin/record_backup/20260622_105755.mp4
2026-06-22 10:58:16,610 - WARNING - 【存储切换】U盘不可用(未找到拥有写入权限的U盘)，切换本地存储：/home/kongbin/record_backup
2026-06-22 10:58:16,911 - INFO - 【容量校验】全部录像总大小:0.92GB，上限阈值:4GB
2026-06-22 10:58:46,586 - WARNING - 【存储切换】U盘不可用(未找到拥有写入权限的U盘)，切换本地存储：/home/kongbin/record_backup
2026-06-22 10:58:46,887 - INFO - 【容量校验】全部录像总大小:0.93GB，上限阈值:4GB
2026-06-22 10:58:55,757 - INFO - 达到分段时长，新建录像文件
2026-06-22 10:58:55,758 - INFO - 【录像创建成功】文件路径：/home/kongbin/record_backup/20260622_105855.mp4
2026-06-22 10:59:16,599 - WARNING - 【存储切换】U盘不可用(未找到拥有写入权限的U盘)，切换本地存储：/home/kongbin/record_backup
2026-06-22 10:59:16,900 - INFO - 【容量校验】全部录像总大小:0.94GB，上限阈值:4GB
2026-06-22 10:59:46,576 - WARNING - 【存储切换】U盘不可用(未找到拥有写入权限的U盘)，切换本地存储：/home/kongbin/record_backup
2026-06-22 10:59:46,877 - INFO - 【容量校验】全部录像总大小:0.95GB，上限阈值:4GB
2026-06-22 10:59:55,783 - INFO - 达到分段时长，新建录像文件
2026-06-22 10:59:55,784 - INFO - 【录像创建成功】文件路径：/home/kongbin/record_backup/20260622_105955.mp4
2026-06-22 11:00:10,792 - INFO - 参数配置已更新
2026-06-22 11:00:16,588 - WARNING - 【存储切换】U盘不可用(未找到拥有写入权限的U盘)，切换本地存储：/home/kongbin/record_backup
2026-06-22 11:00:16,889 - INFO - 【容量校验】全部录像总大小:0.96GB，上限阈值:4GB
2026-06-22 11:00:46,601 - WARNING - 【存储切换】U盘不可用(未找到拥有写入权限的U盘)，切换本地存储：/home/kongbin/record_backup
2026-06-22 11:00:46,902 - INFO - 【容量校验】全部录像总大小:0.98GB，上限阈值:4GB
2026-06-22 11:01:16,578 - WARNING - 【存储切换】U盘不可用(未找到拥有写入权限的U盘)，切换本地存储：/home/kongbin/record_backup
2026-06-22 11:01:16,879 - INFO - 【容量校验】全部录像总大小:0.99GB，上限阈值:4GB
2026-06-22 11:01:46,587 - WARNING - 【存储切换】U盘不可用(未找到拥有写入权限的U盘)，切换本地存储：/home/kongbin/record_backup
2026-06-22 11:01:46,888 - INFO - 【容量校验】全部录像总大小:0.99GB，上限阈值:4GB
2026-06-22 11:01:55,795 - INFO - 达到分段时长，新建录像文件
2026-06-22 11:01:55,796 - INFO - 【录像创建成功】文件路径：/home/kongbin/record_backup/20260622_110155.mp4
2026-06-22 11:02:16,567 - WARNING - 【存储切换】U盘不可用(未找到拥有写入权限的U盘)，切换本地存储：/home/kongbin/record_backup
2026-06-22 11:02:16,868 - INFO - 【容量校验】全部录像总大小:1.00GB，上限阈值:4GB
2026-06-22 11:02:46,580 - WARNING - 【存储切换】U盘不可用(未找到拥有写入权限的U盘)，切换本地存储：/home/kongbin/record_backup
2026-06-22 11:02:46,881 - INFO - 【容量校验】全部录像总大小:1.01GB，上限阈值:4GB
2026-06-22 11:03:16,558 - WARNING - 【存储切换】U盘不可用(未找到拥有写入权限的U盘)，切换本地存储：/home/kongbin/record_backup
2026-06-22 11:03:16,859 - INFO - 【容量校验】全部录像总大小:1.01GB，上限阈值:4GB
2026-06-22 11:03:46,570 - WARNING - 【存储切换】U盘不可用(未找到拥有写入权限的U盘)，切换本地存储：/home/kongbin/record_backup
2026-06-22 11:03:46,871 - INFO - 【容量校验】全部录像总大小:1.02GB，上限阈值:4GB
2026-06-22 11:03:55,810 - INFO - 达到分段时长，新建录像文件
2026-06-22 11:03:55,811 - INFO - 【录像创建成功】文件路径：/home/kongbin/record_backup/20260622_110355.mp4
2026-06-22 11:04:16,583 - WARNING - 【存储切换】U盘不可用(未找到拥有写入权限的U盘)，切换本地存储：/home/kongbin/record_backup
2026-06-22 11:04:16,884 - INFO - 【容量校验】全部录像总大小:1.02GB，上限阈值:4GB
2026-06-22 11:04:46,560 - WARNING - 【存储切换】U盘不可用(未找到拥有写入权限的U盘)，切换本地存储：/home/kongbin/record_backup
2026-06-22 11:04:46,861 - INFO - 【容量校验】全部录像总大小:1.03GB，上限阈值:4GB
2026-06-22 11:05:16,602 - WARNING - 【存储切换】U盘不可用(未找到拥有写入权限的U盘)，切换本地存储：/home/kongbin/record_backup
2026-06-22 11:05:16,903 - INFO - 【容量校验】全部录像总大小:1.04GB，上限阈值:4GB
2026-06-22 11:05:46,611 - WARNING - 【存储切换】U盘不可用(未找到拥有写入权限的U盘)，切换本地存储：/home/kongbin/record_backup
2026-06-22 11:05:46,912 - INFO - 【容量校验】全部录像总大小:1.04GB，上限阈值:4GB
2026-06-22 11:05:55,820 - INFO - 达到分段时长，新建录像文件
2026-06-22 11:05:55,820 - INFO - 【录像创建成功】文件路径：/home/kongbin/record_backup/20260622_110555.mp4
2026-06-22 11:06:16,560 - WARNING - 【存储切换】U盘不可用(未找到拥有写入权限的U盘)，切换本地存储：/home/kongbin/record_backup
2026-06-22 11:06:16,861 - INFO - 【容量校验】全部录像总大小:1.05GB，上限阈值:4GB
2026-06-22 11:06:46,572 - WARNING - 【存储切换】U盘不可用(未找到拥有写入权限的U盘)，切换本地存储：/home/kongbin/record_backup
2026-06-22 11:06:46,873 - INFO - 【容量校验】全部录像总大小:1.06GB，上限阈值:4GB
2026-06-22 11:07:16,587 - WARNING - 【存储切换】U盘不可用(未找到拥有写入权限的U盘)，切换本地存储：/home/kongbin/record_backup
2026-06-22 11:07:16,889 - INFO - 【容量校验】全部录像总大小:1.06GB，上限阈值:4GB
2026-06-22 11:07:46,591 - WARNING - 【存储切换】U盘不可用(未找到拥有写入权限的U盘)，切换本地存储：/home/kongbin/record_backup
2026-06-22 11:07:46,892 - INFO - 【容量校验】全部录像总大小:1.07GB，上限阈值:4GB
2026-06-22 11:07:55,234 - INFO - 停止录像
2026-06-22 11:07:59,814 - INFO - Camera stopped
2026-06-22 11:07:59,818 - INFO - Camera stopped
2026-06-22 11:07:59,920 - INFO - 程序正常退出，资源全部释放
2026-06-22 11:08:13,535 - INFO - Initialization successful.
2026-06-22 11:08:13,535 - INFO - Camera now open.
2026-06-22 11:08:13,537 - INFO - Camera configuration has been adjusted!
2026-06-22 11:08:13,538 - INFO - Configuration successful!
2026-06-22 11:08:13,552 - INFO - Camera started
2026-06-22 11:08:13,586 - INFO - Initialization successful.
2026-06-22 11:08:13,586 - INFO - Camera now open.
2026-06-22 11:08:13,588 - INFO - Camera configuration has been adjusted!
2026-06-22 11:08:13,588 - INFO - Configuration successful!
2026-06-22 11:08:13,601 - INFO - Camera started
2026-06-22 11:08:13,601 - INFO - 双摄像头初始化成功
2026-06-22 11:08:13,606 - WARNING - 【存储切换】U盘不可用(未找到拥有写入权限的U盘)，切换本地存储：/home/kongbin/record_backup
2026-06-22 11:08:13,606 - CRITICAL - 程序全局崩溃:'GpioHandler' object has no attribute 'menuBar'
2026-06-22 11:08:13,663 - INFO - Camera stopped
2026-06-22 11:08:13,665 - INFO - Camera closed successfully.
2026-06-22 11:08:13,681 - INFO - Camera stopped
2026-06-22 11:08:13,883 - INFO - Camera closed successfully.
2026-06-22 11:08:17,954 - INFO - Initialization successful.
2026-06-22 11:08:17,955 - INFO - Camera now open.
2026-06-22 11:08:17,957 - INFO - Camera configuration has been adjusted!
2026-06-22 11:08:17,957 - INFO - Configuration successful!
2026-06-22 11:08:17,969 - INFO - Camera started
2026-06-22 11:08:18,003 - INFO - Initialization successful.
2026-06-22 11:08:18,003 - INFO - Camera now open.
2026-06-22 11:08:18,005 - INFO - Camera configuration has been adjusted!
2026-06-22 11:08:18,006 - INFO - Configuration successful!
2026-06-22 11:08:18,018 - INFO - Camera started
2026-06-22 11:08:18,018 - INFO - 双摄像头初始化成功
2026-06-22 11:08:18,024 - WARNING - 【存储切换】U盘不可用(未找到拥有写入权限的U盘)，切换本地存储：/home/kongbin/record_backup
2026-06-22 11:08:18,024 - CRITICAL - 程序全局崩溃:'GpioHandler' object has no attribute 'menuBar'
2026-06-22 11:08:18,080 - INFO - Camera stopped
2026-06-22 11:08:18,082 - INFO - Camera closed successfully.
2026-06-22 11:08:18,098 - INFO - Camera stopped
2026-06-22 11:08:18,300 - INFO - Camera closed successfully.
2026-06-22 11:09:38,476 - INFO - Initialization successful.
2026-06-22 11:09:38,479 - INFO - Camera now open.
2026-06-22 11:09:38,481 - INFO - Camera configuration has been adjusted!
2026-06-22 11:09:38,482 - INFO - Configuration successful!
2026-06-22 11:09:38,498 - INFO - Camera started
2026-06-22 11:09:38,532 - INFO - Initialization successful.
2026-06-22 11:09:38,532 - INFO - Camera now open.
2026-06-22 11:09:38,534 - INFO - Camera configuration has been adjusted!
2026-06-22 11:09:38,534 - INFO - Configuration successful!
2026-06-22 11:09:38,550 - INFO - Camera started
2026-06-22 11:09:38,550 - INFO - 双摄像头初始化成功
2026-06-22 11:11:02,563 - WARNING - U盘挂载点 /media/kongbin/123 无写入权限，跳过：[Errno 2] 没有那个文件或目录: '/media/kongbin/123/.write_test.tmp'
2026-06-22 11:11:02,563 - WARNING - 【存储切换】U盘不可用(未找到拥有写入权限的U盘)，切换本地存储：/home/kongbin/record_backup
2026-06-22 11:11:02,566 - CRITICAL - 程序全局崩溃:'GpioHandler' object has no attribute 'menuBar'
2026-06-22 11:11:02,574 - INFO - Camera stopped
2026-06-22 11:11:02,576 - INFO - Camera closed successfully.
2026-06-22 11:11:02,590 - INFO - Camera stopped
2026-06-22 11:11:02,793 - INFO - Camera closed successfully.
2026-06-22 11:16:45,666 - INFO - Initialization successful.
2026-06-22 11:16:45,666 - INFO - Camera now open.
2026-06-22 11:16:45,668 - INFO - Camera configuration has been adjusted!
2026-06-22 11:16:45,668 - INFO - Configuration successful!
2026-06-22 11:16:45,681 - INFO - Camera started
2026-06-22 11:16:45,715 - INFO - Initialization successful.
2026-06-22 11:16:45,715 - INFO - Camera now open.
2026-06-22 11:16:45,717 - INFO - Camera configuration has been adjusted!
2026-06-22 11:16:45,717 - INFO - Configuration successful!
2026-06-22 11:16:45,732 - INFO - Camera started
2026-06-22 11:16:45,732 - INFO - 双摄像头初始化成功
2026-06-22 11:16:45,737 - WARNING - 【存储切换】U盘不可用(未找到拥有写入权限的U盘)，切换本地存储：/home/kongbin/record_backup
2026-06-22 11:17:15,827 - WARNING - 【存储切换】U盘不可用(未找到拥有写入权限的U盘)，切换本地存储：/home/kongbin/record_backup
2026-06-22 11:17:16,128 - INFO - 【容量校验】全部录像总大小:1.07GB，上限阈值:4GB
2026-06-22 11:17:25,336 - INFO - Camera stopped
2026-06-22 11:17:25,340 - INFO - Camera stopped
2026-06-22 11:17:25,441 - INFO - 程序正常退出，资源全部释放
2026-06-22 11:28:54,074 - INFO - Initialization successful.
2026-06-22 11:28:54,074 - INFO - Camera now open.
2026-06-22 11:28:54,076 - INFO - Camera configuration has been adjusted!
2026-06-22 11:28:54,077 - INFO - Configuration successful!
2026-06-22 11:28:54,091 - INFO - Camera started
2026-06-22 11:28:54,125 - INFO - Initialization successful.
2026-06-22 11:28:54,125 - INFO - Camera now open.
2026-06-22 11:28:54,127 - INFO - Camera configuration has been adjusted!
2026-06-22 11:28:54,127 - INFO - Configuration successful!
2026-06-22 11:28:54,143 - INFO - Camera started
2026-06-22 11:28:54,143 - INFO - 双摄像头初始化成功
2026-06-22 11:28:54,148 - WARNING - 【存储切换】U盘不可用(未找到拥有写入权限的U盘)，切换本地存储：/home/kongbin/record_backup
2026-06-22 11:29:23,848 - WARNING - 【存储切换】U盘不可用(未找到拥有写入权限的U盘)，切换本地存储：/home/kongbin/record_backup
2026-06-22 11:29:24,149 - INFO - 【容量校验】全部录像总大小:1.07GB，上限阈值:4GB
2026-06-22 11:29:53,847 - WARNING - 【存储切换】U盘不可用(未找到拥有写入权限的U盘)，切换本地存储：/home/kongbin/record_backup
2026-06-22 11:29:54,148 - INFO - 【容量校验】全部录像总大小:1.07GB，上限阈值:4GB
2026-06-22 11:30:23,841 - WARNING - 【存储切换】U盘不可用(未找到拥有写入权限的U盘)，切换本地存储：/home/kongbin/record_backup
2026-06-22 11:30:24,142 - INFO - 【容量校验】全部录像总大小:1.07GB，上限阈值:4GB
2026-06-22 11:30:53,836 - WARNING - 【存储切换】U盘不可用(未找到拥有写入权限的U盘)，切换本地存储：/home/kongbin/record_backup
2026-06-22 11:30:54,137 - INFO - 【容量校验】全部录像总大小:1.07GB，上限阈值:4GB
2026-06-22 11:31:23,845 - WARNING - 【存储切换】U盘不可用(未找到拥有写入权限的U盘)，切换本地存储：/home/kongbin/record_backup
2026-06-22 11:31:24,146 - INFO - 【容量校验】全部录像总大小:1.07GB，上限阈值:4GB
2026-06-22 11:31:53,854 - WARNING - 【存储切换】U盘不可用(未找到拥有写入权限的U盘)，切换本地存储：/home/kongbin/record_backup
2026-06-22 11:31:54,155 - INFO - 【容量校验】全部录像总大小:1.07GB，上限阈值:4GB
2026-06-22 11:32:23,852 - WARNING - 【存储切换】U盘不可用(未找到拥有写入权限的U盘)，切换本地存储：/home/kongbin/record_backup
2026-06-22 11:32:24,153 - INFO - 【容量校验】全部录像总大小:1.07GB，上限阈值:4GB
2026-06-22 11:32:53,852 - WARNING - 【存储切换】U盘不可用(未找到拥有写入权限的U盘)，切换本地存储：/home/kongbin/record_backup
2026-06-22 11:32:54,153 - INFO - 【容量校验】全部录像总大小:1.07GB，上限阈值:4GB
2026-06-22 11:33:23,832 - WARNING - 【存储切换】U盘不可用(未找到拥有写入权限的U盘)，切换本地存储：/home/kongbin/record_backup
2026-06-22 11:33:24,134 - INFO - 【容量校验】全部录像总大小:1.07GB，上限阈值:4GB
2026-06-22 11:33:53,875 - WARNING - 【存储切换】U盘不可用(未找到拥有写入权限的U盘)，切换本地存储：/home/kongbin/record_backup
2026-06-22 11:33:54,176 - INFO - 【容量校验】全部录像总大小:1.07GB，上限阈值:4GB
2026-06-22 11:34:23,869 - WARNING - 【存储切换】U盘不可用(未找到拥有写入权限的U盘)，切换本地存储：/home/kongbin/record_backup
2026-06-22 11:34:24,171 - INFO - 【容量校验】全部录像总大小:1.07GB，上限阈值:4GB
2026-06-22 11:34:53,865 - WARNING - 【存储切换】U盘不可用(未找到拥有写入权限的U盘)，切换本地存储：/home/kongbin/record_backup
2026-06-22 11:34:54,166 - INFO - 【容量校验】全部录像总大小:1.07GB，上限阈值:4GB
2026-06-22 11:35:23,860 - WARNING - 【存储切换】U盘不可用(未找到拥有写入权限的U盘)，切换本地存储：/home/kongbin/record_backup
2026-06-22 11:35:24,161 - INFO - 【容量校验】全部录像总大小:1.07GB，上限阈值:4GB
2026-06-22 11:35:53,856 - WARNING - 【存储切换】U盘不可用(未找到拥有写入权限的U盘)，切换本地存储：/home/kongbin/record_backup
2026-06-22 11:35:54,157 - INFO - 【容量校验】全部录像总大小:1.07GB，上限阈值:4GB
2026-06-22 11:36:23,837 - WARNING - 【存储切换】U盘不可用(未找到拥有写入权限的U盘)，切换本地存储：/home/kongbin/record_backup
2026-06-22 11:36:24,138 - INFO - 【容量校验】全部录像总大小:1.07GB，上限阈值:4GB
2026-06-22 11:36:53,847 - WARNING - 【存储切换】U盘不可用(未找到拥有写入权限的U盘)，切换本地存储：/home/kongbin/record_backup
2026-06-22 11:36:54,148 - INFO - 【容量校验】全部录像总大小:1.07GB，上限阈值:4GB
2026-06-22 11:37:23,855 - WARNING - 【存储切换】U盘不可用(未找到拥有写入权限的U盘)，切换本地存储：/home/kongbin/record_backup
2026-06-22 11:37:24,156 - INFO - 【容量校验】全部录像总大小:1.07GB，上限阈值:4GB
2026-06-22 11:37:53,835 - WARNING - 【存储切换】U盘不可用(未找到拥有写入权限的U盘)，切换本地存储：/home/kongbin/record_backup
2026-06-22 11:37:54,137 - INFO - 【容量校验】全部录像总大小:1.07GB，上限阈值:4GB
2026-06-22 11:38:23,847 - WARNING - 【存储切换】U盘不可用(未找到拥有写入权限的U盘)，切换本地存储：/home/kongbin/record_backup
2026-06-22 11:38:24,148 - INFO - 【容量校验】全部录像总大小:1.07GB，上限阈值:4GB
2026-06-22 11:38:30,723 - INFO - Camera stopped
2026-06-22 11:38:30,727 - INFO - Camera stopped
2026-06-22 11:38:30,829 - INFO - 程序正常退出，资源全部释放
2026-06-22 11:38:48,755 - INFO - Initialization successful.
2026-06-22 11:38:48,756 - INFO - Camera now open.
2026-06-22 11:38:48,757 - INFO - Camera configuration has been adjusted!
2026-06-22 11:38:48,758 - INFO - Configuration successful!
2026-06-22 11:38:48,771 - INFO - Camera started
2026-06-22 11:38:48,805 - INFO - Initialization successful.
2026-06-22 11:38:48,805 - INFO - Camera now open.
2026-06-22 11:38:48,807 - INFO - Camera configuration has been adjusted!
2026-06-22 11:38:48,807 - INFO - Configuration successful!
2026-06-22 11:38:48,824 - INFO - Camera started
2026-06-22 11:38:48,824 - INFO - 双摄像头初始化成功
2026-06-22 11:38:48,829 - WARNING - 【存储切换】U盘不可用(未找到拥有写入权限的U盘)，切换本地存储：/home/kongbin/record_backup
2026-06-22 11:39:18,860 - WARNING - 【存储切换】U盘不可用(未找到拥有写入权限的U盘)，切换本地存储：/home/kongbin/record_backup
2026-06-22 11:39:19,161 - INFO - 【容量校验】全部录像总大小:1.07GB，上限阈值:4GB
2026-06-22 11:39:48,866 - WARNING - 【存储切换】U盘不可用(未找到拥有写入权限的U盘)，切换本地存储：/home/kongbin/record_backup
2026-06-22 11:39:49,168 - INFO - 【容量校验】全部录像总大小:1.07GB，上限阈值:4GB
2026-06-22 11:40:18,856 - WARNING - 【存储切换】U盘不可用(未找到拥有写入权限的U盘)，切换本地存储：/home/kongbin/record_backup
2026-06-22 11:40:19,157 - INFO - 【容量校验】全部录像总大小:1.07GB，上限阈值:4GB
2026-06-22 11:40:48,850 - WARNING - 【存储切换】U盘不可用(未找到拥有写入权限的U盘)，切换本地存储：/home/kongbin/record_backup
2026-06-22 11:40:49,151 - INFO - 【容量校验】全部录像总大小:1.07GB，上限阈值:4GB
2026-06-22 11:41:18,845 - WARNING - 【存储切换】U盘不可用(未找到拥有写入权限的U盘)，切换本地存储：/home/kongbin/record_backup
2026-06-22 11:41:19,146 - INFO - 【容量校验】全部录像总大小:1.07GB，上限阈值:4GB
2026-06-22 11:41:48,840 - WARNING - 【存储切换】U盘不可用(未找到拥有写入权限的U盘)，切换本地存储：/home/kongbin/record_backup
2026-06-22 11:41:49,141 - INFO - 【容量校验】全部录像总大小:1.07GB，上限阈值:4GB
2026-06-22 11:42:18,832 - WARNING - 【存储切换】U盘不可用(未找到拥有写入权限的U盘)，切换本地存储：/home/kongbin/record_backup
2026-06-22 11:42:19,133 - INFO - 【容量校验】全部录像总大小:1.07GB，上限阈值:4GB
2026-06-22 11:42:40,421 - INFO - 【录像创建成功】文件路径：/home/kongbin/record_backup/20260622_114240.mp4
2026-06-22 11:42:40,421 - INFO - 开始录像，文件:/home/kongbin/record_backup/20260622_114240.mp4
2026-06-22 11:42:48,834 - WARNING - 【存储切换】U盘不可用(未找到拥有写入权限的U盘)，切换本地存储：/home/kongbin/record_backup
2026-06-22 11:42:49,135 - INFO - 【容量校验】全部录像总大小:1.07GB，上限阈值:4GB
2026-06-22 11:43:18,831 - WARNING - 【存储切换】U盘不可用(未找到拥有写入权限的U盘)，切换本地存储：/home/kongbin/record_backup
2026-06-22 11:43:19,132 - INFO - 【容量校验】全部录像总大小:1.09GB，上限阈值:4GB
2026-06-22 11:43:48,839 - WARNING - 【存储切换】U盘不可用(未找到拥有写入权限的U盘)，切换本地存储：/home/kongbin/record_backup
2026-06-22 11:43:49,140 - INFO - 【容量校验】全部录像总大小:1.11GB，上限阈值:4GB
2026-06-22 11:44:18,847 - WARNING - 【存储切换】U盘不可用(未找到拥有写入权限的U盘)，切换本地存储：/home/kongbin/record_backup
2026-06-22 11:44:19,148 - INFO - 【容量校验】全部录像总大小:1.13GB，上限阈值:4GB
2026-06-22 11:44:40,458 - INFO - 达到分段时长，新建录像文件
2026-06-22 11:44:40,459 - INFO - 【录像创建成功】文件路径：/home/kongbin/record_backup/20260622_114440.mp4
2026-06-22 11:44:48,858 - WARNING - 【存储切换】U盘不可用(未找到拥有写入权限的U盘)，切换本地存储：/home/kongbin/record_backup
2026-06-22 11:44:49,159 - INFO - 【容量校验】全部录像总大小:1.15GB，上限阈值:4GB
2026-06-22 11:45:18,823 - WARNING - 【存储切换】U盘不可用(未找到拥有写入权限的U盘)，切换本地存储：/home/kongbin/record_backup
2026-06-22 11:45:19,124 - INFO - 【容量校验】全部录像总大小:1.16GB，上限阈值:4GB
2026-06-22 11:45:48,824 - WARNING - 【存储切换】U盘不可用(未找到拥有写入权限的U盘)，切换本地存储：/home/kongbin/record_backup
2026-06-22 11:45:49,125 - INFO - 【容量校验】全部录像总大小:1.18GB，上限阈值:4GB
2026-06-22 11:46:18,840 - WARNING - 【存储切换】U盘不可用(未找到拥有写入权限的U盘)，切换本地存储：/home/kongbin/record_backup
2026-06-22 11:46:19,141 - INFO - 【容量校验】全部录像总大小:1.19GB，上限阈值:4GB
2026-06-22 11:46:40,469 - INFO - 达到分段时长，新建录像文件
2026-06-22 11:46:40,470 - INFO - 【录像创建成功】文件路径：/home/kongbin/record_backup/20260622_114640.mp4
2026-06-22 11:46:48,844 - WARNING - 【存储切换】U盘不可用(未找到拥有写入权限的U盘)，切换本地存储：/home/kongbin/record_backup
2026-06-22 11:46:49,145 - INFO - 【容量校验】全部录像总大小:1.20GB，上限阈值:4GB
2026-06-22 11:47:18,853 - WARNING - 【存储切换】U盘不可用(未找到拥有写入权限的U盘)，切换本地存储：/home/kongbin/record_backup
2026-06-22 11:47:19,154 - INFO - 【容量校验】全部录像总大小:1.22GB，上限阈值:4GB
2026-06-22 11:47:48,834 - WARNING - 【存储切换】U盘不可用(未找到拥有写入权限的U盘)，切换本地存储：/home/kongbin/record_backup
2026-06-22 11:47:49,135 - INFO - 【容量校验】全部录像总大小:1.23GB，上限阈值:4GB
2026-06-22 11:47:56,476 - INFO - Camera stopped
2026-06-22 11:47:56,480 - INFO - Camera stopped
2026-06-22 11:47:56,583 - INFO - 程序正常退出，资源全部释放
2026-06-22 11:48:23,564 - INFO - Initialization successful.
2026-06-22 11:48:23,564 - INFO - Camera now open.
2026-06-22 11:48:23,567 - INFO - Camera configuration has been adjusted!
2026-06-22 11:48:23,567 - INFO - Configuration successful!
2026-06-22 11:48:23,581 - INFO - Camera started
2026-06-22 11:48:23,615 - INFO - Initialization successful.
2026-06-22 11:48:23,615 - INFO - Camera now open.
2026-06-22 11:48:23,617 - INFO - Camera configuration has been adjusted!
2026-06-22 11:48:23,618 - INFO - Configuration successful!
2026-06-22 11:48:23,634 - INFO - Camera started
2026-06-22 11:48:23,634 - INFO - 双摄像头初始化成功
2026-06-22 11:48:23,639 - WARNING - 【存储切换】U盘不可用(未找到拥有写入权限的U盘)，切换本地存储：/home/kongbin/record_backup
2026-06-22 11:48:53,845 - WARNING - 【存储切换】U盘不可用(未找到拥有写入权限的U盘)，切换本地存储：/home/kongbin/record_backup
2026-06-22 11:48:54,147 - INFO - 【容量校验】全部录像总大小:1.24GB，上限阈值:4GB
2026-06-22 11:49:23,853 - WARNING - 【存储切换】U盘不可用(未找到拥有写入权限的U盘)，切换本地存储：/home/kongbin/record_backup
2026-06-22 11:49:24,154 - INFO - 【容量校验】全部录像总大小:1.24GB，上限阈值:4GB
2026-06-22 11:49:53,851 - WARNING - 【存储切换】U盘不可用(未找到拥有写入权限的U盘)，切换本地存储：/home/kongbin/record_backup
2026-06-22 11:49:54,152 - INFO - 【容量校验】全部录像总大小:1.24GB，上限阈值:4GB
2026-06-22 11:50:23,849 - WARNING - 【存储切换】U盘不可用(未找到拥有写入权限的U盘)，切换本地存储：/home/kongbin/record_backup
2026-06-22 11:50:24,150 - INFO - 【容量校验】全部录像总大小:1.24GB，上限阈值:4GB
2026-06-22 11:50:53,847 - WARNING - 【存储切换】U盘不可用(未找到拥有写入权限的U盘)，切换本地存储：/home/kongbin/record_backup
2026-06-22 11:50:54,148 - INFO - 【容量校验】全部录像总大小:1.24GB，上限阈值:4GB
2026-06-22 11:51:23,864 - WARNING - 【存储切换】U盘不可用(未找到拥有写入权限的U盘)，切换本地存储：/home/kongbin/record_backup
2026-06-22 11:51:24,166 - INFO - 【容量校验】全部录像总大小:1.24GB，上限阈值:4GB
2026-06-22 11:51:53,846 - WARNING - 【存储切换】U盘不可用(未找到拥有写入权限的U盘)，切换本地存储：/home/kongbin/record_backup
2026-06-22 11:51:54,147 - INFO - 【容量校验】全部录像总大小:1.24GB，上限阈值:4GB
2026-06-22 11:52:23,842 - WARNING - 【存储切换】U盘不可用(未找到拥有写入权限的U盘)，切换本地存储：/home/kongbin/record_backup
2026-06-22 11:52:24,143 - INFO - 【容量校验】全部录像总大小:1.24GB，上限阈值:4GB
2026-06-22 11:52:53,838 - WARNING - 【存储切换】U盘不可用(未找到拥有写入权限的U盘)，切换本地存储：/home/kongbin/record_backup
2026-06-22 11:52:54,139 - INFO - 【容量校验】全部录像总大小:1.24GB，上限阈值:4GB
2026-06-22 11:53:23,835 - WARNING - 【存储切换】U盘不可用(未找到拥有写入权限的U盘)，切换本地存储：/home/kongbin/record_backup
2026-06-22 11:53:24,136 - INFO - 【容量校验】全部录像总大小:1.24GB，上限阈值:4GB
2026-06-22 11:53:53,830 - WARNING - 【存储切换】U盘不可用(未找到拥有写入权限的U盘)，切换本地存储：/home/kongbin/record_backup
2026-06-22 11:53:54,131 - INFO - 【容量校验】全部录像总大小:1.24GB，上限阈值:4GB
2026-06-22 11:54:23,857 - WARNING - 【存储切换】U盘不可用(未找到拥有写入权限的U盘)，切换本地存储：/home/kongbin/record_backup
2026-06-22 11:54:24,158 - INFO - 【容量校验】全部录像总大小:1.24GB，上限阈值:4GB
2026-06-22 11:54:53,852 - WARNING - 【存储切换】U盘不可用(未找到拥有写入权限的U盘)，切换本地存储：/home/kongbin/record_backup
2026-06-22 11:54:54,153 - INFO - 【容量校验】全部录像总大小:1.24GB，上限阈值:4GB
2026-06-22 11:55:23,849 - WARNING - 【存储切换】U盘不可用(未找到拥有写入权限的U盘)，切换本地存储：/home/kongbin/record_backup
2026-06-22 11:55:24,150 - INFO - 【容量校验】全部录像总大小:1.24GB，上限阈值:4GB
2026-06-22 11:55:53,848 - WARNING - 【存储切换】U盘不可用(未找到拥有写入权限的U盘)，切换本地存储：/home/kongbin/record_backup
2026-06-22 11:55:54,149 - INFO - 【容量校验】全部录像总大小:1.24GB，上限阈值:4GB
2026-06-22 11:56:23,857 - WARNING - 【存储切换】U盘不可用(未找到拥有写入权限的U盘)，切换本地存储：/home/kongbin/record_backup
2026-06-22 11:56:24,158 - INFO - 【容量校验】全部录像总大小:1.24GB，上限阈值:4GB
2026-06-22 11:56:53,836 - WARNING - 【存储切换】U盘不可用(未找到拥有写入权限的U盘)，切换本地存储：/home/kongbin/record_backup
2026-06-22 11:56:54,138 - INFO - 【容量校验】全部录像总大小:1.24GB，上限阈值:4GB
2026-06-22 11:57:23,849 - WARNING - 【存储切换】U盘不可用(未找到拥有写入权限的U盘)，切换本地存储：/home/kongbin/record_backup
2026-06-22 11:57:24,150 - INFO - 【容量校验】全部录像总大小:1.24GB，上限阈值:4GB
2026-06-22 11:57:53,856 - WARNING - 【存储切换】U盘不可用(未找到拥有写入权限的U盘)，切换本地存储：/home/kongbin/record_backup
2026-06-22 11:57:54,157 - INFO - 【容量校验】全部录像总大小:1.24GB，上限阈值:4GB
2026-06-22 11:58:23,837 - WARNING - 【存储切换】U盘不可用(未找到拥有写入权限的U盘)，切换本地存储：/home/kongbin/record_backup
2026-06-22 11:58:24,139 - INFO - 【容量校验】全部录像总大小:1.24GB，上限阈值:4GB
2026-06-22 11:58:53,848 - WARNING - 【存储切换】U盘不可用(未找到拥有写入权限的U盘)，切换本地存储：/home/kongbin/record_backup
2026-06-22 11:58:54,149 - INFO - 【容量校验】全部录像总大小:1.24GB，上限阈值:4GB
2026-06-22 11:59:23,853 - WARNING - 【存储切换】U盘不可用(未找到拥有写入权限的U盘)，切换本地存储：/home/kongbin/record_backup
2026-06-22 11:59:24,154 - INFO - 【容量校验】全部录像总大小:1.24GB，上限阈值:4GB
2026-06-22 11:59:53,852 - WARNING - 【存储切换】U盘不可用(未找到拥有写入权限的U盘)，切换本地存储：/home/kongbin/record_backup
2026-06-22 11:59:54,153 - INFO - 【容量校验】全部录像总大小:1.24GB，上限阈值:4GB
2026-06-22 12:00:23,831 - WARNING - 【存储切换】U盘不可用(未找到拥有写入权限的U盘)，切换本地存储：/home/kongbin/record_backup
2026-06-22 12:00:24,133 - INFO - 【容量校验】全部录像总大小:1.24GB，上限阈值:4GB
2026-06-22 12:00:53,869 - WARNING - 【存储切换】U盘不可用(未找到拥有写入权限的U盘)，切换本地存储：/home/kongbin/record_backup
2026-06-22 12:00:54,170 - INFO - 【容量校验】全部录像总大小:1.24GB，上限阈值:4GB
2026-06-22 12:01:23,865 - WARNING - 【存储切换】U盘不可用(未找到拥有写入权限的U盘)，切换本地存储：/home/kongbin/record_backup
2026-06-22 12:01:24,167 - INFO - 【容量校验】全部录像总大小:1.24GB，上限阈值:4GB
2026-06-22 12:01:53,845 - WARNING - 【存储切换】U盘不可用(未找到拥有写入权限的U盘)，切换本地存储：/home/kongbin/record_backup
2026-06-22 12:01:54,147 - INFO - 【容量校验】全部录像总大小:1.24GB，上限阈值:4GB
2026-06-22 12:02:23,852 - WARNING - 【存储切换】U盘不可用(未找到拥有写入权限的U盘)，切换本地存储：/home/kongbin/record_backup
2026-06-22 12:02:24,154 - INFO - 【容量校验】全部录像总大小:1.24GB，上限阈值:4GB
2026-06-22 12:02:53,833 - WARNING - 【存储切换】U盘不可用(未找到拥有写入权限的U盘)，切换本地存储：/home/kongbin/record_backup
2026-06-22 12:02:54,134 - INFO - 【容量校验】全部录像总大小:1.24GB，上限阈值:4GB
2026-06-22 12:03:23,844 - WARNING - 【存储切换】U盘不可用(未找到拥有写入权限的U盘)，切换本地存储：/home/kongbin/record_backup
2026-06-22 12:03:24,145 - INFO - 【容量校验】全部录像总大小:1.24GB，上限阈值:4GB
2026-06-22 12:03:53,850 - WARNING - 【存储切换】U盘不可用(未找到拥有写入权限的U盘)，切换本地存储：/home/kongbin/record_backup
2026-06-22 12:03:54,152 - INFO - 【容量校验】全部录像总大小:1.24GB，上限阈值:4GB
2026-06-22 12:04:23,831 - WARNING - 【存储切换】U盘不可用(未找到拥有写入权限的U盘)，切换本地存储：/home/kongbin/record_backup
2026-06-22 12:04:24,133 - INFO - 【容量校验】全部录像总大小:1.24GB，上限阈值:4GB
2026-06-22 12:04:53,872 - WARNING - 【存储切换】U盘不可用(未找到拥有写入权限的U盘)，切换本地存储：/home/kongbin/record_backup
2026-06-22 12:04:54,173 - INFO - 【容量校验】全部录像总大小:1.24GB，上限阈值:4GB
2026-06-22 12:05:23,849 - WARNING - 【存储切换】U盘不可用(未找到拥有写入权限的U盘)，切换本地存储：/home/kongbin/record_backup
2026-06-22 12:05:24,151 - INFO - 【容量校验】全部录像总大小:1.24GB，上限阈值:4GB
2026-06-22 12:05:53,829 - WARNING - 【存储切换】U盘不可用(未找到拥有写入权限的U盘)，切换本地存储：/home/kongbin/record_backup
2026-06-22 12:05:54,131 - INFO - 【容量校验】全部录像总大小:1.24GB，上限阈值:4GB
2026-06-22 12:06:23,871 - WARNING - 【存储切换】U盘不可用(未找到拥有写入权限的U盘)，切换本地存储：/home/kongbin/record_backup
2026-06-22 12:06:24,173 - INFO - 【容量校验】全部录像总大小:1.24GB，上限阈值:4GB
2026-06-22 12:06:53,848 - WARNING - 【存储切换】U盘不可用(未找到拥有写入权限的U盘)，切换本地存储：/home/kongbin/record_backup
2026-06-22 12:06:54,149 - INFO - 【容量校验】全部录像总大小:1.24GB，上限阈值:4GB
2026-06-22 12:07:23,828 - WARNING - 【存储切换】U盘不可用(未找到拥有写入权限的U盘)，切换本地存储：/home/kongbin/record_backup
2026-06-22 12:07:24,129 - INFO - 【容量校验】全部录像总大小:1.24GB，上限阈值:4GB
2026-06-22 12:07:53,870 - WARNING - 【存储切换】U盘不可用(未找到拥有写入权限的U盘)，切换本地存储：/home/kongbin/record_backup
2026-06-22 12:07:54,171 - INFO - 【容量校验】全部录像总大小:1.24GB，上限阈值:4GB
2026-06-22 12:08:23,852 - WARNING - 【存储切换】U盘不可用(未找到拥有写入权限的U盘)，切换本地存储：/home/kongbin/record_backup
2026-06-22 12:08:24,153 - INFO - 【容量校验】全部录像总大小:1.24GB，上限阈值:4GB
2026-06-22 12:08:53,858 - WARNING - 【存储切换】U盘不可用(未找到拥有写入权限的U盘)，切换本地存储：/home/kongbin/record_backup
2026-06-22 12:08:54,159 - INFO - 【容量校验】全部录像总大小:1.24GB，上限阈值:4GB
2026-06-22 12:09:23,839 - WARNING - 【存储切换】U盘不可用(未找到拥有写入权限的U盘)，切换本地存储：/home/kongbin/record_backup
2026-06-22 12:09:24,140 - INFO - 【容量校验】全部录像总大小:1.24GB，上限阈值:4GB
2026-06-22 12:09:53,849 - WARNING - 【存储切换】U盘不可用(未找到拥有写入权限的U盘)，切换本地存储：/home/kongbin/record_backup
2026-06-22 12:09:54,151 - INFO - 【容量校验】全部录像总大小:1.24GB，上限阈值:4GB
2026-06-22 12:10:23,856 - WARNING - 【存储切换】U盘不可用(未找到拥有写入权限的U盘)，切换本地存储：/home/kongbin/record_backup
2026-06-22 12:10:24,158 - INFO - 【容量校验】全部录像总大小:1.24GB，上限阈值:4GB
2026-06-22 12:10:53,838 - WARNING - 【存储切换】U盘不可用(未找到拥有写入权限的U盘)，切换本地存储：/home/kongbin/record_backup
2026-06-22 12:10:54,140 - INFO - 【容量校验】全部录像总大小:1.24GB，上限阈值:4GB
2026-06-22 12:11:23,847 - WARNING - 【存储切换】U盘不可用(未找到拥有写入权限的U盘)，切换本地存储：/home/kongbin/record_backup
2026-06-22 12:11:24,149 - INFO - 【容量校验】全部录像总大小:1.24GB，上限阈值:4GB
2026-06-22 12:11:53,856 - WARNING - 【存储切换】U盘不可用(未找到拥有写入权限的U盘)，切换本地存储：/home/kongbin/record_backup
2026-06-22 12:11:54,158 - INFO - 【容量校验】全部录像总大小:1.24GB，上限阈值:4GB
2026-06-22 12:12:23,835 - WARNING - 【存储切换】U盘不可用(未找到拥有写入权限的U盘)，切换本地存储：/home/kongbin/record_backup
2026-06-22 12:12:24,137 - INFO - 【容量校验】全部录像总大小:1.24GB，上限阈值:4GB
2026-06-22 12:12:53,849 - WARNING - 【存储切换】U盘不可用(未找到拥有写入权限的U盘)，切换本地存储：/home/kongbin/record_backup
2026-06-22 12:12:54,150 - INFO - 【容量校验】全部录像总大小:1.24GB，上限阈值:4GB
2026-06-22 12:13:23,853 - WARNING - 【存储切换】U盘不可用(未找到拥有写入权限的U盘)，切换本地存储：/home/kongbin/record_backup
2026-06-22 12:13:24,155 - INFO - 【容量校验】全部录像总大小:1.24GB，上限阈值:4GB
2026-06-22 12:13:53,850 - WARNING - 【存储切换】U盘不可用(未找到拥有写入权限的U盘)，切换本地存储：/home/kongbin/record_backup
2026-06-22 12:13:54,152 - INFO - 【容量校验】全部录像总大小:1.24GB，上限阈值:4GB
2026-06-22 12:14:23,860 - WARNING - 【存储切换】U盘不可用(未找到拥有写入权限的U盘)，切换本地存储：/home/kongbin/record_backup
2026-06-22 12:14:24,161 - INFO - 【容量校验】全部录像总大小:1.24GB，上限阈值:4GB
2026-06-22 12:14:53,838 - WARNING - 【存储切换】U盘不可用(未找到拥有写入权限的U盘)，切换本地存储：/home/kongbin/record_backup
2026-06-22 12:14:54,140 - INFO - 【容量校验】全部录像总大小:1.24GB，上限阈值:4GB
2026-06-22 12:15:23,851 - WARNING - 【存储切换】U盘不可用(未找到拥有写入权限的U盘)，切换本地存储：/home/kongbin/record_backup
2026-06-22 12:15:24,152 - INFO - 【容量校验】全部录像总大小:1.24GB，上限阈值:4GB
2026-06-22 12:15:53,856 - WARNING - 【存储切换】U盘不可用(未找到拥有写入权限的U盘)，切换本地存储：/home/kongbin/record_backup
2026-06-22 12:15:54,157 - INFO - 【容量校验】全部录像总大小:1.24GB，上限阈值:4GB
2026-06-22 12:16:23,849 - WARNING - 【存储切换】U盘不可用(未找到拥有写入权限的U盘)，切换本地存储：/home/kongbin/record_backup
2026-06-22 12:16:24,151 - INFO - 【容量校验】全部录像总大小:1.24GB，上限阈值:4GB
2026-06-22 12:16:53,846 - WARNING - 【存储切换】U盘不可用(未找到拥有写入权限的U盘)，切换本地存储：/home/kongbin/record_backup
2026-06-22 12:16:54,148 - INFO - 【容量校验】全部录像总大小:1.24GB，上限阈值:4GB
2026-06-22 12:17:23,841 - WARNING - 【存储切换】U盘不可用(未找到拥有写入权限的U盘)，切换本地存储：/home/kongbin/record_backup
2026-06-22 12:17:24,143 - INFO - 【容量校验】全部录像总大小:1.24GB，上限阈值:4GB
2026-06-22 12:17:53,849 - WARNING - 【存储切换】U盘不可用(未找到拥有写入权限的U盘)，切换本地存储：/home/kongbin/record_backup
2026-06-22 12:17:54,151 - INFO - 【容量校验】全部录像总大小:1.24GB，上限阈值:4GB
2026-06-22 12:18:23,828 - WARNING - 【存储切换】U盘不可用(未找到拥有写入权限的U盘)，切换本地存储：/home/kongbin/record_backup
2026-06-22 12:18:24,129 - INFO - 【容量校验】全部录像总大小:1.24GB，上限阈值:4GB
2026-06-22 12:18:53,852 - WARNING - 【存储切换】U盘不可用(未找到拥有写入权限的U盘)，切换本地存储：/home/kongbin/record_backup
2026-06-22 12:18:54,153 - INFO - 【容量校验】全部录像总大小:1.24GB，上限阈值:4GB
2026-06-22 12:19:23,849 - WARNING - 【存储切换】U盘不可用(未找到拥有写入权限的U盘)，切换本地存储：/home/kongbin/record_backup
2026-06-22 12:19:24,150 - INFO - 【容量校验】全部录像总大小:1.24GB，上限阈值:4GB
2026-06-22 12:19:53,842 - WARNING - 【存储切换】U盘不可用(未找到拥有写入权限的U盘)，切换本地存储：/home/kongbin/record_backup
2026-06-22 12:19:54,143 - INFO - 【容量校验】全部录像总大小:1.24GB，上限阈值:4GB
2026-06-22 12:20:23,837 - WARNING - 【存储切换】U盘不可用(未找到拥有写入权限的U盘)，切换本地存储：/home/kongbin/record_backup
2026-06-22 12:20:24,138 - INFO - 【容量校验】全部录像总大小:1.24GB，上限阈值:4GB
2026-06-22 12:20:53,830 - WARNING - 【存储切换】U盘不可用(未找到拥有写入权限的U盘)，切换本地存储：/home/kongbin/record_backup
2026-06-22 12:20:54,131 - INFO - 【容量校验】全部录像总大小:1.24GB，上限阈值:4GB
2026-06-22 12:21:23,855 - WARNING - 【存储切换】U盘不可用(未找到拥有写入权限的U盘)，切换本地存储：/home/kongbin/record_backup
2026-06-22 12:21:24,156 - INFO - 【容量校验】全部录像总大小:1.24GB，上限阈值:4GB
2026-06-22 12:21:53,837 - WARNING - 【存储切换】U盘不可用(未找到拥有写入权限的U盘)，切换本地存储：/home/kongbin/record_backup
2026-06-22 12:21:54,139 - INFO - 【容量校验】全部录像总大小:1.24GB，上限阈值:4GB
2026-06-22 12:22:23,845 - WARNING - 【存储切换】U盘不可用(未找到拥有写入权限的U盘)，切换本地存储：/home/kongbin/record_backup
2026-06-22 12:22:24,147 - INFO - 【容量校验】全部录像总大小:1.24GB，上限阈值:4GB
2026-06-22 12:22:53,838 - WARNING - 【存储切换】U盘不可用(未找到拥有写入权限的U盘)，切换本地存储：/home/kongbin/record_backup
2026-06-22 12:22:54,140 - INFO - 【容量校验】全部录像总大小:1.24GB，上限阈值:4GB
2026-06-22 12:23:23,833 - WARNING - 【存储切换】U盘不可用(未找到拥有写入权限的U盘)，切换本地存储：/home/kongbin/record_backup
2026-06-22 12:23:24,135 - INFO - 【容量校验】全部录像总大小:1.24GB，上限阈值:4GB
2026-06-22 12:23:53,827 - WARNING - 【存储切换】U盘不可用(未找到拥有写入权限的U盘)，切换本地存储：/home/kongbin/record_backup
2026-06-22 12:23:54,128 - INFO - 【容量校验】全部录像总大小:1.24GB，上限阈值:4GB
2026-06-22 12:24:23,850 - WARNING - 【存储切换】U盘不可用(未找到拥有写入权限的U盘)，切换本地存储：/home/kongbin/record_backup
2026-06-22 12:24:24,152 - INFO - 【容量校验】全部录像总大小:1.24GB，上限阈值:4GB
2026-06-22 12:24:53,834 - WARNING - 【存储切换】U盘不可用(未找到拥有写入权限的U盘)，切换本地存储：/home/kongbin/record_backup
2026-06-22 12:24:54,135 - INFO - 【容量校验】全部录像总大小:1.24GB，上限阈值:4GB
2026-06-22 12:25:23,841 - WARNING - 【存储切换】U盘不可用(未找到拥有写入权限的U盘)，切换本地存储：/home/kongbin/record_backup
2026-06-22 12:25:24,142 - INFO - 【容量校验】全部录像总大小:1.24GB，上限阈值:4GB
2026-06-22 12:25:53,835 - WARNING - 【存储切换】U盘不可用(未找到拥有写入权限的U盘)，切换本地存储：/home/kongbin/record_backup
2026-06-22 12:25:54,136 - INFO - 【容量校验】全部录像总大小:1.24GB，上限阈值:4GB
2026-06-22 12:26:23,829 - WARNING - 【存储切换】U盘不可用(未找到拥有写入权限的U盘)，切换本地存储：/home/kongbin/record_backup
2026-06-22 12:26:24,131 - INFO - 【容量校验】全部录像总大小:1.24GB，上限阈值:4GB
2026-06-22 12:26:53,872 - WARNING - 【存储切换】U盘不可用(未找到拥有写入权限的U盘)，切换本地存储：/home/kongbin/record_backup
2026-06-22 12:26:54,174 - INFO - 【容量校验】全部录像总大小:1.24GB，上限阈值:4GB
2026-06-22 12:27:23,847 - WARNING - 【存储切换】U盘不可用(未找到拥有写入权限的U盘)，切换本地存储：/home/kongbin/record_backup
2026-06-22 12:27:24,149 - INFO - 【容量校验】全部录像总大小:1.24GB，上限阈值:4GB
2026-06-22 12:27:53,842 - WARNING - 【存储切换】U盘不可用(未找到拥有写入权限的U盘)，切换本地存储：/home/kongbin/record_backup
2026-06-22 12:27:54,144 - INFO - 【容量校验】全部录像总大小:1.24GB，上限阈值:4GB
2026-06-22 12:28:23,835 - WARNING - 【存储切换】U盘不可用(未找到拥有写入权限的U盘)，切换本地存储：/home/kongbin/record_backup
2026-06-22 12:28:24,137 - INFO - 【容量校验】全部录像总大小:1.24GB，上限阈值:4GB
2026-06-22 12:28:53,829 - WARNING - 【存储切换】U盘不可用(未找到拥有写入权限的U盘)，切换本地存储：/home/kongbin/record_backup
2026-06-22 12:28:54,130 - INFO - 【容量校验】全部录像总大小:1.24GB，上限阈值:4GB
2026-06-22 12:29:23,853 - WARNING - 【存储切换】U盘不可用(未找到拥有写入权限的U盘)，切换本地存储：/home/kongbin/record_backup
2026-06-22 12:29:24,154 - INFO - 【容量校验】全部录像总大小:1.24GB，上限阈值:4GB
2026-06-22 12:29:53,849 - WARNING - 【存储切换】U盘不可用(未找到拥有写入权限的U盘)，切换本地存储：/home/kongbin/record_backup
2026-06-22 12:29:54,151 - INFO - 【容量校验】全部录像总大小:1.24GB，上限阈值:4GB
2026-06-22 12:30:23,843 - WARNING - 【存储切换】U盘不可用(未找到拥有写入权限的U盘)，切换本地存储：/home/kongbin/record_backup
2026-06-22 12:30:24,145 - INFO - 【容量校验】全部录像总大小:1.24GB，上限阈值:4GB
2026-06-22 12:30:53,837 - WARNING - 【存储切换】U盘不可用(未找到拥有写入权限的U盘)，切换本地存储：/home/kongbin/record_backup
2026-06-22 12:30:54,139 - INFO - 【容量校验】全部录像总大小:1.24GB，上限阈值:4GB
2026-06-22 12:31:23,831 - WARNING - 【存储切换】U盘不可用(未找到拥有写入权限的U盘)，切换本地存储：/home/kongbin/record_backup
2026-06-22 12:31:24,132 - INFO - 【容量校验】全部录像总大小:1.24GB，上限阈值:4GB
2026-06-22 12:31:53,854 - WARNING - 【存储切换】U盘不可用(未找到拥有写入权限的U盘)，切换本地存储：/home/kongbin/record_backup
2026-06-22 12:31:54,155 - INFO - 【容量校验】全部录像总大小:1.24GB，上限阈值:4GB
2026-06-22 12:32:23,849 - WARNING - 【存储切换】U盘不可用(未找到拥有写入权限的U盘)，切换本地存储：/home/kongbin/record_backup
2026-06-22 12:32:24,151 - INFO - 【容量校验】全部录像总大小:1.24GB，上限阈值:4GB
2026-06-22 12:32:53,845 - WARNING - 【存储切换】U盘不可用(未找到拥有写入权限的U盘)，切换本地存储：/home/kongbin/record_backup
2026-06-22 12:32:54,146 - INFO - 【容量校验】全部录像总大小:1.24GB，上限阈值:4GB
2026-06-22 12:33:23,838 - WARNING - 【存储切换】U盘不可用(未找到拥有写入权限的U盘)，切换本地存储：/home/kongbin/record_backup
2026-06-22 12:33:24,140 - INFO - 【容量校验】全部录像总大小:1.24GB，上限阈值:4GB
2026-06-22 12:33:53,832 - WARNING - 【存储切换】U盘不可用(未找到拥有写入权限的U盘)，切换本地存储：/home/kongbin/record_backup
2026-06-22 12:33:54,134 - INFO - 【容量校验】全部录像总大小:1.24GB，上限阈值:4GB
2026-06-22 12:34:23,826 - WARNING - 【存储切换】U盘不可用(未找到拥有写入权限的U盘)，切换本地存储：/home/kongbin/record_backup
2026-06-22 12:34:24,127 - INFO - 【容量校验】全部录像总大小:1.24GB，上限阈值:4GB
2026-06-22 12:34:53,850 - WARNING - 【存储切换】U盘不可用(未找到拥有写入权限的U盘)，切换本地存储：/home/kongbin/record_backup
2026-06-22 12:34:54,151 - INFO - 【容量校验】全部录像总大小:1.24GB，上限阈值:4GB
2026-06-22 12:35:23,846 - WARNING - 【存储切换】U盘不可用(未找到拥有写入权限的U盘)，切换本地存储：/home/kongbin/record_backup
2026-06-22 12:35:24,148 - INFO - 【容量校验】全部录像总大小:1.24GB，上限阈值:4GB
2026-06-22 12:35:53,840 - WARNING - 【存储切换】U盘不可用(未找到拥有写入权限的U盘)，切换本地存储：/home/kongbin/record_backup
2026-06-22 12:35:54,141 - INFO - 【容量校验】全部录像总大小:1.24GB，上限阈值:4GB
2026-06-22 12:36:19,262 - INFO - 【录像创建成功】文件路径：/home/kongbin/record_backup/20260622_123619.mp4
2026-06-22 12:36:19,263 - INFO - 开始录像，文件:/home/kongbin/record_backup/20260622_123619.mp4
2026-06-22 12:36:23,859 - WARNING - 【存储切换】U盘不可用(未找到拥有写入权限的U盘)，切换本地存储：/home/kongbin/record_backup
2026-06-22 12:36:24,160 - INFO - 【容量校验】全部录像总大小:1.24GB，上限阈值:4GB
2026-06-22 12:36:53,864 - WARNING - 【存储切换】U盘不可用(未找到拥有写入权限的U盘)，切换本地存储：/home/kongbin/record_backup
2026-06-22 12:36:54,166 - INFO - 【容量校验】全部录像总大小:1.25GB，上限阈值:4GB
2026-06-22 12:37:23,848 - WARNING - 【存储切换】U盘不可用(未找到拥有写入权限的U盘)，切换本地存储：/home/kongbin/record_backup
2026-06-22 12:37:24,149 - INFO - 【容量校验】全部录像总大小:1.25GB，上限阈值:4GB
2026-06-22 12:37:53,851 - WARNING - 【存储切换】U盘不可用(未找到拥有写入权限的U盘)，切换本地存储：/home/kongbin/record_backup
2026-06-22 12:37:54,152 - INFO - 【容量校验】全部录像总大小:1.26GB，上限阈值:4GB
2026-06-22 12:38:19,299 - INFO - 达到分段时长，新建录像文件
2026-06-22 12:38:19,300 - INFO - 【录像创建成功】文件路径：/home/kongbin/record_backup/20260622_123819.mp4
2026-06-22 12:38:23,835 - WARNING - 【存储切换】U盘不可用(未找到拥有写入权限的U盘)，切换本地存储：/home/kongbin/record_backup
2026-06-22 12:38:24,136 - INFO - 【容量校验】全部录像总大小:1.27GB，上限阈值:4GB
2026-06-22 12:38:53,841 - WARNING - 【存储切换】U盘不可用(未找到拥有写入权限的U盘)，切换本地存储：/home/kongbin/record_backup
2026-06-22 12:38:54,142 - INFO - 【容量校验】全部录像总大小:1.27GB，上限阈值:4GB
2026-06-22 12:39:23,853 - WARNING - 【存储切换】U盘不可用(未找到拥有写入权限的U盘)，切换本地存储：/home/kongbin/record_backup
2026-06-22 12:39:24,155 - INFO - 【容量校验】全部录像总大小:1.28GB，上限阈值:4GB
2026-06-22 12:39:53,832 - WARNING - 【存储切换】U盘不可用(未找到拥有写入权限的U盘)，切换本地存储：/home/kongbin/record_backup
2026-06-22 12:39:54,133 - INFO - 【容量校验】全部录像总大小:1.28GB，上限阈值:4GB
2026-06-22 12:40:19,307 - INFO - 达到分段时长，新建录像文件
2026-06-22 12:40:19,312 - INFO - 【录像创建成功】文件路径：/home/kongbin/record_backup/20260622_124019.mp4
2026-06-22 12:40:23,849 - WARNING - 【存储切换】U盘不可用(未找到拥有写入权限的U盘)，切换本地存储：/home/kongbin/record_backup
2026-06-22 12:40:24,151 - INFO - 【容量校验】全部录像总大小:1.29GB，上限阈值:4GB
2026-06-22 12:40:53,855 - WARNING - 【存储切换】U盘不可用(未找到拥有写入权限的U盘)，切换本地存储：/home/kongbin/record_backup
2026-06-22 12:40:54,157 - INFO - 【容量校验】全部录像总大小:1.30GB，上限阈值:4GB
2026-06-22 12:41:23,844 - WARNING - 【存储切换】U盘不可用(未找到拥有写入权限的U盘)，切换本地存储：/home/kongbin/record_backup
2026-06-22 12:41:24,145 - INFO - 【容量校验】全部录像总大小:1.30GB，上限阈值:4GB
2026-06-22 12:41:53,850 - WARNING - 【存储切换】U盘不可用(未找到拥有写入权限的U盘)，切换本地存储：/home/kongbin/record_backup
2026-06-22 12:41:54,151 - INFO - 【容量校验】全部录像总大小:1.31GB，上限阈值:4GB
2026-06-22 12:42:19,328 - INFO - 达到分段时长，新建录像文件
2026-06-22 12:42:19,329 - INFO - 【录像创建成功】文件路径：/home/kongbin/record_backup/20260622_124219.mp4
2026-06-22 12:42:23,837 - WARNING - 【存储切换】U盘不可用(未找到拥有写入权限的U盘)，切换本地存储：/home/kongbin/record_backup
2026-06-22 12:42:24,138 - INFO - 【容量校验】全部录像总大小:1.32GB，上限阈值:4GB
2026-06-22 12:42:53,847 - WARNING - 【存储切换】U盘不可用(未找到拥有写入权限的U盘)，切换本地存储：/home/kongbin/record_backup
2026-06-22 12:42:54,148 - INFO - 【容量校验】全部录像总大小:1.32GB，上限阈值:4GB
2026-06-22 12:43:23,864 - WARNING - 【存储切换】U盘不可用(未找到拥有写入权限的U盘)，切换本地存储：/home/kongbin/record_backup
2026-06-22 12:43:24,166 - INFO - 【容量校验】全部录像总大小:1.33GB，上限阈值:4GB
2026-06-22 12:43:53,840 - WARNING - 【存储切换】U盘不可用(未找到拥有写入权限的U盘)，切换本地存储：/home/kongbin/record_backup
2026-06-22 12:43:54,141 - INFO - 【容量校验】全部录像总大小:1.33GB，上限阈值:4GB
2026-06-22 12:44:19,346 - INFO - 达到分段时长，新建录像文件
2026-06-22 12:44:19,347 - INFO - 【录像创建成功】文件路径：/home/kongbin/record_backup/20260622_124419.mp4
2026-06-22 12:44:23,824 - WARNING - 【存储切换】U盘不可用(未找到拥有写入权限的U盘)，切换本地存储：/home/kongbin/record_backup
2026-06-22 12:44:24,125 - INFO - 【容量校验】全部录像总大小:1.34GB，上限阈值:4GB
2026-06-22 12:44:53,862 - WARNING - 【存储切换】U盘不可用(未找到拥有写入权限的U盘)，切换本地存储：/home/kongbin/record_backup
2026-06-22 12:44:54,163 - INFO - 【容量校验】全部录像总大小:1.35GB，上限阈值:4GB
2026-06-22 12:45:23,849 - WARNING - 【存储切换】U盘不可用(未找到拥有写入权限的U盘)，切换本地存储：/home/kongbin/record_backup
2026-06-22 12:45:24,150 - INFO - 【容量校验】全部录像总大小:1.35GB，上限阈值:4GB
2026-06-22 12:45:53,851 - WARNING - 【存储切换】U盘不可用(未找到拥有写入权限的U盘)，切换本地存储：/home/kongbin/record_backup
2026-06-22 12:45:54,152 - INFO - 【容量校验】全部录像总大小:1.36GB，上限阈值:4GB
2026-06-22 12:46:19,364 - INFO - 达到分段时长，新建录像文件
2026-06-22 12:46:19,365 - INFO - 【录像创建成功】文件路径：/home/kongbin/record_backup/20260622_124619.mp4
2026-06-22 12:46:23,840 - WARNING - 【存储切换】U盘不可用(未找到拥有写入权限的U盘)，切换本地存储：/home/kongbin/record_backup
2026-06-22 12:46:24,141 - INFO - 【容量校验】全部录像总大小:1.36GB，上限阈值:4GB
2026-06-22 12:46:53,844 - WARNING - 【存储切换】U盘不可用(未找到拥有写入权限的U盘)，切换本地存储：/home/kongbin/record_backup
2026-06-22 12:46:54,146 - INFO - 【容量校验】全部录像总大小:1.37GB，上限阈值:4GB
2026-06-22 12:47:23,861 - WARNING - 【存储切换】U盘不可用(未找到拥有写入权限的U盘)，切换本地存储：/home/kongbin/record_backup
2026-06-22 12:47:24,162 - INFO - 【容量校验】全部录像总大小:1.38GB，上限阈值:4GB
2026-06-22 12:47:53,839 - WARNING - 【存储切换】U盘不可用(未找到拥有写入权限的U盘)，切换本地存储：/home/kongbin/record_backup
2026-06-22 12:47:54,141 - INFO - 【容量校验】全部录像总大小:1.38GB，上限阈值:4GB
2026-06-22 12:48:19,379 - INFO - 达到分段时长，新建录像文件
2026-06-22 12:48:19,380 - INFO - 【录像创建成功】文件路径：/home/kongbin/record_backup/20260622_124819.mp4
2026-06-22 12:48:23,854 - WARNING - 【存储切换】U盘不可用(未找到拥有写入权限的U盘)，切换本地存储：/home/kongbin/record_backup
2026-06-22 12:48:24,155 - INFO - 【容量校验】全部录像总大小:1.39GB，上限阈值:4GB
2026-06-22 12:48:53,829 - WARNING - 【存储切换】U盘不可用(未找到拥有写入权限的U盘)，切换本地存储：/home/kongbin/record_backup
2026-06-22 12:48:54,130 - INFO - 【容量校验】全部录像总大小:1.39GB，上限阈值:4GB
2026-06-22 12:49:23,848 - WARNING - 【存储切换】U盘不可用(未找到拥有写入权限的U盘)，切换本地存储：/home/kongbin/record_backup
2026-06-22 12:49:24,149 - INFO - 【容量校验】全部录像总大小:1.40GB，上限阈值:4GB
2026-06-22 12:49:53,853 - WARNING - 【存储切换】U盘不可用(未找到拥有写入权限的U盘)，切换本地存储：/home/kongbin/record_backup
2026-06-22 12:49:54,154 - INFO - 【容量校验】全部录像总大小:1.41GB，上限阈值:4GB
2026-06-22 12:50:19,394 - INFO - 达到分段时长，新建录像文件
2026-06-22 12:50:19,395 - INFO - 【录像创建成功】文件路径：/home/kongbin/record_backup/20260622_125019.mp4
2026-06-22 12:50:23,840 - WARNING - 【存储切换】U盘不可用(未找到拥有写入权限的U盘)，切换本地存储：/home/kongbin/record_backup
2026-06-22 12:50:24,141 - INFO - 【容量校验】全部录像总大小:1.41GB，上限阈值:4GB
2026-06-22 12:50:53,840 - WARNING - 【存储切换】U盘不可用(未找到拥有写入权限的U盘)，切换本地存储：/home/kongbin/record_backup
2026-06-22 12:50:54,141 - INFO - 【容量校验】全部录像总大小:1.42GB，上限阈值:4GB
2026-06-22 12:51:23,834 - WARNING - 【存储切换】U盘不可用(未找到拥有写入权限的U盘)，切换本地存储：/home/kongbin/record_backup
2026-06-22 12:51:24,135 - INFO - 【容量校验】全部录像总大小:1.42GB，上限阈值:4GB
2026-06-22 12:51:53,861 - WARNING - 【存储切换】U盘不可用(未找到拥有写入权限的U盘)，切换本地存储：/home/kongbin/record_backup
2026-06-22 12:51:54,162 - INFO - 【容量校验】全部录像总大小:1.43GB，上限阈值:4GB
2026-06-22 12:52:19,415 - INFO - 达到分段时长，新建录像文件
2026-06-22 12:52:19,416 - INFO - 【录像创建成功】文件路径：/home/kongbin/record_backup/20260622_125219.mp4
2026-06-22 12:52:23,858 - WARNING - 【存储切换】U盘不可用(未找到拥有写入权限的U盘)，切换本地存储：/home/kongbin/record_backup
2026-06-22 12:52:24,159 - INFO - 【容量校验】全部录像总大小:1.44GB，上限阈值:4GB
2026-06-22 12:52:53,845 - WARNING - 【存储切换】U盘不可用(未找到拥有写入权限的U盘)，切换本地存储：/home/kongbin/record_backup
2026-06-22 12:52:54,146 - INFO - 【容量校验】全部录像总大小:1.44GB，上限阈值:4GB
2026-06-22 12:53:23,847 - WARNING - 【存储切换】U盘不可用(未找到拥有写入权限的U盘)，切换本地存储：/home/kongbin/record_backup
2026-06-22 12:53:24,148 - INFO - 【容量校验】全部录像总大小:1.45GB，上限阈值:4GB
2026-06-22 12:53:53,842 - WARNING - 【存储切换】U盘不可用(未找到拥有写入权限的U盘)，切换本地存储：/home/kongbin/record_backup
2026-06-22 12:53:54,143 - INFO - 【容量校验】全部录像总大小:1.45GB，上限阈值:4GB
2026-06-22 12:54:19,428 - INFO - 达到分段时长，新建录像文件
2026-06-22 12:54:19,429 - INFO - 【录像创建成功】文件路径：/home/kongbin/record_backup/20260622_125419.mp4
2026-06-22 12:54:23,870 - WARNING - 【存储切换】U盘不可用(未找到拥有写入权限的U盘)，切换本地存储：/home/kongbin/record_backup
2026-06-22 12:54:24,172 - INFO - 【容量校验】全部录像总大小:1.46GB，上限阈值:4GB
2026-06-22 12:54:53,824 - WARNING - 【存储切换】U盘不可用(未找到拥有写入权限的U盘)，切换本地存储：/home/kongbin/record_backup
2026-06-22 12:54:54,126 - INFO - 【容量校验】全部录像总大小:1.46GB，上限阈值:4GB
2026-06-22 12:55:23,826 - WARNING - 【存储切换】U盘不可用(未找到拥有写入权限的U盘)，切换本地存储：/home/kongbin/record_backup
2026-06-22 12:55:24,127 - INFO - 【容量校验】全部录像总大小:1.47GB，上限阈值:4GB
2026-06-22 12:55:53,850 - WARNING - 【存储切换】U盘不可用(未找到拥有写入权限的U盘)，切换本地存储：/home/kongbin/record_backup
2026-06-22 12:55:54,151 - INFO - 【容量校验】全部录像总大小:1.48GB，上限阈值:4GB
2026-06-22 12:56:19,441 - INFO - 达到分段时长，新建录像文件
2026-06-22 12:56:19,442 - INFO - 【录像创建成功】文件路径：/home/kongbin/record_backup/20260622_125619.mp4
2026-06-22 12:56:23,848 - WARNING - 【存储切换】U盘不可用(未找到拥有写入权限的U盘)，切换本地存储：/home/kongbin/record_backup
2026-06-22 12:56:24,149 - INFO - 【容量校验】全部录像总大小:1.48GB，上限阈值:4GB
2026-06-22 12:56:53,844 - WARNING - 【存储切换】U盘不可用(未找到拥有写入权限的U盘)，切换本地存储：/home/kongbin/record_backup
2026-06-22 12:56:54,145 - INFO - 【容量校验】全部录像总大小:1.49GB，上限阈值:4GB
2026-06-22 12:57:23,837 - WARNING - 【存储切换】U盘不可用(未找到拥有写入权限的U盘)，切换本地存储：/home/kongbin/record_backup
2026-06-22 12:57:24,138 - INFO - 【容量校验】全部录像总大小:1.49GB，上限阈值:4GB
2026-06-22 12:57:53,867 - WARNING - 【存储切换】U盘不可用(未找到拥有写入权限的U盘)，切换本地存储：/home/kongbin/record_backup
2026-06-22 12:57:54,168 - INFO - 【容量校验】全部录像总大小:1.50GB，上限阈值:4GB
2026-06-22 12:58:19,444 - INFO - 达到分段时长，新建录像文件
2026-06-22 12:58:19,444 - INFO - 【录像创建成功】文件路径：/home/kongbin/record_backup/20260622_125819.mp4
2026-06-22 12:58:23,849 - WARNING - 【存储切换】U盘不可用(未找到拥有写入权限的U盘)，切换本地存储：/home/kongbin/record_backup
2026-06-22 12:58:24,150 - INFO - 【容量校验】全部录像总大小:1.51GB，上限阈值:4GB
2026-06-22 12:58:53,821 - WARNING - 【存储切换】U盘不可用(未找到拥有写入权限的U盘)，切换本地存储：/home/kongbin/record_backup
2026-06-22 12:58:54,122 - INFO - 【容量校验】全部录像总大小:1.51GB，上限阈值:4GB
2026-06-22 12:59:23,850 - WARNING - 【存储切换】U盘不可用(未找到拥有写入权限的U盘)，切换本地存储：/home/kongbin/record_backup
2026-06-22 12:59:24,151 - INFO - 【容量校验】全部录像总大小:1.52GB，上限阈值:4GB
2026-06-22 12:59:53,850 - WARNING - 【存储切换】U盘不可用(未找到拥有写入权限的U盘)，切换本地存储：/home/kongbin/record_backup
2026-06-22 12:59:54,151 - INFO - 【容量校验】全部录像总大小:1.52GB，上限阈值:4GB
2026-06-22 13:00:19,456 - INFO - 达到分段时长，新建录像文件
2026-06-22 13:00:19,456 - INFO - 【录像创建成功】文件路径：/home/kongbin/record_backup/20260622_130019.mp4
2026-06-22 13:00:23,830 - WARNING - 【存储切换】U盘不可用(未找到拥有写入权限的U盘)，切换本地存储：/home/kongbin/record_backup
2026-06-22 13:00:24,131 - INFO - 【容量校验】全部录像总大小:1.53GB，上限阈值:4GB
2026-06-22 13:00:53,833 - WARNING - 【存储切换】U盘不可用(未找到拥有写入权限的U盘)，切换本地存储：/home/kongbin/record_backup
2026-06-22 13:00:54,134 - INFO - 【容量校验】全部录像总大小:1.54GB，上限阈值:4GB
2026-06-22 13:01:23,858 - WARNING - 【存储切换】U盘不可用(未找到拥有写入权限的U盘)，切换本地存储：/home/kongbin/record_backup
2026-06-22 13:01:24,159 - INFO - 【容量校验】全部录像总大小:1.54GB，上限阈值:4GB
2026-06-22 13:01:53,852 - WARNING - 【存储切换】U盘不可用(未找到拥有写入权限的U盘)，切换本地存储：/home/kongbin/record_backup
2026-06-22 13:01:54,153 - INFO - 【容量校验】全部录像总大小:1.55GB，上限阈值:4GB
2026-06-22 13:02:19,473 - INFO - 达到分段时长，新建录像文件
2026-06-22 13:02:19,473 - INFO - 【录像创建成功】文件路径：/home/kongbin/record_backup/20260622_130219.mp4
2026-06-22 13:02:23,850 - WARNING - 【存储切换】U盘不可用(未找到拥有写入权限的U盘)，切换本地存储：/home/kongbin/record_backup
2026-06-22 13:02:24,151 - INFO - 【容量校验】全部录像总大小:1.55GB，上限阈值:4GB
2026-06-22 13:02:53,844 - WARNING - 【存储切换】U盘不可用(未找到拥有写入权限的U盘)，切换本地存储：/home/kongbin/record_backup
2026-06-22 13:02:54,146 - INFO - 【容量校验】全部录像总大小:1.56GB，上限阈值:4GB
2026-06-22 13:03:23,840 - WARNING - 【存储切换】U盘不可用(未找到拥有写入权限的U盘)，切换本地存储：/home/kongbin/record_backup
2026-06-22 13:03:24,141 - INFO - 【容量校验】全部录像总大小:1.57GB，上限阈值:4GB
2026-06-22 13:03:53,856 - WARNING - 【存储切换】U盘不可用(未找到拥有写入权限的U盘)，切换本地存储：/home/kongbin/record_backup
2026-06-22 13:03:54,157 - INFO - 【容量校验】全部录像总大小:1.57GB，上限阈值:4GB
2026-06-22 13:04:19,483 - INFO - 达到分段时长，新建录像文件
2026-06-22 13:04:19,484 - INFO - 【录像创建成功】文件路径：/home/kongbin/record_backup/20260622_130419.mp4
2026-06-22 13:04:23,856 - WARNING - 【存储切换】U盘不可用(未找到拥有写入权限的U盘)，切换本地存储：/home/kongbin/record_backup
2026-06-22 13:04:24,157 - INFO - 【容量校验】全部录像总大小:1.58GB，上限阈值:4GB
2026-06-22 13:04:53,850 - WARNING - 【存储切换】U盘不可用(未找到拥有写入权限的U盘)，切换本地存储：/home/kongbin/record_backup
2026-06-22 13:04:54,152 - INFO - 【容量校验】全部录像总大小:1.58GB，上限阈值:4GB
2026-06-22 13:05:23,846 - WARNING - 【存储切换】U盘不可用(未找到拥有写入权限的U盘)，切换本地存储：/home/kongbin/record_backup
2026-06-22 13:05:24,148 - INFO - 【容量校验】全部录像总大小:1.59GB，上限阈值:4GB
2026-06-22 13:05:53,842 - WARNING - 【存储切换】U盘不可用(未找到拥有写入权限的U盘)，切换本地存储：/home/kongbin/record_backup
2026-06-22 13:05:54,143 - INFO - 【容量校验】全部录像总大小:1.60GB，上限阈值:4GB
2026-06-22 13:06:19,493 - INFO - 达到分段时长，新建录像文件
2026-06-22 13:06:19,493 - INFO - 【录像创建成功】文件路径：/home/kongbin/record_backup/20260622_130619.mp4
2026-06-22 13:06:23,835 - WARNING - 【存储切换】U盘不可用(未找到拥有写入权限的U盘)，切换本地存储：/home/kongbin/record_backup
2026-06-22 13:06:24,136 - INFO - 【容量校验】全部录像总大小:1.60GB，上限阈值:4GB
2026-06-22 13:06:53,831 - WARNING - 【存储切换】U盘不可用(未找到拥有写入权限的U盘)，切换本地存储：/home/kongbin/record_backup
2026-06-22 13:06:54,132 - INFO - 【容量校验】全部录像总大小:1.61GB，上限阈值:4GB
2026-06-22 13:07:23,823 - WARNING - 【存储切换】U盘不可用(未找到拥有写入权限的U盘)，切换本地存储：/home/kongbin/record_backup
2026-06-22 13:07:24,124 - INFO - 【容量校验】全部录像总大小:1.61GB，上限阈值:4GB
2026-06-22 13:07:53,847 - WARNING - 【存储切换】U盘不可用(未找到拥有写入权限的U盘)，切换本地存储：/home/kongbin/record_backup
2026-06-22 13:07:54,149 - INFO - 【容量校验】全部录像总大小:1.62GB，上限阈值:4GB
2026-06-22 13:08:19,503 - INFO - 达到分段时长，新建录像文件
2026-06-22 13:08:19,504 - INFO - 【录像创建成功】文件路径：/home/kongbin/record_backup/20260622_130819.mp4
2026-06-22 13:08:23,848 - WARNING - 【存储切换】U盘不可用(未找到拥有写入权限的U盘)，切换本地存储：/home/kongbin/record_backup
2026-06-22 13:08:24,150 - INFO - 【容量校验】全部录像总大小:1.63GB，上限阈值:4GB
2026-06-22 13:08:53,840 - WARNING - 【存储切换】U盘不可用(未找到拥有写入权限的U盘)，切换本地存储：/home/kongbin/record_backup
2026-06-22 13:08:54,141 - INFO - 【容量校验】全部录像总大小:1.63GB，上限阈值:4GB
2026-06-22 13:09:23,862 - WARNING - 【存储切换】U盘不可用(未找到拥有写入权限的U盘)，切换本地存储：/home/kongbin/record_backup
2026-06-22 13:09:24,164 - INFO - 【容量校验】全部录像总大小:1.64GB，上限阈值:4GB
2026-06-22 13:09:53,828 - WARNING - 【存储切换】U盘不可用(未找到拥有写入权限的U盘)，切换本地存储：/home/kongbin/record_backup
2026-06-22 13:09:54,129 - INFO - 【容量校验】全部录像总大小:1.64GB，上限阈值:4GB
2026-06-22 13:10:19,516 - INFO - 达到分段时长，新建录像文件
2026-06-22 13:10:19,517 - INFO - 【录像创建成功】文件路径：/home/kongbin/record_backup/20260622_131019.mp4
2026-06-22 13:10:23,822 - WARNING - 【存储切换】U盘不可用(未找到拥有写入权限的U盘)，切换本地存储：/home/kongbin/record_backup
2026-06-22 13:10:24,123 - INFO - 【容量校验】全部录像总大小:1.65GB，上限阈值:4GB
2026-06-22 13:10:53,847 - WARNING - 【存储切换】U盘不可用(未找到拥有写入权限的U盘)，切换本地存储：/home/kongbin/record_backup
2026-06-22 13:10:54,148 - INFO - 【容量校验】全部录像总大小:1.66GB，上限阈值:4GB
2026-06-22 13:11:23,845 - WARNING - 【存储切换】U盘不可用(未找到拥有写入权限的U盘)，切换本地存储：/home/kongbin/record_backup
2026-06-22 13:11:24,146 - INFO - 【容量校验】全部录像总大小:1.66GB，上限阈值:4GB
2026-06-22 13:11:53,838 - WARNING - 【存储切换】U盘不可用(未找到拥有写入权限的U盘)，切换本地存储：/home/kongbin/record_backup
2026-06-22 13:11:54,139 - INFO - 【容量校验】全部录像总大小:1.67GB，上限阈值:4GB
2026-06-22 13:12:19,524 - INFO - 达到分段时长，新建录像文件
2026-06-22 13:12:19,525 - INFO - 【录像创建成功】文件路径：/home/kongbin/record_backup/20260622_131219.mp4
2026-06-22 13:12:23,832 - WARNING - 【存储切换】U盘不可用(未找到拥有写入权限的U盘)，切换本地存储：/home/kongbin/record_backup
2026-06-22 13:12:24,133 - INFO - 【容量校验】全部录像总大小:1.67GB，上限阈值:4GB
2026-06-22 13:12:53,857 - WARNING - 【存储切换】U盘不可用(未找到拥有写入权限的U盘)，切换本地存储：/home/kongbin/record_backup
2026-06-22 13:12:54,158 - INFO - 【容量校验】全部录像总大小:1.68GB，上限阈值:4GB
2026-06-22 13:13:23,851 - WARNING - 【存储切换】U盘不可用(未找到拥有写入权限的U盘)，切换本地存储：/home/kongbin/record_backup
2026-06-22 13:13:24,153 - INFO - 【容量校验】全部录像总大小:1.69GB，上限阈值:4GB
2026-06-22 13:13:53,849 - WARNING - 【存储切换】U盘不可用(未找到拥有写入权限的U盘)，切换本地存储：/home/kongbin/record_backup
2026-06-22 13:13:54,150 - INFO - 【容量校验】全部录像总大小:1.69GB，上限阈值:4GB
2026-06-22 13:14:19,536 - INFO - 达到分段时长，新建录像文件
2026-06-22 13:14:19,537 - INFO - 【录像创建成功】文件路径：/home/kongbin/record_backup/20260622_131419.mp4
2026-06-22 13:14:23,876 - WARNING - 【存储切换】U盘不可用(未找到拥有写入权限的U盘)，切换本地存储：/home/kongbin/record_backup
2026-06-22 13:14:24,177 - INFO - 【容量校验】全部录像总大小:1.70GB，上限阈值:4GB
2026-06-22 13:14:53,844 - WARNING - 【存储切换】U盘不可用(未找到拥有写入权限的U盘)，切换本地存储：/home/kongbin/record_backup
2026-06-22 13:14:54,145 - INFO - 【容量校验】全部录像总大小:1.70GB，上限阈值:4GB
2026-06-22 13:15:23,836 - WARNING - 【存储切换】U盘不可用(未找到拥有写入权限的U盘)，切换本地存储：/home/kongbin/record_backup
2026-06-22 13:15:24,137 - INFO - 【容量校验】全部录像总大小:1.71GB，上限阈值:4GB
2026-06-22 13:15:53,833 - WARNING - 【存储切换】U盘不可用(未找到拥有写入权限的U盘)，切换本地存储：/home/kongbin/record_backup
2026-06-22 13:15:54,134 - INFO - 【容量校验】全部录像总大小:1.72GB，上限阈值:4GB
2026-06-22 13:16:19,552 - INFO - 达到分段时长，新建录像文件
2026-06-22 13:16:19,552 - INFO - 【录像创建成功】文件路径：/home/kongbin/record_backup/20260622_131619.mp4
2026-06-22 13:16:23,828 - WARNING - 【存储切换】U盘不可用(未找到拥有写入权限的U盘)，切换本地存储：/home/kongbin/record_backup
2026-06-22 13:16:24,130 - INFO - 【容量校验】全部录像总大小:1.72GB，上限阈值:4GB
2026-06-22 13:16:53,859 - WARNING - 【存储切换】U盘不可用(未找到拥有写入权限的U盘)，切换本地存储：/home/kongbin/record_backup
2026-06-22 13:16:54,160 - INFO - 【容量校验】全部录像总大小:1.73GB，上限阈值:4GB
2026-06-22 13:17:23,850 - WARNING - 【存储切换】U盘不可用(未找到拥有写入权限的U盘)，切换本地存储：/home/kongbin/record_backup
2026-06-22 13:17:24,151 - INFO - 【容量校验】全部录像总大小:1.73GB，上限阈值:4GB
2026-06-22 13:17:53,850 - WARNING - 【存储切换】U盘不可用(未找到拥有写入权限的U盘)，切换本地存储：/home/kongbin/record_backup
2026-06-22 13:17:54,151 - INFO - 【容量校验】全部录像总大小:1.74GB，上限阈值:4GB
2026-06-22 13:18:19,570 - INFO - 达到分段时长，新建录像文件
2026-06-22 13:18:19,571 - INFO - 【录像创建成功】文件路径：/home/kongbin/record_backup/20260622_131819.mp4
2026-06-22 13:18:23,845 - WARNING - 【存储切换】U盘不可用(未找到拥有写入权限的U盘)，切换本地存储：/home/kongbin/record_backup
2026-06-22 13:18:24,146 - INFO - 【容量校验】全部录像总大小:1.75GB，上限阈值:4GB
2026-06-22 13:18:53,841 - WARNING - 【存储切换】U盘不可用(未找到拥有写入权限的U盘)，切换本地存储：/home/kongbin/record_backup
2026-06-22 13:18:54,143 - INFO - 【容量校验】全部录像总大小:1.75GB，上限阈值:4GB
2026-06-22 13:19:23,836 - WARNING - 【存储切换】U盘不可用(未找到拥有写入权限的U盘)，切换本地存储：/home/kongbin/record_backup
2026-06-22 13:19:24,137 - INFO - 【容量校验】全部录像总大小:1.76GB，上限阈值:4GB
2026-06-22 13:19:53,831 - WARNING - 【存储切换】U盘不可用(未找到拥有写入权限的U盘)，切换本地存储：/home/kongbin/record_backup
2026-06-22 13:19:54,132 - INFO - 【容量校验】全部录像总大小:1.76GB，上限阈值:4GB
2026-06-22 13:20:19,582 - INFO - 达到分段时长，新建录像文件
2026-06-22 13:20:19,583 - INFO - 【录像创建成功】文件路径：/home/kongbin/record_backup/20260622_132019.mp4
2026-06-22 13:20:23,827 - WARNING - 【存储切换】U盘不可用(未找到拥有写入权限的U盘)，切换本地存储：/home/kongbin/record_backup
2026-06-22 13:20:24,128 - INFO - 【容量校验】全部录像总大小:1.77GB，上限阈值:4GB
2026-06-22 13:20:53,822 - WARNING - 【存储切换】U盘不可用(未找到拥有写入权限的U盘)，切换本地存储：/home/kongbin/record_backup
2026-06-22 13:20:54,123 - INFO - 【容量校验】全部录像总大小:1.77GB，上限阈值:4GB
2026-06-22 13:21:23,820 - WARNING - 【存储切换】U盘不可用(未找到拥有写入权限的U盘)，切换本地存储：/home/kongbin/record_backup
2026-06-22 13:21:24,121 - INFO - 【容量校验】全部录像总大小:1.78GB，上限阈值:4GB
2026-06-22 13:21:53,845 - WARNING - 【存储切换】U盘不可用(未找到拥有写入权限的U盘)，切换本地存储：/home/kongbin/record_backup
2026-06-22 13:21:54,146 - INFO - 【容量校验】全部录像总大小:1.79GB，上限阈值:4GB
2026-06-22 13:22:19,598 - INFO - 达到分段时长，新建录像文件
2026-06-22 13:22:19,599 - INFO - 【录像创建成功】文件路径：/home/kongbin/record_backup/20260622_132219.mp4
2026-06-22 13:22:23,869 - WARNING - 【存储切换】U盘不可用(未找到拥有写入权限的U盘)，切换本地存储：/home/kongbin/record_backup
2026-06-22 13:22:24,171 - INFO - 【容量校验】全部录像总大小:1.79GB，上限阈值:4GB
2026-06-22 13:22:53,865 - WARNING - 【存储切换】U盘不可用(未找到拥有写入权限的U盘)，切换本地存储：/home/kongbin/record_backup
2026-06-22 13:22:54,166 - INFO - 【容量校验】全部录像总大小:1.80GB，上限阈值:4GB
2026-06-22 13:23:23,859 - WARNING - 【存储切换】U盘不可用(未找到拥有写入权限的U盘)，切换本地存储：/home/kongbin/record_backup
2026-06-22 13:23:24,160 - INFO - 【容量校验】全部录像总大小:1.80GB，上限阈值:4GB
2026-06-22 13:23:53,826 - WARNING - 【存储切换】U盘不可用(未找到拥有写入权限的U盘)，切换本地存储：/home/kongbin/record_backup
2026-06-22 13:23:54,127 - INFO - 【容量校验】全部录像总大小:1.81GB，上限阈值:4GB
2026-06-22 13:24:19,612 - INFO - 达到分段时长，新建录像文件
2026-06-22 13:24:19,612 - INFO - 【录像创建成功】文件路径：/home/kongbin/record_backup/20260622_132419.mp4
2026-06-22 13:24:23,821 - WARNING - 【存储切换】U盘不可用(未找到拥有写入权限的U盘)，切换本地存储：/home/kongbin/record_backup
2026-06-22 13:24:24,122 - INFO - 【容量校验】全部录像总大小:1.82GB，上限阈值:4GB
2026-06-22 13:24:53,846 - WARNING - 【存储切换】U盘不可用(未找到拥有写入权限的U盘)，切换本地存储：/home/kongbin/record_backup
2026-06-22 13:24:54,148 - INFO - 【容量校验】全部录像总大小:1.82GB，上限阈值:4GB
2026-06-22 13:25:23,842 - WARNING - 【存储切换】U盘不可用(未找到拥有写入权限的U盘)，切换本地存储：/home/kongbin/record_backup
2026-06-22 13:25:24,143 - INFO - 【容量校验】全部录像总大小:1.83GB，上限阈值:4GB
2026-06-22 13:25:53,837 - WARNING - 【存储切换】U盘不可用(未找到拥有写入权限的U盘)，切换本地存储：/home/kongbin/record_backup
2026-06-22 13:25:54,139 - INFO - 【容量校验】全部录像总大小:1.83GB，上限阈值:4GB
2026-06-22 13:26:19,622 - INFO - 达到分段时长，新建录像文件
2026-06-22 13:26:19,622 - INFO - 【录像创建成功】文件路径：/home/kongbin/record_backup/20260622_132619.mp4
2026-06-22 13:26:23,831 - WARNING - 【存储切换】U盘不可用(未找到拥有写入权限的U盘)，切换本地存储：/home/kongbin/record_backup
2026-06-22 13:26:24,132 - INFO - 【容量校验】全部录像总大小:1.84GB，上限阈值:4GB
2026-06-22 13:26:53,826 - WARNING - 【存储切换】U盘不可用(未找到拥有写入权限的U盘)，切换本地存储：/home/kongbin/record_backup
2026-06-22 13:26:54,127 - INFO - 【容量校验】全部录像总大小:1.85GB，上限阈值:4GB
2026-06-22 13:27:23,822 - WARNING - 【存储切换】U盘不可用(未找到拥有写入权限的U盘)，切换本地存储：/home/kongbin/record_backup
2026-06-22 13:27:24,123 - INFO - 【容量校验】全部录像总大小:1.85GB，上限阈值:4GB
2026-06-22 13:27:53,849 - WARNING - 【存储切换】U盘不可用(未找到拥有写入权限的U盘)，切换本地存储：/home/kongbin/record_backup
2026-06-22 13:27:54,150 - INFO - 【容量校验】全部录像总大小:1.86GB，上限阈值:4GB
2026-06-22 13:28:19,634 - INFO - 达到分段时长，新建录像文件
2026-06-22 13:28:19,639 - INFO - 【录像创建成功】文件路径：/home/kongbin/record_backup/20260622_132819.mp4
2026-06-22 13:28:23,843 - WARNING - 【存储切换】U盘不可用(未找到拥有写入权限的U盘)，切换本地存储：/home/kongbin/record_backup
2026-06-22 13:28:24,144 - INFO - 【容量校验】全部录像总大小:1.86GB，上限阈值:4GB
2026-06-22 13:28:53,838 - WARNING - 【存储切换】U盘不可用(未找到拥有写入权限的U盘)，切换本地存储：/home/kongbin/record_backup
2026-06-22 13:28:54,140 - INFO - 【容量校验】全部录像总大小:1.87GB，上限阈值:4GB
2026-06-22 13:29:23,834 - WARNING - 【存储切换】U盘不可用(未找到拥有写入权限的U盘)，切换本地存储：/home/kongbin/record_backup
2026-06-22 13:29:24,135 - INFO - 【容量校验】全部录像总大小:1.87GB，上限阈值:4GB
2026-06-22 13:29:53,828 - WARNING - 【存储切换】U盘不可用(未找到拥有写入权限的U盘)，切换本地存储：/home/kongbin/record_backup
2026-06-22 13:29:54,129 - INFO - 【容量校验】全部录像总大小:1.88GB，上限阈值:4GB
2026-06-22 13:30:19,646 - INFO - 达到分段时长，新建录像文件
2026-06-22 13:30:19,647 - INFO - 【录像创建成功】文件路径：/home/kongbin/record_backup/20260622_133019.mp4
2026-06-22 13:30:23,852 - WARNING - 【存储切换】U盘不可用(未找到拥有写入权限的U盘)，切换本地存储：/home/kongbin/record_backup
2026-06-22 13:30:24,153 - INFO - 【容量校验】全部录像总大小:1.89GB，上限阈值:4GB
2026-06-22 13:30:53,850 - WARNING - 【存储切换】U盘不可用(未找到拥有写入权限的U盘)，切换本地存储：/home/kongbin/record_backup
2026-06-22 13:30:54,151 - INFO - 【容量校验】全部录像总大小:1.89GB，上限阈值:4GB
2026-06-22 13:31:23,846 - WARNING - 【存储切换】U盘不可用(未找到拥有写入权限的U盘)，切换本地存储：/home/kongbin/record_backup
2026-06-22 13:31:24,148 - INFO - 【容量校验】全部录像总大小:1.90GB，上限阈值:4GB
2026-06-22 13:31:53,839 - WARNING - 【存储切换】U盘不可用(未找到拥有写入权限的U盘)，切换本地存储：/home/kongbin/record_backup
2026-06-22 13:31:54,140 - INFO - 【容量校验】全部录像总大小:1.90GB，上限阈值:4GB
2026-06-22 13:32:19,658 - INFO - 达到分段时长，新建录像文件
2026-06-22 13:32:19,659 - INFO - 【录像创建成功】文件路径：/home/kongbin/record_backup/20260622_133219.mp4
2026-06-22 13:32:23,836 - WARNING - 【存储切换】U盘不可用(未找到拥有写入权限的U盘)，切换本地存储：/home/kongbin/record_backup
2026-06-22 13:32:24,138 - INFO - 【容量校验】全部录像总大小:1.91GB，上限阈值:4GB
2026-06-22 13:32:53,829 - WARNING - 【存储切换】U盘不可用(未找到拥有写入权限的U盘)，切换本地存储：/home/kongbin/record_backup
2026-06-22 13:32:54,130 - INFO - 【容量校验】全部录像总大小:1.92GB，上限阈值:4GB
2026-06-22 13:33:23,826 - WARNING - 【存储切换】U盘不可用(未找到拥有写入权限的U盘)，切换本地存储：/home/kongbin/record_backup
2026-06-22 13:33:24,127 - INFO - 【容量校验】全部录像总大小:1.92GB，上限阈值:4GB
2026-06-22 13:33:53,818 - WARNING - 【存储切换】U盘不可用(未找到拥有写入权限的U盘)，切换本地存储：/home/kongbin/record_backup
2026-06-22 13:33:54,119 - INFO - 【容量校验】全部录像总大小:1.93GB，上限阈值:4GB
2026-06-22 13:34:19,670 - INFO - 达到分段时长，新建录像文件
2026-06-22 13:34:19,671 - INFO - 【录像创建成功】文件路径：/home/kongbin/record_backup/20260622_133419.mp4
2026-06-22 13:34:23,846 - WARNING - 【存储切换】U盘不可用(未找到拥有写入权限的U盘)，切换本地存储：/home/kongbin/record_backup
2026-06-22 13:34:24,147 - INFO - 【容量校验】全部录像总大小:1.94GB，上限阈值:4GB
2026-06-22 13:34:53,839 - WARNING - 【存储切换】U盘不可用(未找到拥有写入权限的U盘)，切换本地存储：/home/kongbin/record_backup
2026-06-22 13:34:54,141 - INFO - 【容量校验】全部录像总大小:1.94GB，上限阈值:4GB
2026-06-22 13:34:58,365 - INFO - 停止录像
2026-06-22 13:35:23,859 - WARNING - 【存储切换】U盘不可用(未找到拥有写入权限的U盘)，切换本地存储：/home/kongbin/record_backup
2026-06-22 13:35:24,160 - INFO - 【容量校验】全部录像总大小:1.94GB，上限阈值:4GB
2026-06-22 13:35:53,856 - WARNING - 【存储切换】U盘不可用(未找到拥有写入权限的U盘)，切换本地存储：/home/kongbin/record_backup
2026-06-22 13:35:54,157 - INFO - 【容量校验】全部录像总大小:1.94GB，上限阈值:4GB
2026-06-22 13:36:23,851 - WARNING - 【存储切换】U盘不可用(未找到拥有写入权限的U盘)，切换本地存储：/home/kongbin/record_backup
2026-06-22 13:36:24,152 - INFO - 【容量校验】全部录像总大小:1.94GB，上限阈值:4GB
2026-06-22 13:36:53,849 - WARNING - 【存储切换】U盘不可用(未找到拥有写入权限的U盘)，切换本地存储：/home/kongbin/record_backup
2026-06-22 13:36:54,150 - INFO - 【容量校验】全部录像总大小:1.94GB，上限阈值:4GB
2026-06-22 13:37:23,844 - WARNING - 【存储切换】U盘不可用(未找到拥有写入权限的U盘)，切换本地存储：/home/kongbin/record_backup
2026-06-22 13:37:24,146 - INFO - 【容量校验】全部录像总大小:1.94GB，上限阈值:4GB
2026-06-22 13:37:53,838 - WARNING - 【存储切换】U盘不可用(未找到拥有写入权限的U盘)，切换本地存储：/home/kongbin/record_backup
2026-06-22 13:37:54,140 - INFO - 【容量校验】全部录像总大小:1.94GB，上限阈值:4GB
2026-06-22 13:38:23,832 - WARNING - 【存储切换】U盘不可用(未找到拥有写入权限的U盘)，切换本地存储：/home/kongbin/record_backup
2026-06-22 13:38:24,134 - INFO - 【容量校验】全部录像总大小:1.94GB，上限阈值:4GB
2026-06-22 13:38:53,828 - WARNING - 【存储切换】U盘不可用(未找到拥有写入权限的U盘)，切换本地存储：/home/kongbin/record_backup
2026-06-22 13:38:54,129 - INFO - 【容量校验】全部录像总大小:1.94GB，上限阈值:4GB
2026-06-22 13:40:30,388 - INFO - Initialization successful.
2026-06-22 13:40:30,391 - INFO - Camera now open.
2026-06-22 13:40:30,393 - INFO - Camera configuration has been adjusted!
2026-06-22 13:40:30,393 - INFO - Configuration successful!
2026-06-22 13:40:30,410 - INFO - Camera started
2026-06-22 13:40:30,444 - INFO - Initialization successful.
2026-06-22 13:40:30,444 - INFO - Camera now open.
2026-06-22 13:40:30,446 - INFO - Camera configuration has been adjusted!
2026-06-22 13:40:30,446 - INFO - Configuration successful!
2026-06-22 13:40:30,460 - INFO - Camera started
2026-06-22 13:40:30,460 - INFO - 双摄像头初始化成功
2026-06-22 13:41:44,569 - INFO - Initialization successful.
2026-06-22 13:41:44,569 - ERROR - Camera __init__ sequence did not complete.
2026-06-22 13:41:44,569 - ERROR - 摄像头初始化失败:Camera __init__ sequence did not complete.
2026-06-22 13:41:54,648 - WARNING - U盘挂载点 /media/kongbin/123 无写入权限，跳过：[Errno 5] 输入/输出错误
2026-06-22 13:41:54,649 - WARNING - 【存储切换】U盘不可用(未找到拥有写入权限的U盘)，切换本地存储：/home/kongbin/record_backup
2026-06-22 13:41:54,687 - INFO - Initialization successful.
2026-06-22 13:41:54,687 - INFO - Camera now open.
2026-06-22 13:41:54,690 - INFO - Camera configuration has been adjusted!
2026-06-22 13:41:54,691 - INFO - Configuration successful!
2026-06-22 13:41:54,705 - ERROR - 摄像头初始化失败:Failed to start camera: 无效的参数
2026-06-22 13:42:41,288 - INFO - Initialization successful.
2026-06-22 13:42:41,288 - INFO - Camera now open.
2026-06-22 13:42:41,290 - INFO - Camera configuration has been adjusted!
2026-06-22 13:42:41,290 - INFO - Configuration successful!
2026-06-22 13:42:41,305 - INFO - Camera started
2026-06-22 13:42:41,339 - INFO - Initialization successful.
2026-06-22 13:42:41,339 - INFO - Camera now open.
2026-06-22 13:42:41,341 - INFO - Camera configuration has been adjusted!
2026-06-22 13:42:41,341 - INFO - Configuration successful!
2026-06-22 13:42:41,355 - INFO - Camera started
2026-06-22 13:42:41,355 - INFO - 双摄像头初始化成功
2026-06-22 13:42:41,360 - WARNING - 【存储切换】U盘不可用(未找到拥有写入权限的U盘)，切换本地存储：/home/kongbin/record_backup
2026-06-22 13:42:58,705 - INFO - 模式切换按键触发
2026-06-22 13:42:59,048 - INFO - 模式切换按键触发
2026-06-22 13:42:59,649 - INFO - 模式切换按键触发
2026-06-22 13:42:59,924 - INFO - 模式切换按键触发
2026-06-22 13:43:01,831 - INFO - 模式切换按键触发
2026-06-22 13:43:02,199 - INFO - 模式切换按键触发
2026-06-22 13:43:05,709 - INFO - 模式切换按键触发
2026-06-22 13:43:06,152 - INFO - 模式切换按键触发
2026-06-22 13:43:06,388 - INFO - 模式切换按键触发
2026-06-22 13:43:11,255 - WARNING - 【存储切换】U盘不可用(未找到拥有写入权限的U盘)，切换本地存储：/home/kongbin/record_backup
2026-06-22 13:43:11,557 - INFO - 【容量校验】全部录像总大小:1.94GB，上限阈值:4GB
2026-06-22 13:43:41,233 - WARNING - 【存储切换】U盘不可用(未找到拥有写入权限的U盘)，切换本地存储：/home/kongbin/record_backup
2026-06-22 13:43:41,534 - INFO - 【容量校验】全部录像总大小:1.94GB，上限阈值:4GB
2026-06-22 13:44:11,251 - WARNING - 【存储切换】U盘不可用(未找到拥有写入权限的U盘)，切换本地存储：/home/kongbin/record_backup
2026-06-22 13:44:11,554 - INFO - 【容量校验】全部录像总大小:1.94GB，上限阈值:4GB
2026-06-22 13:44:41,248 - WARNING - 【存储切换】U盘不可用(未找到拥有写入权限的U盘)，切换本地存储：/home/kongbin/record_backup
2026-06-22 13:44:41,549 - INFO - 【容量校验】全部录像总大小:1.94GB，上限阈值:4GB
2026-06-22 13:45:11,249 - WARNING - 【存储切换】U盘不可用(未找到拥有写入权限的U盘)，切换本地存储：/home/kongbin/record_backup
2026-06-22 13:45:11,551 - INFO - 【容量校验】全部录像总大小:1.94GB，上限阈值:4GB
2026-06-22 13:45:41,253 - WARNING - 【存储切换】U盘不可用(未找到拥有写入权限的U盘)，切换本地存储：/home/kongbin/record_backup
2026-06-22 13:45:41,554 - INFO - 【容量校验】全部录像总大小:0.00GB，上限阈值:4GB
2026-06-22 13:46:11,252 - WARNING - 【存储切换】U盘不可用(未找到拥有写入权限的U盘)，切换本地存储：/home/kongbin/record_backup
2026-06-22 13:46:11,553 - INFO - 【容量校验】全部录像总大小:0.00GB，上限阈值:4GB
2026-06-22 13:46:41,243 - WARNING - 【存储切换】U盘不可用(未找到拥有写入权限的U盘)，切换本地存储：/home/kongbin/record_backup
2026-06-22 13:46:41,544 - INFO - 【容量校验】全部录像总大小:0.00GB，上限阈值:4GB
2026-06-22 13:47:08,960 - INFO - Camera stopped
2026-06-22 13:47:08,964 - INFO - Camera stopped
2026-06-22 13:47:09,066 - INFO - 程序正常退出，资源全部释放
2026-06-22 13:47:56,698 - INFO - Initialization successful.
2026-06-22 13:47:56,698 - INFO - Camera now open.
2026-06-22 13:47:56,700 - INFO - Camera configuration has been adjusted!
2026-06-22 13:47:56,700 - INFO - Configuration successful!
2026-06-22 13:47:56,713 - INFO - Camera started
2026-06-22 13:47:56,747 - INFO - Initialization successful.
2026-06-22 13:47:56,747 - INFO - Camera now open.
2026-06-22 13:47:56,749 - INFO - Camera configuration has been adjusted!
2026-06-22 13:47:56,749 - INFO - Configuration successful!
2026-06-22 13:47:56,764 - INFO - Camera started
2026-06-22 13:47:56,764 - INFO - 双摄像头初始化成功
2026-06-22 13:49:20,857 - WARNING - U盘挂载点 /media/kongbin/123 无写入权限，跳过：[Errno 2] 没有那个文件或目录: '/media/kongbin/123/.write_test.tmp'
2026-06-22 13:49:20,857 - WARNING - 【存储切换】U盘不可用(未找到拥有写入权限的U盘)，切换本地存储：/home/kongbin/record_backup
2026-06-22 13:49:25,893 - INFO - 【录像创建成功】文件路径：/home/kongbin/record_backup/20260622_134925.mp4
2026-06-22 13:49:25,893 - INFO - 开始录像，文件:/home/kongbin/record_backup/20260622_134925.mp4
2026-06-22 13:49:35,766 - INFO - 停止录像
2026-06-22 13:49:41,837 - INFO - 【录像创建成功】文件路径：/home/kongbin/record_backup/20260622_134941.mp4
2026-06-22 13:49:41,838 - INFO - 开始录像，文件:/home/kongbin/record_backup/20260622_134941.mp4
2026-06-22 13:49:46,657 - INFO - 停止录像
2026-06-22 13:49:51,270 - WARNING - 【存储切换】U盘不可用(未找到拥有写入权限的U盘)，切换本地存储：/home/kongbin/record_backup
2026-06-22 13:49:51,570 - INFO - 【容量校验】全部录像总大小:0.00GB，上限阈值:4GB
2026-06-22 13:50:21,270 - WARNING - 【存储切换】U盘不可用(未找到拥有写入权限的U盘)，切换本地存储：/home/kongbin/record_backup
2026-06-22 13:50:21,571 - INFO - 【容量校验】全部录像总大小:0.00GB，上限阈值:4GB
2026-06-22 13:50:51,253 - WARNING - 【存储切换】U盘不可用(未找到拥有写入权限的U盘)，切换本地存储：/home/kongbin/record_backup
2026-06-22 13:50:51,554 - INFO - 【容量校验】全部录像总大小:0.00GB，上限阈值:4GB
2026-06-22 13:51:21,265 - WARNING - 【存储切换】U盘不可用(未找到拥有写入权限的U盘)，切换本地存储：/home/kongbin/record_backup
2026-06-22 13:51:21,566 - INFO - 【容量校验】全部录像总大小:0.00GB，上限阈值:4GB
2026-06-22 13:51:51,242 - WARNING - 【存储切换】U盘不可用(未找到拥有写入权限的U盘)，切换本地存储：/home/kongbin/record_backup
2026-06-22 13:51:51,543 - INFO - 【容量校验】全部录像总大小:0.00GB，上限阈值:4GB
2026-06-22 13:52:21,236 - WARNING - 【存储切换】U盘不可用(未找到拥有写入权限的U盘)，切换本地存储：/home/kongbin/record_backup
2026-06-22 13:52:21,537 - INFO - 【容量校验】全部录像总大小:0.00GB，上限阈值:4GB
2026-06-22 13:52:51,224 - WARNING - 【存储切换】U盘不可用(未找到拥有写入权限的U盘)，切换本地存储：/home/kongbin/record_backup
2026-06-22 13:52:51,525 - INFO - 【容量校验】全部录像总大小:0.00GB，上限阈值:4GB
2026-06-22 13:53:21,249 - WARNING - 【存储切换】U盘不可用(未找到拥有写入权限的U盘)，切换本地存储：/home/kongbin/record_backup
2026-06-22 13:53:21,550 - INFO - 【容量校验】全部录像总大小:0.00GB，上限阈值:4GB
2026-06-22 13:53:51,255 - WARNING - 【存储切换】U盘不可用(未找到拥有写入权限的U盘)，切换本地存储：/home/kongbin/record_backup
2026-06-22 13:53:51,556 - INFO - 【容量校验】全部录像总大小:0.00GB，上限阈值:4GB
2026-06-22 13:54:21,230 - WARNING - 【存储切换】U盘不可用(未找到拥有写入权限的U盘)，切换本地存储：/home/kongbin/record_backup
2026-06-22 13:54:21,531 - INFO - 【容量校验】全部录像总大小:0.00GB，上限阈值:4GB
2026-06-22 13:54:51,250 - WARNING - 【存储切换】U盘不可用(未找到拥有写入权限的U盘)，切换本地存储：/home/kongbin/record_backup
2026-06-22 13:54:51,551 - INFO - 【容量校验】全部录像总大小:0.00GB，上限阈值:4GB
2026-06-22 13:55:21,245 - WARNING - 【存储切换】U盘不可用(未找到拥有写入权限的U盘)，切换本地存储：/home/kongbin/record_backup
2026-06-22 13:55:21,546 - INFO - 【容量校验】全部录像总大小:0.00GB，上限阈值:4GB
2026-06-22 13:55:51,262 - WARNING - 【存储切换】U盘不可用(未找到拥有写入权限的U盘)，切换本地存储：/home/kongbin/record_backup
2026-06-22 13:55:51,563 - INFO - 【容量校验】全部录像总大小:0.00GB，上限阈值:4GB
2026-06-22 13:56:09,598 - INFO - Camera stopped
2026-06-22 13:56:09,602 - INFO - Camera stopped
2026-06-22 13:56:09,704 - INFO - 程序正常退出，资源全部释放
2026-06-22 13:56:19,096 - INFO - Initialization successful.
2026-06-22 13:56:19,096 - INFO - Camera now open.
2026-06-22 13:56:19,098 - INFO - Camera configuration has been adjusted!
2026-06-22 13:56:19,099 - INFO - Configuration successful!
2026-06-22 13:56:19,118 - INFO - Camera started
2026-06-22 13:56:19,152 - INFO - Initialization successful.
2026-06-22 13:56:19,152 - INFO - Camera now open.
2026-06-22 13:56:19,154 - INFO - Camera configuration has been adjusted!
2026-06-22 13:56:19,155 - INFO - Configuration successful!
2026-06-22 13:56:19,167 - INFO - Camera started
2026-06-22 13:56:19,167 - INFO - 双摄像头初始化成功
2026-06-22 13:56:19,173 - ERROR - U盘检测异常:Command 'lsblk -o MOUNTPOINT,FSTYPE | grep /media/' returned non-zero exit status 1.
2026-06-22 13:56:27,170 - INFO - 【录像创建成功】文件路径：/home/kongbin/record_backup/20260622_135627.mp4
2026-06-22 13:56:27,171 - INFO - 开始录像，文件:/home/kongbin/record_backup/20260622_135627.mp4
2026-06-22 13:56:34,524 - INFO - 停止录像
2026-06-22 13:56:48,194 - INFO - 【录像创建成功】文件路径：/home/kongbin/record_backup/20260622_135648.mp4
2026-06-22 13:56:48,195 - INFO - 开始录像，文件:/home/kongbin/record_backup/20260622_135648.mp4
2026-06-22 13:56:49,256 - ERROR - U盘检测异常:Command 'lsblk -o MOUNTPOINT,FSTYPE | grep /media/' returned non-zero exit status 1.
2026-06-22 13:56:49,557 - INFO - 【容量校验】全部录像总大小:0.01GB，上限阈值:4GB
2026-06-22 13:57:19,264 - ERROR - U盘检测异常:Command 'lsblk -o MOUNTPOINT,FSTYPE | grep /media/' returned non-zero exit status 1.
2026-06-22 13:57:19,565 - INFO - 【容量校验】全部录像总大小:0.01GB，上限阈值:4GB
2026-06-22 13:57:49,277 - ERROR - U盘检测异常:Command 'lsblk -o MOUNTPOINT,FSTYPE | grep /media/' returned non-zero exit status 1.
2026-06-22 13:57:49,578 - INFO - 【容量校验】全部录像总大小:0.02GB，上限阈值:4GB
2026-06-22 13:58:19,249 - ERROR - U盘检测异常:Command 'lsblk -o MOUNTPOINT,FSTYPE | grep /media/' returned non-zero exit status 1.
2026-06-22 13:58:19,549 - INFO - 【容量校验】全部录像总大小:0.03GB，上限阈值:4GB
2026-06-22 13:58:48,221 - INFO - 达到分段时长，新建录像文件
2026-06-22 13:58:48,222 - INFO - 【录像创建成功】文件路径：/home/kongbin/record_backup/20260622_135848.mp4
2026-06-22 13:58:49,260 - ERROR - U盘检测异常:Command 'lsblk -o MOUNTPOINT,FSTYPE | grep /media/' returned non-zero exit status 1.
2026-06-22 13:58:49,560 - INFO - 【容量校验】全部录像总大小:0.04GB，上限阈值:4GB
2026-06-22 13:59:19,267 - ERROR - U盘检测异常:Command 'lsblk -o MOUNTPOINT,FSTYPE | grep /media/' returned non-zero exit status 1.
2026-06-22 13:59:19,568 - INFO - 【容量校验】全部录像总大小:0.04GB，上限阈值:4GB
2026-06-22 13:59:49,248 - ERROR - U盘检测异常:Command 'lsblk -o MOUNTPOINT,FSTYPE | grep /media/' returned non-zero exit status 1.
2026-06-22 13:59:49,549 - INFO - 【容量校验】全部录像总大小:0.05GB，上限阈值:4GB
2026-06-22 14:00:19,252 - ERROR - U盘检测异常:Command 'lsblk -o MOUNTPOINT,FSTYPE | grep /media/' returned non-zero exit status 1.
2026-06-22 14:00:19,553 - INFO - 【容量校验】全部录像总大小:0.06GB，上限阈值:4GB
2026-06-22 14:00:48,256 - INFO - 达到分段时长，新建录像文件
2026-06-22 14:00:48,257 - INFO - 【录像创建成功】文件路径：/home/kongbin/record_backup/20260622_140048.mp4
2026-06-22 14:00:49,233 - ERROR - U盘检测异常:Command 'lsblk -o MOUNTPOINT,FSTYPE | grep /media/' returned non-zero exit status 1.
2026-06-22 14:00:49,534 - INFO - 【容量校验】全部录像总大小:0.06GB，上限阈值:4GB
2026-06-22 14:01:19,241 - ERROR - U盘检测异常:Command 'lsblk -o MOUNTPOINT,FSTYPE | grep /media/' returned non-zero exit status 1.
2026-06-22 14:01:19,542 - INFO - 【容量校验】全部录像总大小:0.07GB，上限阈值:4GB
2026-06-22 14:01:49,256 - ERROR - U盘检测异常:Command 'lsblk -o MOUNTPOINT,FSTYPE | grep /media/' returned non-zero exit status 1.
2026-06-22 14:01:49,557 - INFO - 【容量校验】全部录像总大小:0.08GB，上限阈值:4GB
2026-06-22 14:02:19,256 - ERROR - U盘检测异常:Command 'lsblk -o MOUNTPOINT,FSTYPE | grep /media/' returned non-zero exit status 1.
2026-06-22 14:02:19,557 - INFO - 【容量校验】全部录像总大小:0.09GB，上限阈值:4GB
2026-06-22 14:02:48,260 - INFO - 达到分段时长，新建录像文件
2026-06-22 14:02:48,260 - INFO - 【录像创建成功】文件路径：/home/kongbin/record_backup/20260622_140248.mp4
2026-06-22 14:02:49,237 - ERROR - U盘检测异常:Command 'lsblk -o MOUNTPOINT,FSTYPE | grep /media/' returned non-zero exit status 1.
2026-06-22 14:02:49,538 - INFO - 【容量校验】全部录像总大小:0.09GB，上限阈值:4GB
2026-06-22 14:03:19,247 - ERROR - U盘检测异常:Command 'lsblk -o MOUNTPOINT,FSTYPE | grep /media/' returned non-zero exit status 1.
2026-06-22 14:03:19,548 - INFO - 【容量校验】全部录像总大小:0.10GB，上限阈值:4GB
2026-06-22 14:03:49,257 - ERROR - U盘检测异常:Command 'lsblk -o MOUNTPOINT,FSTYPE | grep /media/' returned non-zero exit status 1.
2026-06-22 14:03:49,558 - INFO - 【容量校验】全部录像总大小:0.11GB，上限阈值:4GB
2026-06-22 14:04:19,229 - ERROR - U盘检测异常:Command 'lsblk -o MOUNTPOINT,FSTYPE | grep /media/' returned non-zero exit status 1.
2026-06-22 14:04:19,530 - INFO - 【容量校验】全部录像总大小:0.12GB，上限阈值:4GB
2026-06-22 14:04:48,263 - INFO - 达到分段时长，新建录像文件
2026-06-22 14:04:48,264 - INFO - 【录像创建成功】文件路径：/home/kongbin/record_backup/20260622_140448.mp4
2026-06-22 14:04:49,271 - ERROR - U盘检测异常:Command 'lsblk -o MOUNTPOINT,FSTYPE | grep /media/' returned non-zero exit status 1.
2026-06-22 14:04:49,572 - INFO - 【容量校验】全部录像总大小:0.12GB，上限阈值:4GB
2026-06-22 14:05:19,248 - ERROR - U盘检测异常:Command 'lsblk -o MOUNTPOINT,FSTYPE | grep /media/' returned non-zero exit status 1.
2026-06-22 14:05:19,549 - INFO - 【容量校验】全部录像总大小:0.13GB，上限阈值:4GB
2026-06-22 14:05:49,260 - ERROR - U盘检测异常:Command 'lsblk -o MOUNTPOINT,FSTYPE | grep /media/' returned non-zero exit status 1.
2026-06-22 14:05:49,561 - INFO - 【容量校验】全部录像总大小:0.14GB，上限阈值:4GB
2026-06-22 14:06:19,265 - ERROR - U盘检测异常:Command 'lsblk -o MOUNTPOINT,FSTYPE | grep /media/' returned non-zero exit status 1.
2026-06-22 14:06:19,566 - INFO - 【容量校验】全部录像总大小:0.14GB，上限阈值:4GB
2026-06-22 14:06:48,267 - INFO - 达到分段时长，新建录像文件
2026-06-22 14:06:48,268 - INFO - 【录像创建成功】文件路径：/home/kongbin/record_backup/20260622_140648.mp4
2026-06-22 14:06:49,245 - ERROR - U盘检测异常:Command 'lsblk -o MOUNTPOINT,FSTYPE | grep /media/' returned non-zero exit status 1.
2026-06-22 14:06:49,546 - INFO - 【容量校验】全部录像总大小:0.15GB，上限阈值:4GB
2026-06-22 14:07:08,615 - INFO - 停止录像
2026-06-22 14:07:19,262 - ERROR - U盘检测异常:Command 'lsblk -o MOUNTPOINT,FSTYPE | grep /media/' returned non-zero exit status 1.
2026-06-22 14:07:19,563 - INFO - 【容量校验】全部录像总大小:0.16GB，上限阈值:4GB
2026-06-22 14:07:49,240 - ERROR - U盘检测异常:Command 'lsblk -o MOUNTPOINT,FSTYPE | grep /media/' returned non-zero exit status 1.
2026-06-22 14:07:49,541 - INFO - 【容量校验】全部录像总大小:0.16GB，上限阈值:4GB
2026-06-22 14:08:19,233 - ERROR - U盘检测异常:Command 'lsblk -o MOUNTPOINT,FSTYPE | grep /media/' returned non-zero exit status 1.
2026-06-22 14:08:19,534 - INFO - 【容量校验】全部录像总大小:0.16GB，上限阈值:4GB
2026-06-22 14:08:49,255 - ERROR - U盘检测异常:Command 'lsblk -o MOUNTPOINT,FSTYPE | grep /media/' returned non-zero exit status 1.
2026-06-22 14:08:49,556 - INFO - 【容量校验】全部录像总大小:0.16GB，上限阈值:4GB
2026-06-22 14:09:19,250 - ERROR - U盘检测异常:Command 'lsblk -o MOUNTPOINT,FSTYPE | grep /media/' returned non-zero exit status 1.
2026-06-22 14:09:19,552 - INFO - 【容量校验】全部录像总大小:0.16GB，上限阈值:4GB
2026-06-22 14:09:49,249 - ERROR - U盘检测异常:Command 'lsblk -o MOUNTPOINT,FSTYPE | grep /media/' returned non-zero exit status 1.
2026-06-22 14:09:49,550 - INFO - 【容量校验】全部录像总大小:0.16GB，上限阈值:4GB
2026-06-22 14:10:19,250 - ERROR - U盘检测异常:Command 'lsblk -o MOUNTPOINT,FSTYPE | grep /media/' returned non-zero exit status 1.
2026-06-22 14:10:19,551 - INFO - 【容量校验】全部录像总大小:0.16GB，上限阈值:4GB
2026-06-22 14:10:49,251 - ERROR - U盘检测异常:Command 'lsblk -o MOUNTPOINT,FSTYPE | grep /media/' returned non-zero exit status 1.
2026-06-22 14:10:49,552 - INFO - 【容量校验】全部录像总大小:0.16GB，上限阈值:4GB
2026-06-22 14:11:19,249 - ERROR - U盘检测异常:Command 'lsblk -o MOUNTPOINT,FSTYPE | grep /media/' returned non-zero exit status 1.
2026-06-22 14:11:19,550 - INFO - 【容量校验】全部录像总大小:0.16GB，上限阈值:4GB
2026-06-22 14:11:49,251 - ERROR - U盘检测异常:Command 'lsblk -o MOUNTPOINT,FSTYPE | grep /media/' returned non-zero exit status 1.
2026-06-22 14:11:49,552 - INFO - 【容量校验】全部录像总大小:0.16GB，上限阈值:4GB
2026-06-22 14:12:19,247 - ERROR - U盘检测异常:Command 'lsblk -o MOUNTPOINT,FSTYPE | grep /media/' returned non-zero exit status 1.
2026-06-22 14:12:19,548 - INFO - 【容量校验】全部录像总大小:0.16GB，上限阈值:4GB
2026-06-22 14:12:49,246 - ERROR - U盘检测异常:Command 'lsblk -o MOUNTPOINT,FSTYPE | grep /media/' returned non-zero exit status 1.
2026-06-22 14:12:49,546 - INFO - 【容量校验】全部录像总大小:0.16GB，上限阈值:4GB
2026-06-22 14:13:19,244 - ERROR - U盘检测异常:Command 'lsblk -o MOUNTPOINT,FSTYPE | grep /media/' returned non-zero exit status 1.
2026-06-22 14:13:19,545 - INFO - 【容量校验】全部录像总大小:0.16GB，上限阈值:4GB
2026-06-22 14:13:25,569 - INFO - 【录像创建成功】文件路径：/home/kongbin/record_backup/20260622_141325.mp4
2026-06-22 14:13:25,570 - INFO - 开始录像，文件:/home/kongbin/record_backup/20260622_141325.mp4
2026-06-22 14:13:49,251 - ERROR - U盘检测异常:Command 'lsblk -o MOUNTPOINT,FSTYPE | grep /media/' returned non-zero exit status 1.
2026-06-22 14:13:49,552 - INFO - 【容量校验】全部录像总大小:0.17GB，上限阈值:4GB
2026-06-22 14:14:19,262 - ERROR - U盘检测异常:Command 'lsblk -o MOUNTPOINT,FSTYPE | grep /media/' returned non-zero exit status 1.
2026-06-22 14:14:19,563 - INFO - 【容量校验】全部录像总大小:0.19GB，上限阈值:4GB
2026-06-22 14:14:49,241 - ERROR - U盘检测异常:Command 'lsblk -o MOUNTPOINT,FSTYPE | grep /media/' returned non-zero exit status 1.
2026-06-22 14:14:49,542 - INFO - 【容量校验】全部录像总大小:0.20GB，上限阈值:4GB
2026-06-22 14:15:19,255 - ERROR - U盘检测异常:Command 'lsblk -o MOUNTPOINT,FSTYPE | grep /media/' returned non-zero exit status 1.
2026-06-22 14:15:19,556 - INFO - 【容量校验】全部录像总大小:0.20GB，上限阈值:4GB
2026-06-22 14:15:25,599 - INFO - 达到分段时长，新建录像文件
2026-06-22 14:15:25,600 - INFO - 【录像创建成功】文件路径：/home/kongbin/record_backup/20260622_141525.mp4
2026-06-22 14:15:49,238 - ERROR - U盘检测异常:Command 'lsblk -o MOUNTPOINT,FSTYPE | grep /media/' returned non-zero exit status 1.
2026-06-22 14:15:49,539 - INFO - 【容量校验】全部录像总大小:0.21GB，上限阈值:4GB
2026-06-22 14:16:19,251 - ERROR - U盘检测异常:Command 'lsblk -o MOUNTPOINT,FSTYPE | grep /media/' returned non-zero exit status 1.
2026-06-22 14:16:19,552 - INFO - 【容量校验】全部录像总大小:0.22GB，上限阈值:4GB
2026-06-22 14:16:49,255 - ERROR - U盘检测异常:Command 'lsblk -o MOUNTPOINT,FSTYPE | grep /media/' returned non-zero exit status 1.
2026-06-22 14:16:49,556 - INFO - 【容量校验】全部录像总大小:0.23GB，上限阈值:4GB
2026-06-22 14:17:19,241 - ERROR - U盘检测异常:Command 'lsblk -o MOUNTPOINT,FSTYPE | grep /media/' returned non-zero exit status 1.
2026-06-22 14:17:19,542 - INFO - 【容量校验】全部录像总大小:0.24GB，上限阈值:4GB
2026-06-22 14:17:25,610 - INFO - 达到分段时长，新建录像文件
2026-06-22 14:17:25,611 - INFO - 【录像创建成功】文件路径：/home/kongbin/record_backup/20260622_141725.mp4
2026-06-22 14:17:49,254 - ERROR - U盘检测异常:Command 'lsblk -o MOUNTPOINT,FSTYPE | grep /media/' returned non-zero exit status 1.
2026-06-22 14:17:49,555 - INFO - 【容量校验】全部录像总大小:0.25GB，上限阈值:4GB
2026-06-22 14:18:19,232 - ERROR - U盘检测异常:Command 'lsblk -o MOUNTPOINT,FSTYPE | grep /media/' returned non-zero exit status 1.
2026-06-22 14:18:19,533 - INFO - 【容量校验】全部录像总大小:0.26GB，上限阈值:4GB
2026-06-22 14:18:49,239 - ERROR - U盘检测异常:Command 'lsblk -o MOUNTPOINT,FSTYPE | grep /media/' returned non-zero exit status 1.
2026-06-22 14:18:49,539 - INFO - 【容量校验】全部录像总大小:0.27GB，上限阈值:4GB
2026-06-22 14:19:19,252 - ERROR - U盘检测异常:Command 'lsblk -o MOUNTPOINT,FSTYPE | grep /media/' returned non-zero exit status 1.
2026-06-22 14:19:19,553 - INFO - 【容量校验】全部录像总大小:0.27GB，上限阈值:4GB
2026-06-22 14:19:25,622 - INFO - 达到分段时长，新建录像文件
2026-06-22 14:19:25,623 - INFO - 【录像创建成功】文件路径：/home/kongbin/record_backup/20260622_141925.mp4
2026-06-22 14:19:49,264 - ERROR - U盘检测异常:Command 'lsblk -o MOUNTPOINT,FSTYPE | grep /media/' returned non-zero exit status 1.
2026-06-22 14:19:49,565 - INFO - 【容量校验】全部录像总大小:0.28GB，上限阈值:4GB
2026-06-22 14:20:19,245 - ERROR - U盘检测异常:Command 'lsblk -o MOUNTPOINT,FSTYPE | grep /media/' returned non-zero exit status 1.
2026-06-22 14:20:19,546 - INFO - 【容量校验】全部录像总大小:0.30GB，上限阈值:4GB
2026-06-22 14:20:49,251 - ERROR - U盘检测异常:Command 'lsblk -o MOUNTPOINT,FSTYPE | grep /media/' returned non-zero exit status 1.
2026-06-22 14:20:49,552 - INFO - 【容量校验】全部录像总大小:0.30GB，上限阈值:4GB
2026-06-22 14:21:19,233 - ERROR - U盘检测异常:Command 'lsblk -o MOUNTPOINT,FSTYPE | grep /media/' returned non-zero exit status 1.
2026-06-22 14:21:19,534 - INFO - 【容量校验】全部录像总大小:0.31GB，上限阈值:4GB
2026-06-22 14:21:25,633 - INFO - 达到分段时长，新建录像文件
2026-06-22 14:21:25,634 - INFO - 【录像创建成功】文件路径：/home/kongbin/record_backup/20260622_142125.mp4
2026-06-22 14:21:49,241 - ERROR - U盘检测异常:Command 'lsblk -o MOUNTPOINT,FSTYPE | grep /media/' returned non-zero exit status 1.
2026-06-22 14:21:49,541 - INFO - 【容量校验】全部录像总大小:0.32GB，上限阈值:4GB
2026-06-22 14:22:19,255 - ERROR - U盘检测异常:Command 'lsblk -o MOUNTPOINT,FSTYPE | grep /media/' returned non-zero exit status 1.
2026-06-22 14:22:19,556 - INFO - 【容量校验】全部录像总大小:0.33GB，上限阈值:4GB
2026-06-22 14:22:49,261 - ERROR - U盘检测异常:Command 'lsblk -o MOUNTPOINT,FSTYPE | grep /media/' returned non-zero exit status 1.
2026-06-22 14:22:49,562 - INFO - 【容量校验】全部录像总大小:0.34GB，上限阈值:4GB
2026-06-22 14:23:19,246 - ERROR - U盘检测异常:Command 'lsblk -o MOUNTPOINT,FSTYPE | grep /media/' returned non-zero exit status 1.
2026-06-22 14:23:19,546 - INFO - 【容量校验】全部录像总大小:0.35GB，上限阈值:4GB
2026-06-22 14:23:25,645 - INFO - 达到分段时长，新建录像文件
2026-06-22 14:23:25,646 - INFO - 【录像创建成功】文件路径：/home/kongbin/record_backup/20260622_142325.mp4
2026-06-22 14:23:49,285 - ERROR - U盘检测异常:Command 'lsblk -o MOUNTPOINT,FSTYPE | grep /media/' returned non-zero exit status 1.
2026-06-22 14:23:49,586 - INFO - 【容量校验】全部录像总大小:0.36GB，上限阈值:4GB
2026-06-22 14:24:19,233 - ERROR - U盘检测异常:Command 'lsblk -o MOUNTPOINT,FSTYPE | grep /media/' returned non-zero exit status 1.
2026-06-22 14:24:19,534 - INFO - 【容量校验】全部录像总大小:0.36GB，上限阈值:4GB
2026-06-22 14:24:49,268 - ERROR - U盘检测异常:Command 'lsblk -o MOUNTPOINT,FSTYPE | grep /media/' returned non-zero exit status 1.
2026-06-22 14:24:49,570 - INFO - 【容量校验】全部录像总大小:0.37GB，上限阈值:4GB
2026-06-22 14:25:19,253 - ERROR - U盘检测异常:Command 'lsblk -o MOUNTPOINT,FSTYPE | grep /media/' returned non-zero exit status 1.
2026-06-22 14:25:19,554 - INFO - 【容量校验】全部录像总大小:0.38GB，上限阈值:4GB
2026-06-22 14:25:25,654 - INFO - 达到分段时长，新建录像文件
2026-06-22 14:25:25,655 - INFO - 【录像创建成功】文件路径：/home/kongbin/record_backup/20260622_142525.mp4
2026-06-22 14:25:49,227 - ERROR - U盘检测异常:Command 'lsblk -o MOUNTPOINT,FSTYPE | grep /media/' returned non-zero exit status 1.
2026-06-22 14:25:49,528 - INFO - 【容量校验】全部录像总大小:0.39GB，上限阈值:4GB
2026-06-22 14:26:19,246 - ERROR - U盘检测异常:Command 'lsblk -o MOUNTPOINT,FSTYPE | grep /media/' returned non-zero exit status 1.
2026-06-22 14:26:19,547 - INFO - 【容量校验】全部录像总大小:0.40GB，上限阈值:4GB
2026-06-22 14:26:49,251 - ERROR - U盘检测异常:Command 'lsblk -o MOUNTPOINT,FSTYPE | grep /media/' returned non-zero exit status 1.
2026-06-22 14:26:49,552 - INFO - 【容量校验】全部录像总大小:0.40GB，上限阈值:4GB
2026-06-22 14:27:19,270 - ERROR - U盘检测异常:Command 'lsblk -o MOUNTPOINT,FSTYPE | grep /media/' returned non-zero exit status 1.
2026-06-22 14:27:19,570 - INFO - 【容量校验】全部录像总大小:0.41GB，上限阈值:4GB
2026-06-22 14:27:25,673 - INFO - 达到分段时长，新建录像文件
2026-06-22 14:27:25,673 - INFO - 【录像创建成功】文件路径：/home/kongbin/record_backup/20260622_142725.mp4
2026-06-22 14:27:49,249 - ERROR - U盘检测异常:Command 'lsblk -o MOUNTPOINT,FSTYPE | grep /media/' returned non-zero exit status 1.
2026-06-22 14:27:49,550 - INFO - 【容量校验】全部录像总大小:0.42GB，上限阈值:4GB
2026-06-22 14:28:19,239 - ERROR - U盘检测异常:Command 'lsblk -o MOUNTPOINT,FSTYPE | grep /media/' returned non-zero exit status 1.
2026-06-22 14:28:19,540 - INFO - 【容量校验】全部录像总大小:0.43GB，上限阈值:4GB
2026-06-22 14:28:49,247 - ERROR - U盘检测异常:Command 'lsblk -o MOUNTPOINT,FSTYPE | grep /media/' returned non-zero exit status 1.
2026-06-22 14:28:49,548 - INFO - 【容量校验】全部录像总大小:0.44GB，上限阈值:4GB
2026-06-22 14:29:19,264 - ERROR - U盘检测异常:Command 'lsblk -o MOUNTPOINT,FSTYPE | grep /media/' returned non-zero exit status 1.
2026-06-22 14:29:19,565 - INFO - 【容量校验】全部录像总大小:0.45GB，上限阈值:4GB
2026-06-22 14:29:25,700 - INFO - 达到分段时长，新建录像文件
2026-06-22 14:29:25,701 - INFO - 【录像创建成功】文件路径：/home/kongbin/record_backup/20260622_142925.mp4
2026-06-22 14:29:49,242 - ERROR - U盘检测异常:Command 'lsblk -o MOUNTPOINT,FSTYPE | grep /media/' returned non-zero exit status 1.
2026-06-22 14:29:49,543 - INFO - 【容量校验】全部录像总大小:0.45GB，上限阈值:4GB
2026-06-22 14:30:19,261 - ERROR - U盘检测异常:Command 'lsblk -o MOUNTPOINT,FSTYPE | grep /media/' returned non-zero exit status 1.
2026-06-22 14:30:19,561 - INFO - 【容量校验】全部录像总大小:0.46GB，上限阈值:4GB
2026-06-22 14:30:49,235 - ERROR - U盘检测异常:Command 'lsblk -o MOUNTPOINT,FSTYPE | grep /media/' returned non-zero exit status 1.
2026-06-22 14:30:49,536 - INFO - 【容量校验】全部录像总大小:0.48GB，上限阈值:4GB
2026-06-22 14:31:19,254 - ERROR - U盘检测异常:Command 'lsblk -o MOUNTPOINT,FSTYPE | grep /media/' returned non-zero exit status 1.
2026-06-22 14:31:19,554 - INFO - 【容量校验】全部录像总大小:0.49GB，上限阈值:4GB
2026-06-22 14:31:25,727 - INFO - 达到分段时长，新建录像文件
2026-06-22 14:31:25,728 - INFO - 【录像创建成功】文件路径：/home/kongbin/record_backup/20260622_143125.mp4
2026-06-22 14:31:49,261 - ERROR - U盘检测异常:Command 'lsblk -o MOUNTPOINT,FSTYPE | grep /media/' returned non-zero exit status 1.
2026-06-22 14:31:49,562 - INFO - 【容量校验】全部录像总大小:0.49GB，上限阈值:4GB
2026-06-22 14:32:19,253 - ERROR - U盘检测异常:Command 'lsblk -o MOUNTPOINT,FSTYPE | grep /media/' returned non-zero exit status 1.
2026-06-22 14:32:19,554 - INFO - 【容量校验】全部录像总大小:0.50GB，上限阈值:4GB
2026-06-22 14:32:49,253 - ERROR - U盘检测异常:Command 'lsblk -o MOUNTPOINT,FSTYPE | grep /media/' returned non-zero exit status 1.
2026-06-22 14:32:49,554 - INFO - 【容量校验】全部录像总大小:0.51GB，上限阈值:4GB
2026-06-22 14:33:19,272 - ERROR - U盘检测异常:Command 'lsblk -o MOUNTPOINT,FSTYPE | grep /media/' returned non-zero exit status 1.
2026-06-22 14:33:19,573 - INFO - 【容量校验】全部录像总大小:0.52GB，上限阈值:4GB
2026-06-22 14:33:25,741 - INFO - 达到分段时长，新建录像文件
2026-06-22 14:33:25,741 - INFO - 【录像创建成功】文件路径：/home/kongbin/record_backup/20260622_143325.mp4
2026-06-22 14:33:49,277 - ERROR - U盘检测异常:Command 'lsblk -o MOUNTPOINT,FSTYPE | grep /media/' returned non-zero exit status 1.
2026-06-22 14:33:49,578 - INFO - 【容量校验】全部录像总大小:0.53GB，上限阈值:4GB
2026-06-22 14:34:19,233 - ERROR - U盘检测异常:Command 'lsblk -o MOUNTPOINT,FSTYPE | grep /media/' returned non-zero exit status 1.
2026-06-22 14:34:19,533 - INFO - 【容量校验】全部录像总大小:0.53GB，上限阈值:4GB
2026-06-22 14:34:49,241 - ERROR - U盘检测异常:Command 'lsblk -o MOUNTPOINT,FSTYPE | grep /media/' returned non-zero exit status 1.
2026-06-22 14:34:49,542 - INFO - 【容量校验】全部录像总大小:0.54GB，上限阈值:4GB
2026-06-22 14:35:19,253 - ERROR - U盘检测异常:Command 'lsblk -o MOUNTPOINT,FSTYPE | grep /media/' returned non-zero exit status 1.
2026-06-22 14:35:19,554 - INFO - 【容量校验】全部录像总大小:0.55GB，上限阈值:4GB
2026-06-22 14:35:25,756 - INFO - 达到分段时长，新建录像文件
2026-06-22 14:35:25,757 - INFO - 【录像创建成功】文件路径：/home/kongbin/record_backup/20260622_143525.mp4
2026-06-22 14:35:49,258 - ERROR - U盘检测异常:Command 'lsblk -o MOUNTPOINT,FSTYPE | grep /media/' returned non-zero exit status 1.
2026-06-22 14:35:49,559 - INFO - 【容量校验】全部录像总大小:0.55GB，上限阈值:4GB
2026-06-22 14:36:19,259 - ERROR - U盘检测异常:Command 'lsblk -o MOUNTPOINT,FSTYPE | grep /media/' returned non-zero exit status 1.
2026-06-22 14:36:19,559 - INFO - 【容量校验】全部录像总大小:0.56GB，上限阈值:4GB
2026-06-22 14:36:49,242 - ERROR - U盘检测异常:Command 'lsblk -o MOUNTPOINT,FSTYPE | grep /media/' returned non-zero exit status 1.
2026-06-22 14:36:49,543 - INFO - 【容量校验】全部录像总大小:0.57GB，上限阈值:4GB
2026-06-22 14:37:19,248 - ERROR - U盘检测异常:Command 'lsblk -o MOUNTPOINT,FSTYPE | grep /media/' returned non-zero exit status 1.
2026-06-22 14:37:19,549 - INFO - 【容量校验】全部录像总大小:0.58GB，上限阈值:4GB
2026-06-22 14:37:25,769 - INFO - 达到分段时长，新建录像文件
2026-06-22 14:37:25,769 - INFO - 【录像创建成功】文件路径：/home/kongbin/record_backup/20260622_143725.mp4
2026-06-22 14:37:49,243 - ERROR - U盘检测异常:Command 'lsblk -o MOUNTPOINT,FSTYPE | grep /media/' returned non-zero exit status 1.
2026-06-22 14:37:49,544 - INFO - 【容量校验】全部录像总大小:0.58GB，上限阈值:4GB
2026-06-22 14:38:19,273 - ERROR - U盘检测异常:Command 'lsblk -o MOUNTPOINT,FSTYPE | grep /media/' returned non-zero exit status 1.
2026-06-22 14:38:19,574 - INFO - 【容量校验】全部录像总大小:0.59GB，上限阈值:4GB
2026-06-22 14:38:49,224 - ERROR - U盘检测异常:Command 'lsblk -o MOUNTPOINT,FSTYPE | grep /media/' returned non-zero exit status 1.
2026-06-22 14:38:49,525 - INFO - 【容量校验】全部录像总大小:0.60GB，上限阈值:4GB
2026-06-22 14:39:19,257 - ERROR - U盘检测异常:Command 'lsblk -o MOUNTPOINT,FSTYPE | grep /media/' returned non-zero exit status 1.
2026-06-22 14:39:19,558 - INFO - 【容量校验】全部录像总大小:0.61GB，上限阈值:4GB
2026-06-22 14:39:25,775 - INFO - 达到分段时长，新建录像文件
2026-06-22 14:39:25,776 - INFO - 【录像创建成功】文件路径：/home/kongbin/record_backup/20260622_143925.mp4
2026-06-22 14:39:49,246 - ERROR - U盘检测异常:Command 'lsblk -o MOUNTPOINT,FSTYPE | grep /media/' returned non-zero exit status 1.
2026-06-22 14:39:49,547 - INFO - 【容量校验】全部录像总大小:0.61GB，上限阈值:4GB
2026-06-22 14:40:19,250 - ERROR - U盘检测异常:Command 'lsblk -o MOUNTPOINT,FSTYPE | grep /media/' returned non-zero exit status 1.
2026-06-22 14:40:19,551 - INFO - 【容量校验】全部录像总大小:0.62GB，上限阈值:4GB
2026-06-22 14:40:49,267 - ERROR - U盘检测异常:Command 'lsblk -o MOUNTPOINT,FSTYPE | grep /media/' returned non-zero exit status 1.
2026-06-22 14:40:49,568 - INFO - 【容量校验】全部录像总大小:0.63GB，上限阈值:4GB
2026-06-22 14:41:19,270 - ERROR - U盘检测异常:Command 'lsblk -o MOUNTPOINT,FSTYPE | grep /media/' returned non-zero exit status 1.
2026-06-22 14:41:19,571 - INFO - 【容量校验】全部录像总大小:0.64GB，上限阈值:4GB
2026-06-22 14:41:25,795 - INFO - 达到分段时长，新建录像文件
2026-06-22 14:41:25,796 - INFO - 【录像创建成功】文件路径：/home/kongbin/record_backup/20260622_144125.mp4
2026-06-22 14:41:49,267 - ERROR - U盘检测异常:Command 'lsblk -o MOUNTPOINT,FSTYPE | grep /media/' returned non-zero exit status 1.
2026-06-22 14:41:49,568 - INFO - 【容量校验】全部录像总大小:0.65GB，上限阈值:4GB
2026-06-22 14:42:19,253 - ERROR - U盘检测异常:Command 'lsblk -o MOUNTPOINT,FSTYPE | grep /media/' returned non-zero exit status 1.
2026-06-22 14:42:19,554 - INFO - 【容量校验】全部录像总大小:0.66GB，上限阈值:4GB
2026-06-22 14:42:49,255 - ERROR - U盘检测异常:Command 'lsblk -o MOUNTPOINT,FSTYPE | grep /media/' returned non-zero exit status 1.
2026-06-22 14:42:49,556 - INFO - 【容量校验】全部录像总大小:0.66GB，上限阈值:4GB
2026-06-22 14:43:19,250 - ERROR - U盘检测异常:Command 'lsblk -o MOUNTPOINT,FSTYPE | grep /media/' returned non-zero exit status 1.
2026-06-22 14:43:19,551 - INFO - 【容量校验】全部录像总大小:0.67GB，上限阈值:4GB
2026-06-22 14:43:25,799 - INFO - 达到分段时长，新建录像文件
2026-06-22 14:43:25,800 - INFO - 【录像创建成功】文件路径：/home/kongbin/record_backup/20260622_144325.mp4
2026-06-22 14:43:49,240 - ERROR - U盘检测异常:Command 'lsblk -o MOUNTPOINT,FSTYPE | grep /media/' returned non-zero exit status 1.
2026-06-22 14:43:49,541 - INFO - 【容量校验】全部录像总大小:0.68GB，上限阈值:4GB
2026-06-22 14:44:19,239 - ERROR - U盘检测异常:Command 'lsblk -o MOUNTPOINT,FSTYPE | grep /media/' returned non-zero exit status 1.
2026-06-22 14:44:19,541 - INFO - 【容量校验】全部录像总大小:0.69GB，上限阈值:4GB
2026-06-22 14:44:49,234 - ERROR - U盘检测异常:Command 'lsblk -o MOUNTPOINT,FSTYPE | grep /media/' returned non-zero exit status 1.
2026-06-22 14:44:49,536 - INFO - 【容量校验】全部录像总大小:0.70GB，上限阈值:4GB
2026-06-22 14:45:19,251 - ERROR - U盘检测异常:Command 'lsblk -o MOUNTPOINT,FSTYPE | grep /media/' returned non-zero exit status 1.
2026-06-22 14:45:19,552 - INFO - 【容量校验】全部录像总大小:0.71GB，上限阈值:4GB
2026-06-22 14:45:25,818 - INFO - 达到分段时长，新建录像文件
2026-06-22 14:45:25,818 - INFO - 【录像创建成功】文件路径：/home/kongbin/record_backup/20260622_144525.mp4
2026-06-22 14:45:49,255 - ERROR - U盘检测异常:Command 'lsblk -o MOUNTPOINT,FSTYPE | grep /media/' returned non-zero exit status 1.
2026-06-22 14:45:49,557 - INFO - 【容量校验】全部录像总大小:0.72GB，上限阈值:4GB
2026-06-22 14:46:19,242 - ERROR - U盘检测异常:Command 'lsblk -o MOUNTPOINT,FSTYPE | grep /media/' returned non-zero exit status 1.
2026-06-22 14:46:19,543 - INFO - 【容量校验】全部录像总大小:0.74GB，上限阈值:4GB
2026-06-22 14:46:49,272 - ERROR - U盘检测异常:Command 'lsblk -o MOUNTPOINT,FSTYPE | grep /media/' returned non-zero exit status 1.
2026-06-22 14:46:49,573 - INFO - 【容量校验】全部录像总大小:0.75GB，上限阈值:4GB
2026-06-22 14:47:19,271 - ERROR - U盘检测异常:Command 'lsblk -o MOUNTPOINT,FSTYPE | grep /media/' returned non-zero exit status 1.
2026-06-22 14:47:19,572 - INFO - 【容量校验】全部录像总大小:0.75GB，上限阈值:4GB
2026-06-22 14:47:25,852 - INFO - 达到分段时长，新建录像文件
2026-06-22 14:47:25,852 - INFO - 【录像创建成功】文件路径：/home/kongbin/record_backup/20260622_144725.mp4
2026-06-22 14:47:49,257 - ERROR - U盘检测异常:Command 'lsblk -o MOUNTPOINT,FSTYPE | grep /media/' returned non-zero exit status 1.
2026-06-22 14:47:49,558 - INFO - 【容量校验】全部录像总大小:0.76GB，上限阈值:4GB
2026-06-22 14:48:19,254 - ERROR - U盘检测异常:Command 'lsblk -o MOUNTPOINT,FSTYPE | grep /media/' returned non-zero exit status 1.
2026-06-22 14:48:19,555 - INFO - 【容量校验】全部录像总大小:0.78GB，上限阈值:4GB
2026-06-22 14:48:49,249 - ERROR - U盘检测异常:Command 'lsblk -o MOUNTPOINT,FSTYPE | grep /media/' returned non-zero exit status 1.
2026-06-22 14:48:49,550 - INFO - 【容量校验】全部录像总大小:0.79GB，上限阈值:4GB
2026-06-22 14:49:19,247 - ERROR - U盘检测异常:Command 'lsblk -o MOUNTPOINT,FSTYPE | grep /media/' returned non-zero exit status 1.
2026-06-22 14:49:19,548 - INFO - 【容量校验】全部录像总大小:0.80GB，上限阈值:4GB
2026-06-22 14:49:25,859 - INFO - 达到分段时长，新建录像文件
2026-06-22 14:49:25,860 - INFO - 【录像创建成功】文件路径：/home/kongbin/record_backup/20260622_144925.mp4
2026-06-22 14:49:49,262 - ERROR - U盘检测异常:Command 'lsblk -o MOUNTPOINT,FSTYPE | grep /media/' returned non-zero exit status 1.
2026-06-22 14:49:49,563 - INFO - 【容量校验】全部录像总大小:0.81GB，上限阈值:4GB
2026-06-22 14:50:19,264 - ERROR - U盘检测异常:Command 'lsblk -o MOUNTPOINT,FSTYPE | grep /media/' returned non-zero exit status 1.
2026-06-22 14:50:19,565 - INFO - 【容量校验】全部录像总大小:0.82GB，上限阈值:4GB
2026-06-22 14:50:49,262 - ERROR - U盘检测异常:Command 'lsblk -o MOUNTPOINT,FSTYPE | grep /media/' returned non-zero exit status 1.
2026-06-22 14:50:49,563 - INFO - 【容量校验】全部录像总大小:0.83GB，上限阈值:4GB
2026-06-22 14:51:19,248 - ERROR - U盘检测异常:Command 'lsblk -o MOUNTPOINT,FSTYPE | grep /media/' returned non-zero exit status 1.
2026-06-22 14:51:19,549 - INFO - 【容量校验】全部录像总大小:0.85GB，上限阈值:4GB
2026-06-22 14:51:25,877 - INFO - 达到分段时长，新建录像文件
2026-06-22 14:51:25,877 - INFO - 【录像创建成功】文件路径：/home/kongbin/record_backup/20260622_145125.mp4
2026-06-22 14:51:49,251 - ERROR - U盘检测异常:Command 'lsblk -o MOUNTPOINT,FSTYPE | grep /media/' returned non-zero exit status 1.
2026-06-22 14:51:49,552 - INFO - 【容量校验】全部录像总大小:0.86GB，上限阈值:4GB
2026-06-22 14:52:19,243 - ERROR - U盘检测异常:Command 'lsblk -o MOUNTPOINT,FSTYPE | grep /media/' returned non-zero exit status 1.
2026-06-22 14:52:19,545 - INFO - 【容量校验】全部录像总大小:0.87GB，上限阈值:4GB
2026-06-22 14:52:49,238 - ERROR - U盘检测异常:Command 'lsblk -o MOUNTPOINT,FSTYPE | grep /media/' returned non-zero exit status 1.
2026-06-22 14:52:49,539 - INFO - 【容量校验】全部录像总大小:0.89GB，上限阈值:4GB
2026-06-22 14:53:19,232 - ERROR - U盘检测异常:Command 'lsblk -o MOUNTPOINT,FSTYPE | grep /media/' returned non-zero exit status 1.
2026-06-22 14:53:19,534 - INFO - 【容量校验】全部录像总大小:0.89GB，上限阈值:4GB
2026-06-22 14:53:25,887 - INFO - 达到分段时长，新建录像文件
2026-06-22 14:53:25,887 - INFO - 【录像创建成功】文件路径：/home/kongbin/record_backup/20260622_145325.mp4
2026-06-22 14:53:49,226 - ERROR - U盘检测异常:Command 'lsblk -o MOUNTPOINT,FSTYPE | grep /media/' returned non-zero exit status 1.
2026-06-22 14:53:49,527 - INFO - 【容量校验】全部录像总大小:0.90GB，上限阈值:4GB
2026-06-22 14:54:19,249 - ERROR - U盘检测异常:Command 'lsblk -o MOUNTPOINT,FSTYPE | grep /media/' returned non-zero exit status 1.
2026-06-22 14:54:19,550 - INFO - 【容量校验】全部录像总大小:0.91GB，上限阈值:4GB
2026-06-22 14:54:49,248 - ERROR - U盘检测异常:Command 'lsblk -o MOUNTPOINT,FSTYPE | grep /media/' returned non-zero exit status 1.
2026-06-22 14:54:49,550 - INFO - 【容量校验】全部录像总大小:0.92GB，上限阈值:4GB
2026-06-22 14:55:19,272 - ERROR - U盘检测异常:Command 'lsblk -o MOUNTPOINT,FSTYPE | grep /media/' returned non-zero exit status 1.
2026-06-22 14:55:19,573 - INFO - 【容量校验】全部录像总大小:0.93GB，上限阈值:4GB
2026-06-22 14:55:25,902 - INFO - 达到分段时长，新建录像文件
2026-06-22 14:55:25,902 - INFO - 【录像创建成功】文件路径：/home/kongbin/record_backup/20260622_145525.mp4
2026-06-22 14:55:49,235 - ERROR - U盘检测异常:Command 'lsblk -o MOUNTPOINT,FSTYPE | grep /media/' returned non-zero exit status 1.
2026-06-22 14:55:49,536 - INFO - 【容量校验】全部录像总大小:0.94GB，上限阈值:4GB
2026-06-22 14:56:19,258 - ERROR - U盘检测异常:Command 'lsblk -o MOUNTPOINT,FSTYPE | grep /media/' returned non-zero exit status 1.
2026-06-22 14:56:19,559 - INFO - 【容量校验】全部录像总大小:0.95GB，上限阈值:4GB
2026-06-22 14:56:49,257 - ERROR - U盘检测异常:Command 'lsblk -o MOUNTPOINT,FSTYPE | grep /media/' returned non-zero exit status 1.
2026-06-22 14:56:49,558 - INFO - 【容量校验】全部录像总大小:0.96GB，上限阈值:4GB
2026-06-22 14:57:19,245 - ERROR - U盘检测异常:Command 'lsblk -o MOUNTPOINT,FSTYPE | grep /media/' returned non-zero exit status 1.
2026-06-22 14:57:19,546 - INFO - 【容量校验】全部录像总大小:0.97GB，上限阈值:4GB
2026-06-22 14:57:25,906 - INFO - 达到分段时长，新建录像文件
2026-06-22 14:57:25,907 - INFO - 【录像创建成功】文件路径：/home/kongbin/record_backup/20260622_145725.mp4
2026-06-22 14:57:49,276 - ERROR - U盘检测异常:Command 'lsblk -o MOUNTPOINT,FSTYPE | grep /media/' returned non-zero exit status 1.
2026-06-22 14:57:49,577 - INFO - 【容量校验】全部录像总大小:0.98GB，上限阈值:4GB
2026-06-22 14:58:19,271 - ERROR - U盘检测异常:Command 'lsblk -o MOUNTPOINT,FSTYPE | grep /media/' returned non-zero exit status 1.
2026-06-22 14:58:19,572 - INFO - 【容量校验】全部录像总大小:0.99GB，上限阈值:4GB
2026-06-22 14:58:49,268 - ERROR - U盘检测异常:Command 'lsblk -o MOUNTPOINT,FSTYPE | grep /media/' returned non-zero exit status 1.
2026-06-22 14:58:49,569 - INFO - 【容量校验】全部录像总大小:0.99GB，上限阈值:4GB
2026-06-22 14:59:19,257 - ERROR - U盘检测异常:Command 'lsblk -o MOUNTPOINT,FSTYPE | grep /media/' returned non-zero exit status 1.
2026-06-22 14:59:19,558 - INFO - 【容量校验】全部录像总大小:1.00GB，上限阈值:4GB
2026-06-22 14:59:25,917 - INFO - 达到分段时长，新建录像文件
2026-06-22 14:59:25,918 - INFO - 【录像创建成功】文件路径：/home/kongbin/record_backup/20260622_145925.mp4
2026-06-22 14:59:49,260 - ERROR - U盘检测异常:Command 'lsblk -o MOUNTPOINT,FSTYPE | grep /media/' returned non-zero exit status 1.
2026-06-22 14:59:49,561 - INFO - 【容量校验】全部录像总大小:1.01GB，上限阈值:4GB
2026-06-22 15:00:19,248 - ERROR - U盘检测异常:Command 'lsblk -o MOUNTPOINT,FSTYPE | grep /media/' returned non-zero exit status 1.
2026-06-22 15:00:19,549 - INFO - 【容量校验】全部录像总大小:1.01GB，上限阈值:4GB
2026-06-22 15:00:49,244 - ERROR - U盘检测异常:Command 'lsblk -o MOUNTPOINT,FSTYPE | grep /media/' returned non-zero exit status 1.
2026-06-22 15:00:49,546 - INFO - 【容量校验】全部录像总大小:1.02GB，上限阈值:4GB
2026-06-22 15:01:19,239 - ERROR - U盘检测异常:Command 'lsblk -o MOUNTPOINT,FSTYPE | grep /media/' returned non-zero exit status 1.
2026-06-22 15:01:19,540 - INFO - 【容量校验】全部录像总大小:1.03GB，上限阈值:4GB
2026-06-22 15:01:25,929 - INFO - 达到分段时长，新建录像文件
2026-06-22 15:01:25,929 - INFO - 【录像创建成功】文件路径：/home/kongbin/record_backup/20260622_150125.mp4
2026-06-22 15:01:49,233 - ERROR - U盘检测异常:Command 'lsblk -o MOUNTPOINT,FSTYPE | grep /media/' returned non-zero exit status 1.
2026-06-22 15:01:49,534 - INFO - 【容量校验】全部录像总大小:1.04GB，上限阈值:4GB
2026-06-22 15:02:19,226 - ERROR - U盘检测异常:Command 'lsblk -o MOUNTPOINT,FSTYPE | grep /media/' returned non-zero exit status 1.
2026-06-22 15:02:19,527 - INFO - 【容量校验】全部录像总大小:1.04GB，上限阈值:4GB
2026-06-22 15:02:32,519 - INFO - 停止录像
2026-06-22 15:02:49,248 - ERROR - U盘检测异常:Command 'lsblk -o MOUNTPOINT,FSTYPE | grep /media/' returned non-zero exit status 1.
2026-06-22 15:02:49,549 - INFO - 【容量校验】全部录像总大小:1.05GB，上限阈值:4GB
2026-06-22 15:03:19,246 - ERROR - U盘检测异常:Command 'lsblk -o MOUNTPOINT,FSTYPE | grep /media/' returned non-zero exit status 1.
2026-06-22 15:03:19,547 - INFO - 【容量校验】全部录像总大小:1.05GB，上限阈值:4GB
2026-06-22 15:03:49,239 - ERROR - U盘检测异常:Command 'lsblk -o MOUNTPOINT,FSTYPE | grep /media/' returned non-zero exit status 1.
2026-06-22 15:03:49,540 - INFO - 【容量校验】全部录像总大小:1.05GB，上限阈值:4GB
2026-06-22 15:04:19,233 - ERROR - U盘检测异常:Command 'lsblk -o MOUNTPOINT,FSTYPE | grep /media/' returned non-zero exit status 1.
2026-06-22 15:04:19,535 - INFO - 【容量校验】全部录像总大小:1.05GB，上限阈值:4GB
2026-06-22 15:04:49,257 - ERROR - U盘检测异常:Command 'lsblk -o MOUNTPOINT,FSTYPE | grep /media/' returned non-zero exit status 1.
2026-06-22 15:04:49,558 - INFO - 【容量校验】全部录像总大小:1.05GB，上限阈值:4GB
2026-06-22 15:05:19,252 - ERROR - U盘检测异常:Command 'lsblk -o MOUNTPOINT,FSTYPE | grep /media/' returned non-zero exit status 1.
2026-06-22 15:05:19,553 - INFO - 【容量校验】全部录像总大小:1.05GB，上限阈值:4GB
2026-06-22 15:05:49,249 - ERROR - U盘检测异常:Command 'lsblk -o MOUNTPOINT,FSTYPE | grep /media/' returned non-zero exit status 1.
2026-06-22 15:05:49,550 - INFO - 【容量校验】全部录像总大小:1.05GB，上限阈值:4GB
2026-06-22 15:06:19,244 - ERROR - U盘检测异常:Command 'lsblk -o MOUNTPOINT,FSTYPE | grep /media/' returned non-zero exit status 1.
2026-06-22 15:06:19,545 - INFO - 【容量校验】全部录像总大小:1.05GB，上限阈值:4GB
2026-06-22 15:06:49,238 - ERROR - U盘检测异常:Command 'lsblk -o MOUNTPOINT,FSTYPE | grep /media/' returned non-zero exit status 1.
2026-06-22 15:06:49,540 - INFO - 【容量校验】全部录像总大小:1.05GB，上限阈值:4GB
2026-06-22 15:07:19,232 - ERROR - U盘检测异常:Command 'lsblk -o MOUNTPOINT,FSTYPE | grep /media/' returned non-zero exit status 1.
2026-06-22 15:07:19,533 - INFO - 【容量校验】全部录像总大小:1.05GB，上限阈值:4GB
2026-06-22 15:07:49,258 - ERROR - U盘检测异常:Command 'lsblk -o MOUNTPOINT,FSTYPE | grep /media/' returned non-zero exit status 1.
2026-06-22 15:07:49,559 - INFO - 【容量校验】全部录像总大小:1.05GB，上限阈值:4GB
2026-06-22 15:08:19,253 - ERROR - U盘检测异常:Command 'lsblk -o MOUNTPOINT,FSTYPE | grep /media/' returned non-zero exit status 1.
2026-06-22 15:08:19,554 - INFO - 【容量校验】全部录像总大小:1.05GB，上限阈值:4GB
2026-06-22 15:08:49,250 - ERROR - U盘检测异常:Command 'lsblk -o MOUNTPOINT,FSTYPE | grep /media/' returned non-zero exit status 1.
2026-06-22 15:08:49,551 - INFO - 【容量校验】全部录像总大小:1.05GB，上限阈值:4GB
2026-06-22 15:09:19,242 - ERROR - U盘检测异常:Command 'lsblk -o MOUNTPOINT,FSTYPE | grep /media/' returned non-zero exit status 1.
2026-06-22 15:09:19,543 - INFO - 【容量校验】全部录像总大小:1.05GB，上限阈值:4GB
2026-06-22 15:09:49,239 - ERROR - U盘检测异常:Command 'lsblk -o MOUNTPOINT,FSTYPE | grep /media/' returned non-zero exit status 1.
2026-06-22 15:09:49,540 - INFO - 【容量校验】全部录像总大小:1.05GB，上限阈值:4GB
2026-06-22 15:10:19,234 - ERROR - U盘检测异常:Command 'lsblk -o MOUNTPOINT,FSTYPE | grep /media/' returned non-zero exit status 1.
2026-06-22 15:10:19,535 - INFO - 【容量校验】全部录像总大小:1.05GB，上限阈值:4GB
2026-06-22 15:10:49,257 - ERROR - U盘检测异常:Command 'lsblk -o MOUNTPOINT,FSTYPE | grep /media/' returned non-zero exit status 1.
2026-06-22 15:10:49,558 - INFO - 【容量校验】全部录像总大小:1.05GB，上限阈值:4GB
2026-06-22 15:11:19,252 - ERROR - U盘检测异常:Command 'lsblk -o MOUNTPOINT,FSTYPE | grep /media/' returned non-zero exit status 1.
2026-06-22 15:11:19,553 - INFO - 【容量校验】全部录像总大小:1.05GB，上限阈值:4GB
2026-06-22 15:11:49,249 - ERROR - U盘检测异常:Command 'lsblk -o MOUNTPOINT,FSTYPE | grep /media/' returned non-zero exit status 1.
2026-06-22 15:11:49,551 - INFO - 【容量校验】全部录像总大小:1.05GB，上限阈值:4GB
2026-06-22 15:12:19,241 - ERROR - U盘检测异常:Command 'lsblk -o MOUNTPOINT,FSTYPE | grep /media/' returned non-zero exit status 1.
2026-06-22 15:12:19,542 - INFO - 【容量校验】全部录像总大小:1.05GB，上限阈值:4GB
2026-06-22 15:12:49,238 - ERROR - U盘检测异常:Command 'lsblk -o MOUNTPOINT,FSTYPE | grep /media/' returned non-zero exit status 1.
2026-06-22 15:12:49,540 - INFO - 【容量校验】全部录像总大小:1.05GB，上限阈值:4GB
2026-06-22 15:13:19,233 - ERROR - U盘检测异常:Command 'lsblk -o MOUNTPOINT,FSTYPE | grep /media/' returned non-zero exit status 1.
2026-06-22 15:13:19,534 - INFO - 【容量校验】全部录像总大小:1.05GB，上限阈值:4GB
2026-06-22 15:13:49,257 - ERROR - U盘检测异常:Command 'lsblk -o MOUNTPOINT,FSTYPE | grep /media/' returned non-zero exit status 1.
2026-06-22 15:13:49,558 - INFO - 【容量校验】全部录像总大小:1.05GB，上限阈值:4GB
2026-06-22 15:14:19,252 - ERROR - U盘检测异常:Command 'lsblk -o MOUNTPOINT,FSTYPE | grep /media/' returned non-zero exit status 1.
2026-06-22 15:14:19,553 - INFO - 【容量校验】全部录像总大小:1.05GB，上限阈值:4GB
2026-06-22 15:14:49,247 - ERROR - U盘检测异常:Command 'lsblk -o MOUNTPOINT,FSTYPE | grep /media/' returned non-zero exit status 1.
2026-06-22 15:14:49,548 - INFO - 【容量校验】全部录像总大小:1.05GB，上限阈值:4GB
2026-06-22 15:15:19,241 - ERROR - U盘检测异常:Command 'lsblk -o MOUNTPOINT,FSTYPE | grep /media/' returned non-zero exit status 1.
2026-06-22 15:15:19,542 - INFO - 【容量校验】全部录像总大小:1.05GB，上限阈值:4GB
2026-06-22 15:15:49,236 - ERROR - U盘检测异常:Command 'lsblk -o MOUNTPOINT,FSTYPE | grep /media/' returned non-zero exit status 1.
2026-06-22 15:15:49,537 - INFO - 【容量校验】全部录像总大小:1.05GB，上限阈值:4GB
2026-06-22 15:15:51,902 - INFO - Camera stopped
2026-06-22 15:15:51,905 - INFO - Camera stopped
2026-06-22 15:15:52,007 - INFO - 程序正常退出，资源全部释放
2026-06-22 15:16:26,206 - INFO - Initialization successful.
2026-06-22 15:16:26,207 - INFO - Camera now open.
2026-06-22 15:16:26,209 - INFO - Camera configuration has been adjusted!
2026-06-22 15:16:26,209 - INFO - Configuration successful!
2026-06-22 15:16:26,222 - INFO - Camera started
2026-06-22 15:16:26,257 - INFO - Initialization successful.
2026-06-22 15:16:26,257 - INFO - Camera now open.
2026-06-22 15:16:26,259 - INFO - Camera configuration has been adjusted!
2026-06-22 15:16:26,259 - INFO - Configuration successful!
2026-06-22 15:16:26,274 - INFO - Camera started
2026-06-22 15:16:26,274 - INFO - 双摄像头初始化成功
2026-06-22 15:16:26,279 - ERROR - U盘检测异常:Command 'lsblk -o MOUNTPOINT,FSTYPE | grep /media/' returned non-zero exit status 1.
2026-06-22 15:16:29,964 - WARNING - 震动传感器触发，锁定当前录像片段
2026-06-22 15:16:30,720 - WARNING - 震动传感器触发，锁定当前录像片段
2026-06-22 15:16:31,056 - INFO - 模式切换按键触发
2026-06-22 15:16:31,328 - INFO - 模式切换按键触发
2026-06-22 15:16:31,578 - INFO - 模式切换按键触发
2026-06-22 15:16:31,815 - INFO - 模式切换按键触发
2026-06-22 15:16:56,273 - ERROR - U盘检测异常:Command 'lsblk -o MOUNTPOINT,FSTYPE | grep /media/' returned non-zero exit status 1.
2026-06-22 15:16:56,574 - INFO - 【容量校验】全部录像总大小:1.05GB，上限阈值:4GB
2026-06-22 15:16:58,931 - INFO - 短按拍照键：截图保存
2026-06-22 15:17:00,431 - INFO - 短按拍照键：截图保存
2026-06-22 15:17:18,824 - INFO - Initialization successful.
2026-06-22 15:17:18,824 - INFO - Camera now open.
2026-06-22 15:17:18,827 - INFO - Camera configuration has been adjusted!
2026-06-22 15:17:18,828 - INFO - Configuration successful!
2026-06-22 15:17:18,839 - INFO - Camera started
2026-06-22 15:17:18,873 - INFO - Initialization successful.
2026-06-22 15:17:18,873 - INFO - Camera now open.
2026-06-22 15:17:18,875 - INFO - Camera configuration has been adjusted!
2026-06-22 15:17:18,876 - INFO - Configuration successful!
2026-06-22 15:17:18,888 - INFO - Camera started
2026-06-22 15:17:18,888 - INFO - 双摄像头初始化成功
2026-06-22 15:17:18,894 - ERROR - U盘检测异常:Command 'lsblk -o MOUNTPOINT,FSTYPE | grep /media/' returned non-zero exit status 1.
2026-06-22 15:17:27,376 - INFO - 模式切换按键触发
2026-06-22 15:17:27,667 - INFO - 模式切换按键触发
2026-06-22 15:17:28,721 - INFO - 模式切换按键触发
2026-06-22 15:17:29,014 - INFO - 模式切换按键触发
2026-06-22 15:17:30,711 - WARNING - 震动传感器触发，锁定当前录像片段
2026-06-22 15:17:32,069 - WARNING - 震动传感器触发，锁定当前录像片段
2026-06-22 15:17:37,122 - INFO - Camera stopped
2026-06-22 15:17:37,126 - INFO - Camera stopped
2026-06-22 15:17:37,228 - INFO - 程序正常退出，资源全部释放
2026-06-22 15:22:28,716 - INFO - Initialization successful.
2026-06-22 15:22:28,717 - INFO - Camera now open.
2026-06-22 15:22:28,718 - INFO - Camera configuration has been adjusted!
2026-06-22 15:22:28,719 - INFO - Configuration successful!
2026-06-22 15:22:28,732 - INFO - Camera started
2026-06-22 15:22:28,766 - INFO - Initialization successful.
2026-06-22 15:22:28,766 - INFO - Camera now open.
2026-06-22 15:22:28,768 - INFO - Camera configuration has been adjusted!
2026-06-22 15:22:28,769 - INFO - Configuration successful!
2026-06-22 15:22:28,785 - INFO - Camera started
2026-06-22 15:22:28,785 - INFO - 双摄像头初始化成功
2026-06-22 15:22:28,790 - WARNING - 【存储切换】U盘不可用(未找到拥有写入权限的U盘)，切换本地存储：/home/kongbin/record_backup
2026-06-22 15:22:35,230 - INFO - 模式切换按键触发
2026-06-22 15:22:35,551 - INFO - 模式切换按键触发
2026-06-22 15:22:36,463 - INFO - 模式切换按键触发
2026-06-22 15:22:36,798 - INFO - 模式切换按键触发
2026-06-22 15:22:40,247 - WARNING - 震动传感器触发，锁定当前录像片段
2026-06-22 15:22:41,968 - WARNING - 震动传感器触发，锁定当前录像片段
2026-06-22 15:22:42,328 - WARNING - 震动传感器触发，锁定当前录像片段
2026-06-22 15:22:45,691 - WARNING - 震动传感器触发，锁定当前录像片段
2026-06-22 15:22:46,115 - WARNING - 震动传感器触发，锁定当前录像片段
2026-06-22 15:22:46,862 - WARNING - 震动传感器触发，锁定当前录像片段
2026-06-22 15:22:55,847 - WARNING - 震动传感器触发，锁定当前录像片段
2026-06-22 15:22:56,925 - WARNING - 震动传感器触发，锁定当前录像片段
2026-06-22 15:22:57,879 - WARNING - 震动传感器触发，锁定当前录像片段
2026-06-22 15:22:59,251 - WARNING - 【存储切换】U盘不可用(未找到拥有写入权限的U盘)，切换本地存储：/home/kongbin/record_backup
2026-06-22 15:22:59,553 - INFO - 【容量校验】全部录像总大小:1.05GB，上限阈值:4GB
2026-06-22 15:23:29,230 - WARNING - 【存储切换】U盘不可用(未找到拥有写入权限的U盘)，切换本地存储：/home/kongbin/record_backup
2026-06-22 15:23:29,532 - INFO - 【容量校验】全部录像总大小:1.05GB，上限阈值:4GB
2026-06-22 15:23:59,255 - WARNING - 【存储切换】U盘不可用(未找到拥有写入权限的U盘)，切换本地存储：/home/kongbin/record_backup
2026-06-22 15:23:59,556 - INFO - 【容量校验】全部录像总大小:1.05GB，上限阈值:4GB
2026-06-22 15:24:29,253 - WARNING - 【存储切换】U盘不可用(未找到拥有写入权限的U盘)，切换本地存储：/home/kongbin/record_backup
2026-06-22 15:24:29,554 - INFO - 【容量校验】全部录像总大小:1.05GB，上限阈值:4GB
2026-06-22 15:24:59,261 - WARNING - 【存储切换】U盘不可用(未找到拥有写入权限的U盘)，切换本地存储：/home/kongbin/record_backup
2026-06-22 15:24:59,562 - INFO - 【容量校验】全部录像总大小:1.05GB，上限阈值:4GB
2026-06-22 15:25:29,242 - WARNING - 【存储切换】U盘不可用(未找到拥有写入权限的U盘)，切换本地存储：/home/kongbin/record_backup
2026-06-22 15:25:29,543 - INFO - 【容量校验】全部录像总大小:1.05GB，上限阈值:4GB
2026-06-22 15:25:59,252 - WARNING - 【存储切换】U盘不可用(未找到拥有写入权限的U盘)，切换本地存储：/home/kongbin/record_backup
2026-06-22 15:25:59,553 - INFO - 【容量校验】全部录像总大小:1.05GB，上限阈值:4GB
2026-06-22 15:27:03,311 - INFO - Initialization successful.
2026-06-22 15:27:03,314 - INFO - Camera now open.
2026-06-22 15:27:03,316 - INFO - Camera configuration has been adjusted!
2026-06-22 15:27:03,316 - INFO - Configuration successful!
2026-06-22 15:27:03,367 - INFO - Camera started
2026-06-22 15:27:03,401 - INFO - Initialization successful.
2026-06-22 15:27:03,401 - INFO - Camera now open.
2026-06-22 15:27:03,403 - INFO - Camera configuration has been adjusted!
2026-06-22 15:27:03,404 - INFO - Configuration successful!
2026-06-22 15:27:03,417 - INFO - Camera started
2026-06-22 15:27:03,417 - INFO - 双摄像头初始化成功
2026-06-22 15:28:04,496 - INFO - Initialization successful.
2026-06-22 15:28:04,497 - ERROR - Camera __init__ sequence did not complete.
2026-06-22 15:28:04,497 - ERROR - 摄像头初始化失败:Camera __init__ sequence did not complete.
2026-06-22 15:28:27,468 - WARNING - U盘挂载点 /media/kongbin/123 无写入权限，跳过：[Errno 5] 输入/输出错误
2026-06-22 15:28:27,468 - WARNING - 【存储切换】U盘不可用(未找到拥有写入权限的U盘)，切换本地存储：/home/kongbin/record_backup
2026-06-22 15:28:27,511 - INFO - Initialization successful.
2026-06-22 15:28:27,511 - INFO - Camera now open.
2026-06-22 15:28:27,513 - INFO - Camera configuration has been adjusted!
2026-06-22 15:28:27,514 - INFO - Configuration successful!
2026-06-22 15:28:27,531 - ERROR - 摄像头初始化失败:Failed to start camera: 无效的参数
2026-06-22 15:31:38,471 - INFO - Initialization successful.
2026-06-22 15:31:38,475 - INFO - Camera now open.
2026-06-22 15:31:38,477 - INFO - Camera configuration has been adjusted!
2026-06-22 15:31:38,477 - INFO - Configuration successful!
2026-06-22 15:31:38,493 - INFO - Camera started
2026-06-22 15:31:38,527 - INFO - Initialization successful.
2026-06-22 15:31:38,527 - INFO - Camera now open.
2026-06-22 15:31:38,529 - INFO - Camera configuration has been adjusted!
2026-06-22 15:31:38,529 - INFO - Configuration successful!
2026-06-22 15:31:38,543 - INFO - Camera started
2026-06-22 15:31:38,544 - INFO - 双摄像头初始化成功
2026-06-22 15:31:45,126 - INFO - 模式切换按键触发
2026-06-22 15:31:45,447 - INFO - 模式切换按键触发
2026-06-22 15:31:54,540 - INFO - 短按拍照键：截图保存
2026-06-22 15:31:56,387 - INFO - 短按拍照键：截图保存
2026-06-22 15:31:58,388 - INFO - 短按拍照键：截图保存
2026-06-22 15:32:01,514 - INFO - 短按拍照键：截图保存
2026-06-22 15:32:08,552 - INFO - 【容量校验】全部录像总大小:2.85GB，上限阈值:4GB
2026-06-22 15:32:38,555 - INFO - 【容量校验】全部录像总大小:2.85GB，上限阈值:4GB
2026-06-22 15:33:08,554 - INFO - 【容量校验】全部录像总大小:2.85GB，上限阈值:4GB
2026-06-22 15:33:38,560 - INFO - 【容量校验】全部录像总大小:2.85GB，上限阈值:4GB
2026-06-22 15:34:08,537 - INFO - 【容量校验】全部录像总大小:2.85GB，上限阈值:4GB
2026-06-22 15:34:38,546 - INFO - 【容量校验】全部录像总大小:2.85GB，上限阈值:4GB
2026-06-22 15:35:08,550 - INFO - 【容量校验】全部录像总大小:2.85GB，上限阈值:4GB
2026-06-22 15:35:19,394 - INFO - Camera stopped
2026-06-22 15:35:19,398 - INFO - Camera stopped
2026-06-22 15:35:19,500 - INFO - 程序正常退出，资源全部释放
2026-06-22 15:35:31,846 - INFO - Initialization successful.
2026-06-22 15:35:31,846 - INFO - Camera now open.
2026-06-22 15:35:31,848 - INFO - Camera configuration has been adjusted!
2026-06-22 15:35:31,848 - INFO - Configuration successful!
2026-06-22 15:35:31,862 - INFO - Camera started
2026-06-22 15:35:31,896 - INFO - Initialization successful.
2026-06-22 15:35:31,896 - INFO - Camera now open.
2026-06-22 15:35:31,898 - INFO - Camera configuration has been adjusted!
2026-06-22 15:35:31,899 - INFO - Configuration successful!
2026-06-22 15:35:31,912 - INFO - Camera started
2026-06-22 15:35:31,912 - INFO - 双摄像头初始化成功
2026-06-22 15:36:20,587 - INFO - Initialization successful.
2026-06-22 15:36:20,587 - ERROR - Camera __init__ sequence did not complete.
2026-06-22 15:36:20,587 - ERROR - 摄像头初始化失败:Camera __init__ sequence did not complete.
2026-06-22 15:36:20,627 - ERROR - 画面刷新异常:'NoneType' object has no attribute 'capture_array'
2026-06-22 15:36:20,659 - ERROR - 画面刷新异常:'NoneType' object has no attribute 'capture_array'
2026-06-22 15:36:20,691 - ERROR - 画面刷新异常:'NoneType' object has no attribute 'capture_array'
2026-06-22 15:36:20,723 - ERROR - 画面刷新异常:'NoneType' object has no attribute 'capture_array'
2026-06-22 15:36:20,755 - ERROR - 画面刷新异常:'NoneType' object has no attribute 'capture_array'
2026-06-22 15:36:20,787 - ERROR - 画面刷新异常:'NoneType' object has no attribute 'capture_array'
2026-06-22 15:36:20,819 - ERROR - 画面刷新异常:'NoneType' object has no attribute 'capture_array'
2026-06-22 15:36:20,851 - ERROR - 画面刷新异常:'NoneType' object has no attribute 'capture_array'
2026-06-22 15:36:20,883 - ERROR - 画面刷新异常:'NoneType' object has no attribute 'capture_array'
2026-06-22 15:36:20,915 - ERROR - 画面刷新异常:'NoneType' object has no attribute 'capture_array'
2026-06-22 15:36:20,947 - ERROR - 画面刷新异常:'NoneType' object has no attribute 'capture_array'
2026-06-22 15:36:20,979 - ERROR - 画面刷新异常:'NoneType' object has no attribute 'capture_array'
2026-06-22 15:36:21,011 - ERROR - 画面刷新异常:'NoneType' object has no attribute 'capture_array'
2026-06-22 15:36:21,043 - ERROR - 画面刷新异常:'NoneType' object has no attribute 'capture_array'
2026-06-22 15:36:21,075 - ERROR - 画面刷新异常:'NoneType' object has no attribute 'capture_array'
2026-06-22 15:36:21,107 - ERROR - 画面刷新异常:'NoneType' object has no attribute 'capture_array'
2026-06-22 15:36:21,139 - ERROR - 画面刷新异常:'NoneType' object has no attribute 'capture_array'
2026-06-22 15:36:21,171 - ERROR - 画面刷新异常:'NoneType' object has no attribute 'capture_array'
2026-06-22 15:36:21,203 - ERROR - 画面刷新异常:'NoneType' object has no attribute 'capture_array'
2026-06-22 15:36:21,234 - ERROR - 画面刷新异常:'NoneType' object has no attribute 'capture_array'
2026-06-22 15:36:21,267 - ERROR - 画面刷新异常:'NoneType' object has no attribute 'capture_array'
2026-06-22 15:36:21,299 - ERROR - 画面刷新异常:'NoneType' object has no attribute 'capture_array'
2026-06-22 15:36:21,331 - ERROR - 画面刷新异常:'NoneType' object has no attribute 'capture_array'
2026-06-22 15:36:21,363 - ERROR - 画面刷新异常:'NoneType' object has no attribute 'capture_array'
2026-06-22 15:36:21,395 - ERROR - 画面刷新异常:'NoneType' object has no attribute 'capture_array'
2026-06-22 15:36:21,427 - ERROR - 画面刷新异常:'NoneType' object has no attribute 'capture_array'
2026-06-22 15:36:21,459 - ERROR - 画面刷新异常:'NoneType' object has no attribute 'capture_array'
2026-06-22 15:36:21,491 - ERROR - 画面刷新异常:'NoneType' object has no attribute 'capture_array'
2026-06-22 15:36:21,523 - ERROR - 画面刷新异常:'NoneType' object has no attribute 'capture_array'
2026-06-22 15:36:21,555 - ERROR - 画面刷新异常:'NoneType' object has no attribute 'capture_array'
2026-06-22 15:36:21,587 - ERROR - 画面刷新异常:'NoneType' object has no attribute 'capture_array'
2026-06-22 15:36:21,619 - ERROR - 画面刷新异常:'NoneType' object has no attribute 'capture_array'
2026-06-22 15:36:21,651 - ERROR - 画面刷新异常:'NoneType' object has no attribute 'capture_array'
2026-06-22 15:36:21,683 - ERROR - 画面刷新异常:'NoneType' object has no attribute 'capture_array'
2026-06-22 15:36:21,715 - ERROR - 画面刷新异常:'NoneType' object has no attribute 'capture_array'
2026-06-22 15:36:21,747 - ERROR - 画面刷新异常:'NoneType' object has no attribute 'capture_array'
2026-06-22 15:36:21,779 - ERROR - 画面刷新异常:'NoneType' object has no attribute 'capture_array'
2026-06-22 15:36:21,811 - ERROR - 画面刷新异常:'NoneType' object has no attribute 'capture_array'
2026-06-22 15:36:21,843 - ERROR - 画面刷新异常:'NoneType' object has no attribute 'capture_array'
2026-06-22 15:36:21,875 - ERROR - 画面刷新异常:'NoneType' object has no attribute 'capture_array'
2026-06-22 15:36:21,907 - ERROR - 画面刷新异常:'NoneType' object has no attribute 'capture_array'
2026-06-22 15:36:21,939 - ERROR - 画面刷新异常:'NoneType' object has no attribute 'capture_array'
2026-06-22 15:36:21,971 - ERROR - 画面刷新异常:'NoneType' object has no attribute 'capture_array'
2026-06-22 15:36:22,003 - ERROR - 画面刷新异常:'NoneType' object has no attribute 'capture_array'
2026-06-22 15:36:22,035 - ERROR - 画面刷新异常:'NoneType' object has no attribute 'capture_array'
2026-06-22 15:36:22,067 - ERROR - 画面刷新异常:'NoneType' object has no attribute 'capture_array'
2026-06-22 15:36:22,099 - ERROR - 画面刷新异常:'NoneType' object has no attribute 'capture_array'
2026-06-22 15:36:22,131 - ERROR - 画面刷新异常:'NoneType' object has no attribute 'capture_array'
2026-06-22 15:36:22,163 - ERROR - 画面刷新异常:'NoneType' object has no attribute 'capture_array'
2026-06-22 15:36:22,195 - ERROR - 画面刷新异常:'NoneType' object has no attribute 'capture_array'
2026-06-22 15:36:22,227 - ERROR - 画面刷新异常:'NoneType' object has no attribute 'capture_array'
2026-06-22 15:36:22,259 - ERROR - 画面刷新异常:'NoneType' object has no attribute 'capture_array'
2026-06-22 15:36:22,291 - ERROR - 画面刷新异常:'NoneType' object has no attribute 'capture_array'
2026-06-22 15:36:22,323 - ERROR - 画面刷新异常:'NoneType' object has no attribute 'capture_array'
2026-06-22 15:36:22,355 - ERROR - 画面刷新异常:'NoneType' object has no attribute 'capture_array'
2026-06-22 15:36:22,387 - ERROR - 画面刷新异常:'NoneType' object has no attribute 'capture_array'
2026-06-22 15:36:22,419 - ERROR - 画面刷新异常:'NoneType' object has no attribute 'capture_array'
2026-06-22 15:36:22,451 - ERROR - 画面刷新异常:'NoneType' object has no attribute 'capture_array'
2026-06-22 15:36:22,483 - ERROR - 画面刷新异常:'NoneType' object has no attribute 'capture_array'
2026-06-22 15:36:22,515 - ERROR - 画面刷新异常:'NoneType' object has no attribute 'capture_array'
2026-06-22 15:36:22,547 - ERROR - 画面刷新异常:'NoneType' object has no attribute 'capture_array'
2026-06-22 15:36:22,579 - ERROR - 画面刷新异常:'NoneType' object has no attribute 'capture_array'
2026-06-22 15:36:22,611 - ERROR - 画面刷新异常:'NoneType' object has no attribute 'capture_array'
2026-06-22 15:36:22,643 - ERROR - 画面刷新异常:'NoneType' object has no attribute 'capture_array'
2026-06-22 15:36:22,675 - ERROR - 画面刷新异常:'NoneType' object has no attribute 'capture_array'
2026-06-22 15:36:22,707 - ERROR - 画面刷新异常:'NoneType' object has no attribute 'capture_array'
2026-06-22 15:36:22,739 - ERROR - 画面刷新异常:'NoneType' object has no attribute 'capture_array'
2026-06-22 15:36:22,771 - ERROR - 画面刷新异常:'NoneType' object has no attribute 'capture_array'
2026-06-22 15:36:22,803 - ERROR - 画面刷新异常:'NoneType' object has no attribute 'capture_array'
2026-06-22 15:36:22,835 - ERROR - 画面刷新异常:'NoneType' object has no attribute 'capture_array'
2026-06-22 15:36:22,867 - ERROR - 画面刷新异常:'NoneType' object has no attribute 'capture_array'
2026-06-22 15:36:22,899 - ERROR - 画面刷新异常:'NoneType' object has no attribute 'capture_array'
2026-06-22 15:36:22,931 - ERROR - 画面刷新异常:'NoneType' object has no attribute 'capture_array'
2026-06-22 15:36:22,963 - ERROR - 画面刷新异常:'NoneType' object has no attribute 'capture_array'
2026-06-22 15:36:22,995 - ERROR - 画面刷新异常:'NoneType' object has no attribute 'capture_array'
2026-06-22 15:36:23,027 - ERROR - 画面刷新异常:'NoneType' object has no attribute 'capture_array'
2026-06-22 15:36:23,059 - ERROR - 画面刷新异常:'NoneType' object has no attribute 'capture_array'
2026-06-22 15:36:23,091 - ERROR - 画面刷新异常:'NoneType' object has no attribute 'capture_array'
2026-06-22 15:36:23,123 - ERROR - 画面刷新异常:'NoneType' object has no attribute 'capture_array'
2026-06-22 15:36:23,155 - ERROR - 画面刷新异常:'NoneType' object has no attribute 'capture_array'
2026-06-22 15:36:23,187 - ERROR - 画面刷新异常:'NoneType' object has no attribute 'capture_array'
2026-06-22 15:36:23,219 - ERROR - 画面刷新异常:'NoneType' object has no attribute 'capture_array'
2026-06-22 15:36:23,251 - ERROR - 画面刷新异常:'NoneType' object has no attribute 'capture_array'
2026-06-22 15:36:23,283 - ERROR - 画面刷新异常:'NoneType' object has no attribute 'capture_array'
2026-06-22 15:36:23,315 - ERROR - 画面刷新异常:'NoneType' object has no attribute 'capture_array'
2026-06-22 15:36:23,347 - ERROR - 画面刷新异常:'NoneType' object has no attribute 'capture_array'
2026-06-22 15:36:23,379 - ERROR - 画面刷新异常:'NoneType' object has no attribute 'capture_array'
2026-06-22 15:36:23,411 - ERROR - 画面刷新异常:'NoneType' object has no attribute 'capture_array'
2026-06-22 15:36:23,443 - ERROR - 画面刷新异常:'NoneType' object has no attribute 'capture_array'
2026-06-22 15:36:23,475 - ERROR - 画面刷新异常:'NoneType' object has no attribute 'capture_array'
2026-06-22 15:36:23,507 - ERROR - 画面刷新异常:'NoneType' object has no attribute 'capture_array'
2026-06-22 15:36:23,539 - ERROR - 画面刷新异常:'NoneType' object has no attribute 'capture_array'
2026-06-22 15:36:23,571 - ERROR - 画面刷新异常:'NoneType' object has no attribute 'capture_array'
2026-06-22 15:36:23,603 - ERROR - 画面刷新异常:'NoneType' object has no attribute 'capture_array'
2026-06-22 15:36:23,634 - ERROR - 画面刷新异常:'NoneType' object has no attribute 'capture_array'
2026-06-22 15:36:23,667 - ERROR - 画面刷新异常:'NoneType' object has no attribute 'capture_array'
2026-06-22 15:36:23,699 - ERROR - 画面刷新异常:'NoneType' object has no attribute 'capture_array'
2026-06-22 15:36:23,714 - INFO - Initialization successful.
2026-06-22 15:36:23,714 - ERROR - Camera __init__ sequence did not complete.
2026-06-22 15:36:23,714 - ERROR - 摄像头初始化失败:Camera __init__ sequence did not complete.
2026-06-22 15:36:23,731 - ERROR - 画面刷新异常:'NoneType' object has no attribute 'capture_array'
2026-06-22 15:36:23,763 - ERROR - 画面刷新异常:'NoneType' object has no attribute 'capture_array'
2026-06-22 15:36:23,795 - ERROR - 画面刷新异常:'NoneType' object has no attribute 'capture_array'
2026-06-22 15:36:23,827 - ERROR - 画面刷新异常:'NoneType' object has no attribute 'capture_array'
2026-06-22 15:36:23,859 - ERROR - 画面刷新异常:'NoneType' object has no attribute 'capture_array'
2026-06-22 15:36:23,891 - ERROR - 画面刷新异常:'NoneType' object has no attribute 'capture_array'
2026-06-22 15:36:23,923 - ERROR - 画面刷新异常:'NoneType' object has no attribute 'capture_array'
2026-06-22 15:36:23,955 - ERROR - 画面刷新异常:'NoneType' object has no attribute 'capture_array'
2026-06-22 15:36:23,987 - ERROR - 画面刷新异常:'NoneType' object has no attribute 'capture_array'
2026-06-22 15:36:24,019 - ERROR - 画面刷新异常:'NoneType' object has no attribute 'capture_array'
2026-06-22 15:36:24,051 - ERROR - 画面刷新异常:'NoneType' object has no attribute 'capture_array'
2026-06-22 15:36:24,083 - ERROR - 画面刷新异常:'NoneType' object has no attribute 'capture_array'
2026-06-22 15:36:24,114 - ERROR - 画面刷新异常:'NoneType' object has no attribute 'capture_array'
2026-06-22 15:36:24,147 - ERROR - 画面刷新异常:'NoneType' object has no attribute 'capture_array'
2026-06-22 15:36:24,179 - ERROR - 画面刷新异常:'NoneType' object has no attribute 'capture_array'
2026-06-22 15:36:24,211 - ERROR - 画面刷新异常:'NoneType' object has no attribute 'capture_array'
2026-06-22 15:36:24,243 - ERROR - 画面刷新异常:'NoneType' object has no attribute 'capture_array'
2026-06-22 15:36:24,275 - ERROR - 画面刷新异常:'NoneType' object has no attribute 'capture_array'
2026-06-22 15:36:24,307 - ERROR - 画面刷新异常:'NoneType' object has no attribute 'capture_array'
2026-06-22 15:36:24,339 - ERROR - 画面刷新异常:'NoneType' object has no attribute 'capture_array'
2026-06-22 15:36:24,371 - ERROR - 画面刷新异常:'NoneType' object has no attribute 'capture_array'
2026-06-22 15:36:24,403 - ERROR - 画面刷新异常:'NoneType' object has no attribute 'capture_array'
2026-06-22 15:36:24,435 - ERROR - 画面刷新异常:'NoneType' object has no attribute 'capture_array'
2026-06-22 15:36:24,467 - ERROR - 画面刷新异常:'NoneType' object has no attribute 'capture_array'
2026-06-22 15:36:24,499 - ERROR - 画面刷新异常:'NoneType' object has no attribute 'capture_array'
2026-06-22 15:36:24,531 - ERROR - 画面刷新异常:'NoneType' object has no attribute 'capture_array'
2026-06-22 15:36:24,563 - ERROR - 画面刷新异常:'NoneType' object has no attribute 'capture_array'
2026-06-22 15:36:24,595 - ERROR - 画面刷新异常:'NoneType' object has no attribute 'capture_array'
2026-06-22 15:36:24,627 - ERROR - 画面刷新异常:'NoneType' object has no attribute 'capture_array'
2026-06-22 15:36:24,659 - ERROR - 画面刷新异常:'NoneType' object has no attribute 'capture_array'
2026-06-22 15:36:24,691 - ERROR - 画面刷新异常:'NoneType' object has no attribute 'capture_array'
2026-06-22 15:36:24,723 - ERROR - 画面刷新异常:'NoneType' object has no attribute 'capture_array'
2026-06-22 15:36:24,755 - ERROR - 画面刷新异常:'NoneType' object has no attribute 'capture_array'
2026-06-22 15:36:24,787 - ERROR - 画面刷新异常:'NoneType' object has no attribute 'capture_array'
2026-06-22 15:36:24,819 - ERROR - 画面刷新异常:'NoneType' object has no attribute 'capture_array'
2026-06-22 15:36:24,851 - ERROR - 画面刷新异常:'NoneType' object has no attribute 'capture_array'
2026-06-22 15:36:24,883 - ERROR - 画面刷新异常:'NoneType' object has no attribute 'capture_array'
2026-06-22 15:36:24,915 - ERROR - 画面刷新异常:'NoneType' object has no attribute 'capture_array'
2026-06-22 15:36:24,947 - ERROR - 画面刷新异常:'NoneType' object has no attribute 'capture_array'
2026-06-22 15:36:24,979 - ERROR - 画面刷新异常:'NoneType' object has no attribute 'capture_array'
2026-06-22 15:36:25,011 - ERROR - 画面刷新异常:'NoneType' object has no attribute 'capture_array'
2026-06-22 15:36:25,043 - ERROR - 画面刷新异常:'NoneType' object has no attribute 'capture_array'
2026-06-22 15:36:25,075 - ERROR - 画面刷新异常:'NoneType' object has no attribute 'capture_array'
2026-06-22 15:36:25,107 - ERROR - 画面刷新异常:'NoneType' object has no attribute 'capture_array'
2026-06-22 15:36:25,139 - ERROR - 画面刷新异常:'NoneType' object has no attribute 'capture_array'
2026-06-22 15:36:25,171 - ERROR - 画面刷新异常:'NoneType' object has no attribute 'capture_array'
2026-06-22 15:36:25,203 - ERROR - 画面刷新异常:'NoneType' object has no attribute 'capture_array'
2026-06-22 15:36:25,235 - ERROR - 画面刷新异常:'NoneType' object has no attribute 'capture_array'
2026-06-22 15:36:25,267 - ERROR - 画面刷新异常:'NoneType' object has no attribute 'capture_array'
2026-06-22 15:36:25,299 - ERROR - 画面刷新异常:'NoneType' object has no attribute 'capture_array'
2026-06-22 15:36:25,331 - ERROR - 画面刷新异常:'NoneType' object has no attribute 'capture_array'
2026-06-22 15:36:25,363 - ERROR - 画面刷新异常:'NoneType' object has no attribute 'capture_array'
2026-06-22 15:36:25,395 - ERROR - 画面刷新异常:'NoneType' object has no attribute 'capture_array'
2026-06-22 15:36:25,427 - ERROR - 画面刷新异常:'NoneType' object has no attribute 'capture_array'
2026-06-22 15:36:25,459 - ERROR - 画面刷新异常:'NoneType' object has no attribute 'capture_array'
2026-06-22 15:36:25,491 - ERROR - 画面刷新异常:'NoneType' object has no attribute 'capture_array'
2026-06-22 15:36:25,523 - ERROR - 画面刷新异常:'NoneType' object has no attribute 'capture_array'
2026-06-22 15:36:25,555 - ERROR - 画面刷新异常:'NoneType' object has no attribute 'capture_array'
2026-06-22 15:36:25,587 - ERROR - 画面刷新异常:'NoneType' object has no attribute 'capture_array'
2026-06-22 15:36:25,619 - ERROR - 画面刷新异常:'NoneType' object has no attribute 'capture_array'
2026-06-22 15:36:25,651 - ERROR - 画面刷新异常:'NoneType' object has no attribute 'capture_array'
2026-06-22 15:36:25,683 - ERROR - 画面刷新异常:'NoneType' object has no attribute 'capture_array'
2026-06-22 15:36:25,715 - ERROR - 画面刷新异常:'NoneType' object has no attribute 'capture_array'
2026-06-22 15:36:25,747 - ERROR - 画面刷新异常:'NoneType' object has no attribute 'capture_array'
2026-06-22 15:36:25,779 - ERROR - 画面刷新异常:'NoneType' object has no attribute 'capture_array'
2026-06-22 15:36:25,811 - ERROR - 画面刷新异常:'NoneType' object has no attribute 'capture_array'
2026-06-22 15:36:25,843 - ERROR - 画面刷新异常:'NoneType' object has no attribute 'capture_array'
2026-06-22 15:36:25,875 - ERROR - 画面刷新异常:'NoneType' object has no attribute 'capture_array'
2026-06-22 15:36:25,907 - ERROR - 画面刷新异常:'NoneType' object has no attribute 'capture_array'
2026-06-22 15:36:25,939 - ERROR - 画面刷新异常:'NoneType' object has no attribute 'capture_array'
2026-06-22 15:36:25,971 - ERROR - 画面刷新异常:'NoneType' object has no attribute 'capture_array'
2026-06-22 15:36:26,003 - ERROR - 画面刷新异常:'NoneType' object has no attribute 'capture_array'
2026-06-22 15:36:26,035 - ERROR - 画面刷新异常:'NoneType' object has no attribute 'capture_array'
2026-06-22 15:36:26,067 - ERROR - 画面刷新异常:'NoneType' object has no attribute 'capture_array'
2026-06-22 15:36:26,099 - ERROR - 画面刷新异常:'NoneType' object has no attribute 'capture_array'
2026-06-22 15:36:26,131 - ERROR - 画面刷新异常:'NoneType' object has no attribute 'capture_array'
2026-06-22 15:36:26,163 - ERROR - 画面刷新异常:'NoneType' object has no attribute 'capture_array'
2026-06-22 15:36:26,195 - ERROR - 画面刷新异常:'NoneType' object has no attribute 'capture_array'
2026-06-22 15:36:26,227 - ERROR - 画面刷新异常:'NoneType' object has no attribute 'capture_array'
2026-06-22 15:36:26,259 - ERROR - 画面刷新异常:'NoneType' object has no attribute 'capture_array'
2026-06-22 15:36:26,291 - ERROR - 画面刷新异常:'NoneType' object has no attribute 'capture_array'
2026-06-22 15:36:26,323 - ERROR - 画面刷新异常:'NoneType' object has no attribute 'capture_array'
2026-06-22 15:36:26,355 - ERROR - 画面刷新异常:'NoneType' object has no attribute 'capture_array'
2026-06-22 15:36:26,387 - ERROR - 画面刷新异常:'NoneType' object has no attribute 'capture_array'
2026-06-22 15:36:26,419 - ERROR - 画面刷新异常:'NoneType' object has no attribute 'capture_array'
2026-06-22 15:36:26,451 - ERROR - 画面刷新异常:'NoneType' object has no attribute 'capture_array'
2026-06-22 15:36:26,483 - ERROR - 画面刷新异常:'NoneType' object has no attribute 'capture_array'
2026-06-22 15:36:26,515 - ERROR - 画面刷新异常:'NoneType' object has no attribute 'capture_array'
2026-06-22 15:36:26,547 - ERROR - 画面刷新异常:'NoneType' object has no attribute 'capture_array'
2026-06-22 15:36:26,579 - ERROR - 画面刷新异常:'NoneType' object has no attribute 'capture_array'
2026-06-22 15:36:26,611 - ERROR - 画面刷新异常:'NoneType' object has no attribute 'capture_array'
2026-06-22 15:36:26,643 - ERROR - 画面刷新异常:'NoneType' object has no attribute 'capture_array'
2026-06-22 15:36:26,675 - ERROR - 画面刷新异常:'NoneType' object has no attribute 'capture_array'
2026-06-22 15:36:26,707 - ERROR - 画面刷新异常:'NoneType' object has no attribute 'capture_array'
2026-06-22 15:36:26,714 - INFO - Initialization successful.
2026-06-22 15:36:26,714 - ERROR - Camera __init__ sequence did not complete.
2026-06-22 15:36:26,714 - ERROR - 摄像头初始化失败:Camera __init__ sequence did not complete.
2026-06-22 15:36:26,739 - ERROR - 画面刷新异常:'NoneType' object has no attribute 'capture_array'
2026-06-22 15:36:26,771 - ERROR - 画面刷新异常:'NoneType' object has no attribute 'capture_array'
2026-06-22 15:36:26,803 - ERROR - 画面刷新异常:'NoneType' object has no attribute 'capture_array'
2026-06-22 15:36:26,835 - ERROR - 画面刷新异常:'NoneType' object has no attribute 'capture_array'
2026-06-22 15:36:26,867 - ERROR - 画面刷新异常:'NoneType' object has no attribute 'capture_array'
2026-06-22 15:36:26,899 - ERROR - 画面刷新异常:'NoneType' object has no attribute 'capture_array'
2026-06-22 15:36:26,931 - ERROR - 画面刷新异常:'NoneType' object has no attribute 'capture_array'
2026-06-22 15:36:26,963 - ERROR - 画面刷新异常:'NoneType' object has no attribute 'capture_array'
2026-06-22 15:36:26,995 - ERROR - 画面刷新异常:'NoneType' object has no attribute 'capture_array'
2026-06-22 15:36:27,027 - ERROR - 画面刷新异常:'NoneType' object has no attribute 'capture_array'
2026-06-22 15:36:27,059 - ERROR - 画面刷新异常:'NoneType' object has no attribute 'capture_array'
2026-06-22 15:36:27,091 - ERROR - 画面刷新异常:'NoneType' object has no attribute 'capture_array'
2026-06-22 15:36:27,123 - ERROR - 画面刷新异常:'NoneType' object has no attribute 'capture_array'
2026-06-22 15:36:27,155 - ERROR - 画面刷新异常:'NoneType' object has no attribute 'capture_array'
2026-06-22 15:36:27,187 - ERROR - 画面刷新异常:'NoneType' object has no attribute 'capture_array'
2026-06-22 15:36:27,219 - ERROR - 画面刷新异常:'NoneType' object has no attribute 'capture_array'
2026-06-22 15:36:27,251 - ERROR - 画面刷新异常:'NoneType' object has no attribute 'capture_array'
2026-06-22 15:36:27,283 - ERROR - 画面刷新异常:'NoneType' object has no attribute 'capture_array'
2026-06-22 15:36:27,315 - ERROR - 画面刷新异常:'NoneType' object has no attribute 'capture_array'
2026-06-22 15:36:27,347 - ERROR - 画面刷新异常:'NoneType' object has no attribute 'capture_array'
2026-06-22 15:36:27,379 - ERROR - 画面刷新异常:'NoneType' object has no attribute 'capture_array'
2026-06-22 15:36:27,411 - ERROR - 画面刷新异常:'NoneType' object has no attribute 'capture_array'
2026-06-22 15:36:27,443 - ERROR - 画面刷新异常:'NoneType' object has no attribute 'capture_array'
2026-06-22 15:36:27,475 - ERROR - 画面刷新异常:'NoneType' object has no attribute 'capture_array'
2026-06-22 15:36:27,507 - ERROR - 画面刷新异常:'NoneType' object has no attribute 'capture_array'
2026-06-22 15:36:27,539 - ERROR - 画面刷新异常:'NoneType' object has no attribute 'capture_array'
2026-06-22 15:36:27,571 - ERROR - 画面刷新异常:'NoneType' object has no attribute 'capture_array'
2026-06-22 15:36:27,603 - ERROR - 画面刷新异常:'NoneType' object has no attribute 'capture_array'
2026-06-22 15:36:27,635 - ERROR - 画面刷新异常:'NoneType' object has no attribute 'capture_array'
2026-06-22 15:36:27,667 - ERROR - 画面刷新异常:'NoneType' object has no attribute 'capture_array'
2026-06-22 15:36:27,699 - ERROR - 画面刷新异常:'NoneType' object has no attribute 'capture_array'
2026-06-22 15:36:27,731 - ERROR - 画面刷新异常:'NoneType' object has no attribute 'capture_array'
2026-06-22 15:36:27,763 - ERROR - 画面刷新异常:'NoneType' object has no attribute 'capture_array'
2026-06-22 15:36:27,795 - ERROR - 画面刷新异常:'NoneType' object has no attribute 'capture_array'
2026-06-22 15:36:27,827 - ERROR - 画面刷新异常:'NoneType' object has no attribute 'capture_array'
2026-06-22 15:36:27,859 - ERROR - 画面刷新异常:'NoneType' object has no attribute 'capture_array'
2026-06-22 15:36:27,891 - ERROR - 画面刷新异常:'NoneType' object has no attribute 'capture_array'
2026-06-22 15:36:27,923 - ERROR - 画面刷新异常:'NoneType' object has no attribute 'capture_array'
2026-06-22 15:36:27,955 - ERROR - 画面刷新异常:'NoneType' object has no attribute 'capture_array'
2026-06-22 15:36:27,987 - ERROR - 画面刷新异常:'NoneType' object has no attribute 'capture_array'
2026-06-22 15:36:28,019 - ERROR - 画面刷新异常:'NoneType' object has no attribute 'capture_array'
2026-06-22 15:36:28,051 - ERROR - 画面刷新异常:'NoneType' object has no attribute 'capture_array'
2026-06-22 15:36:28,083 - ERROR - 画面刷新异常:'NoneType' object has no attribute 'capture_array'
2026-06-22 15:36:28,115 - ERROR - 画面刷新异常:'NoneType' object has no attribute 'capture_array'
2026-06-22 15:36:28,147 - ERROR - 画面刷新异常:'NoneType' object has no attribute 'capture_array'
2026-06-22 15:36:28,179 - ERROR - 画面刷新异常:'NoneType' object has no attribute 'capture_array'
2026-06-22 15:36:28,211 - ERROR - 画面刷新异常:'NoneType' object has no attribute 'capture_array'
2026-06-22 15:36:28,243 - ERROR - 画面刷新异常:'NoneType' object has no attribute 'capture_array'
2026-06-22 15:36:28,275 - ERROR - 画面刷新异常:'NoneType' object has no attribute 'capture_array'
2026-06-22 15:36:28,307 - ERROR - 画面刷新异常:'NoneType' object has no attribute 'capture_array'
2026-06-22 15:36:28,339 - ERROR - 画面刷新异常:'NoneType' object has no attribute 'capture_array'
2026-06-22 15:36:28,371 - ERROR - 画面刷新异常:'NoneType' object has no attribute 'capture_array'
2026-06-22 15:36:28,403 - ERROR - 画面刷新异常:'NoneType' object has no attribute 'capture_array'
2026-06-22 15:36:28,435 - ERROR - 画面刷新异常:'NoneType' object has no attribute 'capture_array'
2026-06-22 15:36:28,547 - INFO - 程序正常退出，资源全部释放
2026-06-22 15:36:28,547 - ERROR - 画面刷新异常:'NoneType' object has no attribute 'capture_array'
2026-06-22 15:36:58,181 - INFO - Initialization successful.
2026-06-22 15:36:58,182 - INFO - Camera now open.
2026-06-22 15:36:58,184 - INFO - Camera configuration has been adjusted!
2026-06-22 15:36:58,184 - INFO - Configuration successful!
2026-06-22 15:36:58,195 - INFO - Camera started
2026-06-22 15:36:58,230 - INFO - Initialization successful.
2026-06-22 15:36:58,230 - INFO - Camera now open.
2026-06-22 15:36:58,232 - INFO - Camera configuration has been adjusted!
2026-06-22 15:36:58,232 - INFO - Configuration successful!
2026-06-22 15:36:58,245 - INFO - Camera started
2026-06-22 15:36:58,245 - INFO - 双摄像头初始化成功
2026-06-22 15:36:58,251 - ERROR - U盘检测异常:Command 'lsblk -o MOUNTPOINT,FSTYPE | grep /media/' returned non-zero exit status 1.
2026-06-22 15:37:01,850 - INFO - Camera stopped
2026-06-22 15:37:01,854 - INFO - Camera stopped
2026-06-22 15:37:01,956 - INFO - 程序正常退出，资源全部释放
2026-06-22 15:39:08,101 - INFO - Initialization successful.
2026-06-22 15:39:08,101 - INFO - Camera now open.
2026-06-22 15:39:08,103 - INFO - Camera configuration has been adjusted!
2026-06-22 15:39:08,103 - INFO - Configuration successful!
2026-06-22 15:39:08,117 - INFO - Camera started
2026-06-22 15:39:08,151 - INFO - Initialization successful.
2026-06-22 15:39:08,151 - INFO - Camera now open.
2026-06-22 15:39:08,153 - INFO - Camera configuration has been adjusted!
2026-06-22 15:39:08,153 - INFO - Configuration successful!
2026-06-22 15:39:08,167 - INFO - Camera started
2026-06-22 15:39:08,167 - INFO - 双摄像头初始化成功
2026-06-22 15:39:08,172 - ERROR - U盘检测异常:Command 'lsblk -o MOUNTPOINT,FSTYPE | grep /media/' returned non-zero exit status 1.
2026-06-22 15:39:14,115 - INFO - 模式切换按键触发
2026-06-22 15:39:14,326 - INFO - 模式切换按键触发
2026-06-22 15:39:15,676 - INFO - 模式切换按键触发
2026-06-22 15:39:15,912 - INFO - 模式切换按键触发
2026-06-22 15:39:16,594 - INFO - 模式切换按键触发
2026-06-22 15:39:17,208 - INFO - 模式切换按键触发
2026-06-22 15:39:17,908 - INFO - 模式切换按键触发
2026-06-22 15:39:18,452 - INFO - 模式切换按键触发
2026-06-22 15:39:19,721 - INFO - 模式切换按键触发
2026-06-22 15:39:20,666 - INFO - 模式切换按键触发
2026-06-22 15:39:21,238 - INFO - 模式切换按键触发
2026-06-22 15:39:21,712 - INFO - 模式切换按键触发
2026-06-22 15:39:22,076 - INFO - 模式切换按键触发
2026-06-22 15:39:23,577 - INFO - 模式切换按键触发
2026-06-22 15:39:24,466 - INFO - 模式切换按键触发
2026-06-22 15:39:24,961 - INFO - 模式切换按键触发
2026-06-22 15:39:34,047 - INFO - Camera stopped
2026-06-22 15:39:34,050 - INFO - Camera stopped
2026-06-22 15:39:34,152 - INFO - 程序正常退出，资源全部释放
2026-06-22 15:40:28,370 - INFO - Initialization successful.
2026-06-22 15:40:28,370 - INFO - Camera now open.
2026-06-22 15:40:28,372 - INFO - Camera configuration has been adjusted!
2026-06-22 15:40:28,372 - INFO - Configuration successful!
2026-06-22 15:40:28,385 - INFO - Camera started
2026-06-22 15:40:28,419 - INFO - Initialization successful.
2026-06-22 15:40:28,419 - INFO - Camera now open.
2026-06-22 15:40:28,421 - INFO - Camera configuration has been adjusted!
2026-06-22 15:40:28,422 - INFO - Configuration successful!
2026-06-22 15:40:28,436 - INFO - Camera started
2026-06-22 15:40:28,436 - INFO - 双摄像头初始化成功
2026-06-22 15:40:28,441 - ERROR - U盘检测异常:Command 'lsblk -o MOUNTPOINT,FSTYPE | grep /media/' returned non-zero exit status 1.
2026-06-22 15:40:31,613 - INFO - 模式切换按键触发
2026-06-22 15:40:31,847 - INFO - 模式切换按键触发
2026-06-22 15:40:33,681 - INFO - 模式切换按键触发
2026-06-22 15:40:34,898 - INFO - 模式切换按键触发
2026-06-22 15:40:39,743 - INFO - Camera stopped
2026-06-22 15:40:39,746 - INFO - Camera stopped
2026-06-22 15:40:39,848 - INFO - 程序正常退出，资源全部释放
2026-06-22 15:41:50,042 - INFO - Initialization successful.
2026-06-22 15:41:50,043 - INFO - Camera now open.
2026-06-22 15:41:50,045 - INFO - Camera configuration has been adjusted!
2026-06-22 15:41:50,045 - INFO - Configuration successful!
2026-06-22 15:41:50,058 - INFO - Camera started
2026-06-22 15:41:50,091 - INFO - Initialization successful.
2026-06-22 15:41:50,091 - INFO - Camera now open.
2026-06-22 15:41:50,093 - INFO - Camera configuration has been adjusted!
2026-06-22 15:41:50,093 - INFO - Configuration successful!
2026-06-22 15:41:50,109 - INFO - Camera started
2026-06-22 15:41:50,109 - INFO - 双摄像头初始化成功
2026-06-22 15:41:50,114 - ERROR - U盘检测异常:Command 'lsblk -o MOUNTPOINT,FSTYPE | grep /media/' returned non-zero exit status 1.
2026-06-22 15:42:20,278 - ERROR - U盘检测异常:Command 'lsblk -o MOUNTPOINT,FSTYPE | grep /media/' returned non-zero exit status 1.
2026-06-22 15:42:20,279 - INFO - 【容量校验】全部录像总大小:1.05GB，上限阈值:4GB
2026-06-22 15:42:50,274 - ERROR - U盘检测异常:Command 'lsblk -o MOUNTPOINT,FSTYPE | grep /media/' returned non-zero exit status 1.
2026-06-22 15:42:50,275 - INFO - 【容量校验】全部录像总大小:1.05GB，上限阈值:4GB
2026-06-22 15:43:20,240 - ERROR - U盘检测异常:Command 'lsblk -o MOUNTPOINT,FSTYPE | grep /media/' returned non-zero exit status 1.
2026-06-22 15:43:20,241 - INFO - 【容量校验】全部录像总大小:1.05GB，上限阈值:4GB
2026-06-22 15:43:27,333 - INFO - Camera stopped
2026-06-22 15:43:27,337 - INFO - Camera stopped
2026-06-22 15:43:27,438 - INFO - 程序正常退出，资源全部释放
2026-06-22 15:44:25,227 - INFO - Initialization successful.
2026-06-22 15:44:25,227 - INFO - Camera now open.
2026-06-22 15:44:25,230 - INFO - Camera configuration has been adjusted!
2026-06-22 15:44:25,231 - INFO - Configuration successful!
2026-06-22 15:44:25,242 - INFO - Camera started
2026-06-22 15:44:25,276 - INFO - Initialization successful.
2026-06-22 15:44:25,277 - INFO - Camera now open.
2026-06-22 15:44:25,279 - INFO - Camera configuration has been adjusted!
2026-06-22 15:44:25,280 - INFO - Configuration successful!
2026-06-22 15:44:25,291 - INFO - Camera started
2026-06-22 15:44:25,291 - INFO - 双摄像头初始化成功
2026-06-22 15:44:25,297 - ERROR - U盘检测异常:Command 'lsblk -o MOUNTPOINT,FSTYPE | grep /media/' returned non-zero exit status 1.
2026-06-22 15:44:28,730 - INFO - Camera stopped
2026-06-22 15:44:28,734 - INFO - Camera stopped
2026-06-22 15:44:28,836 - INFO - 程序正常退出，资源全部释放
2026-06-22 15:54:01,682 - INFO - Initialization successful.
2026-06-22 15:54:01,683 - INFO - Camera now open.
2026-06-22 15:54:01,684 - INFO - Camera configuration has been adjusted!
2026-06-22 15:54:01,685 - INFO - Configuration successful!
2026-06-22 15:54:01,698 - INFO - Camera started
2026-06-22 15:54:01,731 - INFO - Initialization successful.
2026-06-22 15:54:01,731 - INFO - Camera now open.
2026-06-22 15:54:01,733 - INFO - Camera configuration has been adjusted!
2026-06-22 15:54:01,733 - INFO - Configuration successful!
2026-06-22 15:54:01,750 - INFO - Camera started
2026-06-22 15:54:01,750 - INFO - 双摄像头初始化成功
2026-06-22 15:54:01,755 - ERROR - U盘检测异常:Command 'lsblk -o MOUNTPOINT,FSTYPE | grep /media/' returned non-zero exit status 1.
2026-06-22 15:54:05,336 - INFO - 模式切换按键触发
2026-06-22 15:54:05,599 - INFO - 模式切换按键触发
2026-06-22 15:54:08,238 - INFO - 模式切换按键触发
2026-06-22 15:54:08,769 - INFO - 模式切换按键触发
2026-06-22 15:54:10,307 - INFO - 模式切换按键触发
2026-06-22 15:54:10,670 - INFO - 模式切换按键触发
2026-06-22 15:54:12,627 - INFO - 模式切换按键触发
2026-06-22 15:54:13,009 - INFO - 模式切换按键触发
2026-06-22 15:54:14,164 - INFO - 模式切换按键触发
2026-06-22 15:54:14,629 - INFO - 模式切换按键触发
2026-06-22 15:54:15,620 - INFO - 模式切换按键触发
2026-06-22 15:54:16,100 - INFO - 模式切换按键触发
2026-06-22 15:54:32,251 - ERROR - U盘检测异常:Command 'lsblk -o MOUNTPOINT,FSTYPE | grep /media/' returned non-zero exit status 1.
2026-06-22 15:54:32,252 - INFO - 【容量校验】全部录像总大小:1.05GB，上限阈值:4GB
2026-06-22 15:54:43,676 - INFO - 模式切换按键触发
2026-06-22 15:54:43,953 - INFO - 模式切换按键触发
2026-06-22 15:54:46,013 - INFO - 模式切换按键触发
2026-06-22 15:54:46,280 - INFO - 模式切换按键触发
2026-06-22 15:54:47,268 - INFO - 模式切换按键触发
2026-06-22 15:54:47,520 - INFO - 模式切换按键触发
2026-06-22 15:54:53,951 - INFO - 模式切换按键触发
2026-06-22 15:54:54,221 - INFO - 模式切换按键触发
2026-06-22 15:54:57,506 - INFO - 模式切换按键触发
2026-06-22 15:54:57,721 - INFO - 模式切换按键触发
2026-06-22 15:55:02,237 - ERROR - U盘检测异常:Command 'lsblk -o MOUNTPOINT,FSTYPE | grep /media/' returned non-zero exit status 1.
2026-06-22 15:55:02,238 - INFO - 【容量校验】全部录像总大小:1.05GB，上限阈值:4GB
2026-06-22 15:55:02,961 - INFO - 模式切换按键触发
2026-06-22 15:55:03,189 - INFO - 模式切换按键触发
2026-06-22 15:55:04,964 - INFO - 模式切换按键触发
2026-06-22 15:55:05,168 - INFO - 模式切换按键触发
2026-06-22 15:55:05,730 - INFO - 模式切换按键触发
2026-06-22 15:55:32,226 - ERROR - U盘检测异常:Command 'lsblk -o MOUNTPOINT,FSTYPE | grep /media/' returned non-zero exit status 1.
2026-06-22 15:55:32,227 - INFO - 【容量校验】全部录像总大小:1.05GB，上限阈值:4GB
2026-06-22 15:56:02,248 - ERROR - U盘检测异常:Command 'lsblk -o MOUNTPOINT,FSTYPE | grep /media/' returned non-zero exit status 1.
2026-06-22 15:56:02,249 - INFO - 【容量校验】全部录像总大小:1.05GB，上限阈值:4GB
2026-06-22 15:56:32,239 - ERROR - U盘检测异常:Command 'lsblk -o MOUNTPOINT,FSTYPE | grep /media/' returned non-zero exit status 1.
2026-06-22 15:56:32,240 - INFO - 【容量校验】全部录像总大小:1.05GB，上限阈值:4GB
2026-06-22 15:57:02,230 - ERROR - U盘检测异常:Command 'lsblk -o MOUNTPOINT,FSTYPE | grep /media/' returned non-zero exit status 1.
2026-06-22 15:57:02,231 - INFO - 【容量校验】全部录像总大小:1.05GB，上限阈值:4GB
2026-06-22 15:57:32,251 - ERROR - U盘检测异常:Command 'lsblk -o MOUNTPOINT,FSTYPE | grep /media/' returned non-zero exit status 1.
2026-06-22 15:57:32,252 - INFO - 【容量校验】全部录像总大小:1.05GB，上限阈值:4GB
2026-06-22 15:57:56,310 - INFO - Camera stopped
2026-06-22 15:57:56,314 - INFO - Camera stopped
2026-06-22 15:57:56,416 - INFO - 程序正常退出，资源全部释放
2026-06-22 16:25:02,442 - INFO - Initialization successful.
2026-06-22 16:25:02,443 - INFO - Camera now open.
2026-06-22 16:25:02,444 - INFO - Camera configuration has been adjusted!
2026-06-22 16:25:02,445 - INFO - Configuration successful!
2026-06-22 16:25:02,458 - INFO - Camera started
2026-06-22 16:25:02,491 - INFO - Initialization successful.
2026-06-22 16:25:02,491 - INFO - Camera now open.
2026-06-22 16:25:02,493 - INFO - Camera configuration has been adjusted!
2026-06-22 16:25:02,493 - INFO - Configuration successful!
2026-06-22 16:25:02,509 - INFO - Camera started
2026-06-22 16:25:02,509 - INFO - 双摄像头初始化成功
2026-06-22 16:25:02,514 - ERROR - U盘检测异常:Command 'lsblk -o MOUNTPOINT,FSTYPE | grep /media/' returned non-zero exit status 1.
2026-06-22 16:25:23,068 - INFO - 模式切换按键触发
2026-06-22 16:25:23,304 - INFO - 模式切换按键触发
2026-06-22 16:25:24,168 - INFO - 模式切换按键触发
2026-06-22 16:25:24,529 - INFO - 模式切换按键触发
2026-06-22 16:25:25,381 - INFO - 模式切换按键触发
2026-06-22 16:25:25,696 - INFO - 模式切换按键触发
2026-06-22 16:25:26,535 - INFO - 模式切换按键触发
2026-06-22 16:25:26,844 - INFO - 模式切换按键触发
2026-06-22 16:25:28,834 - INFO - 模式切换按键触发
2026-06-22 16:25:30,430 - INFO - 模式切换按键触发
2026-06-22 16:25:30,956 - INFO - 模式切换按键触发
2026-06-22 16:25:32,245 - ERROR - U盘检测异常:Command 'lsblk -o MOUNTPOINT,FSTYPE | grep /media/' returned non-zero exit status 1.
2026-06-22 16:25:32,246 - INFO - 【容量校验】全部录像总大小:1.05GB，上限阈值:4GB
2026-06-22 16:25:42,306 - INFO - Camera stopped
2026-06-22 16:25:42,310 - INFO - Camera stopped
2026-06-22 16:25:42,412 - INFO - 程序正常退出，资源全部释放
2026-06-22 16:28:12,151 - INFO - Initialization successful.
2026-06-22 16:28:12,152 - INFO - Camera now open.
2026-06-22 16:28:12,154 - INFO - Camera configuration has been adjusted!
2026-06-22 16:28:12,154 - INFO - Configuration successful!
2026-06-22 16:28:12,167 - INFO - Camera started
2026-06-22 16:28:12,201 - INFO - Initialization successful.
2026-06-22 16:28:12,201 - INFO - Camera now open.
2026-06-22 16:28:12,203 - INFO - Camera configuration has been adjusted!
2026-06-22 16:28:12,204 - INFO - Configuration successful!
2026-06-22 16:28:12,217 - INFO - Camera started
2026-06-22 16:28:12,218 - INFO - 双摄像头初始化成功
2026-06-22 16:28:12,223 - ERROR - U盘检测异常:Command 'lsblk -o MOUNTPOINT,FSTYPE | grep /media/' returned non-zero exit status 1.
2026-06-22 16:28:42,250 - ERROR - U盘检测异常:Command 'lsblk -o MOUNTPOINT,FSTYPE | grep /media/' returned non-zero exit status 1.
2026-06-22 16:28:42,251 - INFO - 【容量校验】全部录像总大小:1.05GB，上限阈值:4GB
2026-06-22 16:28:43,579 - INFO - Camera stopped
2026-06-22 16:28:43,583 - INFO - Camera stopped
2026-06-22 16:28:43,685 - INFO - 程序正常退出，资源全部释放
2026-06-22 16:29:24,351 - INFO - Initialization successful.
2026-06-22 16:29:24,351 - INFO - Camera now open.
2026-06-22 16:29:24,353 - INFO - Camera configuration has been adjusted!
2026-06-22 16:29:24,353 - INFO - Configuration successful!
2026-06-22 16:29:24,366 - INFO - Camera started
2026-06-22 16:29:24,399 - INFO - Initialization successful.
2026-06-22 16:29:24,399 - INFO - Camera now open.
2026-06-22 16:29:24,401 - INFO - Camera configuration has been adjusted!
2026-06-22 16:29:24,401 - INFO - Configuration successful!
2026-06-22 16:29:24,416 - INFO - Camera started
2026-06-22 16:29:24,416 - INFO - 双摄像头初始化成功
2026-06-22 16:29:24,421 - ERROR - U盘检测异常:Command 'lsblk -o MOUNTPOINT,FSTYPE | grep /media/' returned non-zero exit status 1.
2026-06-22 16:29:26,830 - INFO - 模式切换按键触发
2026-06-22 16:29:27,035 - INFO - 模式切换按键触发
2026-06-22 16:29:28,956 - INFO - 模式切换按键触发
2026-06-22 16:29:29,181 - INFO - 模式切换按键触发
2026-06-22 16:29:33,812 - INFO - 模式切换按键触发
2026-06-22 16:29:34,021 - INFO - 模式切换按键触发
2026-06-22 16:29:36,445 - WARNING - 震动传感器触发，锁定当前录像片段
2026-06-22 16:29:46,827 - INFO - 短按拍照键：截图保存
2026-06-22 16:29:49,022 - INFO - 短按拍照键：截图保存
2026-06-22 16:29:51,256 - INFO - 短按拍照键：截图保存
2026-06-22 16:29:53,166 - INFO - 短按拍照键：截图保存
2026-06-22 16:29:54,090 - INFO - 短按拍照键：截图保存
2026-06-22 16:29:54,248 - ERROR - U盘检测异常:Command 'lsblk -o MOUNTPOINT,FSTYPE | grep /media/' returned non-zero exit status 1.
2026-06-22 16:29:54,250 - INFO - 【容量校验】全部录像总大小:1.05GB，上限阈值:4GB
2026-06-22 16:29:56,156 - INFO - 模式切换按键触发
2026-06-22 16:29:58,825 - INFO - 模式切换按键触发
2026-06-22 16:30:00,679 - WARNING - 震动传感器触发，锁定当前录像片段
2026-06-22 16:30:00,988 - WARNING - 震动传感器触发，锁定当前录像片段
2026-06-22 16:30:02,924 - WARNING - 震动传感器触发，锁定当前录像片段
2026-06-22 16:30:04,528 - WARNING - 震动传感器触发，锁定当前录像片段
2026-06-22 16:30:07,093 - WARNING - 震动传感器触发，锁定当前录像片段
2026-06-22 16:30:08,737 - INFO - 模式切换按键触发
2026-06-22 16:30:09,008 - INFO - 模式切换按键触发
2026-06-22 16:30:11,115 - INFO - 模式切换按键触发
2026-06-22 16:30:11,376 - INFO - 模式切换按键触发
2026-06-22 16:30:13,154 - INFO - 模式切换按键触发
2026-06-22 16:30:13,468 - INFO - 模式切换按键触发
2026-06-22 16:30:21,393 - INFO - Initialization successful.
2026-06-22 16:30:21,393 - INFO - Camera now open.
2026-06-22 16:30:21,395 - INFO - Camera configuration has been adjusted!
2026-06-22 16:30:21,396 - INFO - Configuration successful!
2026-06-22 16:30:21,410 - INFO - Camera started
2026-06-22 16:30:21,444 - INFO - Initialization successful.
2026-06-22 16:30:21,444 - INFO - Camera now open.
2026-06-22 16:30:21,446 - INFO - Camera configuration has been adjusted!
2026-06-22 16:30:21,446 - INFO - Configuration successful!
2026-06-22 16:30:21,460 - INFO - Camera started
2026-06-22 16:30:21,460 - INFO - 双摄像头初始化成功
2026-06-22 16:30:21,466 - ERROR - U盘检测异常:Command 'lsblk -o MOUNTPOINT,FSTYPE | grep /media/' returned non-zero exit status 1.
2026-06-22 16:30:24,701 - INFO - 模式切换按键触发
2026-06-22 16:30:24,962 - INFO - 模式切换按键触发
2026-06-22 16:30:36,504 - INFO - 【录像创建成功】文件路径：/home/kongbin/record_backup/20260622_163036.mp4
2026-06-22 16:30:36,505 - INFO - 开始录像，文件:/home/kongbin/record_backup/20260622_163036.mp4
2026-06-22 16:30:39,475 - INFO - 停止录像
2026-06-22 16:30:39,559 - INFO - 【录像创建成功】文件路径：/home/kongbin/record_backup/20260622_163039.mp4
2026-06-22 16:30:39,559 - INFO - 开始录像，文件:/home/kongbin/record_backup/20260622_163039.mp4
2026-06-22 16:30:41,298 - INFO - 停止录像
2026-06-22 16:30:51,258 - ERROR - U盘检测异常:Command 'lsblk -o MOUNTPOINT,FSTYPE | grep /media/' returned non-zero exit status 1.
2026-06-22 16:30:51,259 - INFO - 【容量校验】全部录像总大小:1.05GB，上限阈值:4GB
2026-06-22 16:30:57,620 - INFO - 【录像创建成功】文件路径：/home/kongbin/record_backup/20260622_163057.mp4
2026-06-22 16:30:57,620 - INFO - 开始录像，文件:/home/kongbin/record_backup/20260622_163057.mp4
2026-06-22 16:31:21,259 - ERROR - U盘检测异常:Command 'lsblk -o MOUNTPOINT,FSTYPE | grep /media/' returned non-zero exit status 1.
2026-06-22 16:31:21,260 - INFO - 【容量校验】全部录像总大小:1.05GB，上限阈值:4GB
2026-06-22 16:31:51,252 - ERROR - U盘检测异常:Command 'lsblk -o MOUNTPOINT,FSTYPE | grep /media/' returned non-zero exit status 1.
2026-06-22 16:31:51,253 - INFO - 【容量校验】全部录像总大小:1.06GB，上限阈值:4GB
2026-06-22 16:32:21,250 - ERROR - U盘检测异常:Command 'lsblk -o MOUNTPOINT,FSTYPE | grep /media/' returned non-zero exit status 1.
2026-06-22 16:32:21,251 - INFO - 【容量校验】全部录像总大小:1.07GB，上限阈值:4GB
2026-06-22 16:32:51,243 - ERROR - U盘检测异常:Command 'lsblk -o MOUNTPOINT,FSTYPE | grep /media/' returned non-zero exit status 1.
2026-06-22 16:32:51,244 - INFO - 【容量校验】全部录像总大小:1.07GB，上限阈值:4GB
2026-06-22 16:32:57,629 - INFO - 达到分段时长，新建录像文件
2026-06-22 16:32:57,630 - INFO - 【录像创建成功】文件路径：/home/kongbin/record_backup/20260622_163257.mp4
2026-06-22 16:33:21,230 - ERROR - U盘检测异常:Command 'lsblk -o MOUNTPOINT,FSTYPE | grep /media/' returned non-zero exit status 1.
2026-06-22 16:33:21,231 - INFO - 【容量校验】全部录像总大小:1.08GB，上限阈值:4GB
2026-06-22 16:33:51,257 - ERROR - U盘检测异常:Command 'lsblk -o MOUNTPOINT,FSTYPE | grep /media/' returned non-zero exit status 1.
2026-06-22 16:33:51,258 - INFO - 【容量校验】全部录像总大小:1.09GB，上限阈值:4GB
2026-06-22 16:34:21,280 - ERROR - U盘检测异常:Command 'lsblk -o MOUNTPOINT,FSTYPE | grep /media/' returned non-zero exit status 1.
2026-06-22 16:34:21,281 - INFO - 【容量校验】全部录像总大小:1.09GB，上限阈值:4GB
2026-06-22 16:34:51,275 - ERROR - U盘检测异常:Command 'lsblk -o MOUNTPOINT,FSTYPE | grep /media/' returned non-zero exit status 1.
2026-06-22 16:34:51,276 - INFO - 【容量校验】全部录像总大小:1.10GB，上限阈值:4GB
2026-06-22 16:34:57,635 - INFO - 达到分段时长，新建录像文件
2026-06-22 16:34:57,635 - INFO - 【录像创建成功】文件路径：/home/kongbin/record_backup/20260622_163457.mp4
2026-06-22 16:35:21,272 - ERROR - U盘检测异常:Command 'lsblk -o MOUNTPOINT,FSTYPE | grep /media/' returned non-zero exit status 1.
2026-06-22 16:35:21,273 - INFO - 【容量校验】全部录像总大小:1.11GB，上限阈值:4GB
2026-06-22 16:35:51,264 - ERROR - U盘检测异常:Command 'lsblk -o MOUNTPOINT,FSTYPE | grep /media/' returned non-zero exit status 1.
2026-06-22 16:35:51,265 - INFO - 【容量校验】全部录像总大小:1.11GB，上限阈值:4GB
2026-06-22 16:36:21,257 - ERROR - U盘检测异常:Command 'lsblk -o MOUNTPOINT,FSTYPE | grep /media/' returned non-zero exit status 1.
2026-06-22 16:36:21,258 - INFO - 【容量校验】全部录像总大小:1.12GB，上限阈值:4GB
2026-06-22 16:36:51,254 - ERROR - U盘检测异常:Command 'lsblk -o MOUNTPOINT,FSTYPE | grep /media/' returned non-zero exit status 1.
2026-06-22 16:36:51,255 - INFO - 【容量校验】全部录像总大小:1.13GB，上限阈值:4GB
2026-06-22 16:36:57,641 - INFO - 达到分段时长，新建录像文件
2026-06-22 16:36:57,642 - INFO - 【录像创建成功】文件路径：/home/kongbin/record_backup/20260622_163657.mp4
2026-06-22 16:37:21,243 - ERROR - U盘检测异常:Command 'lsblk -o MOUNTPOINT,FSTYPE | grep /media/' returned non-zero exit status 1.
2026-06-22 16:37:21,244 - INFO - 【容量校验】全部录像总大小:1.13GB，上限阈值:4GB
2026-06-22 16:37:51,270 - ERROR - U盘检测异常:Command 'lsblk -o MOUNTPOINT,FSTYPE | grep /media/' returned non-zero exit status 1.
2026-06-22 16:37:51,271 - INFO - 【容量校验】全部录像总大小:1.14GB，上限阈值:4GB
2026-06-22 16:38:21,264 - ERROR - U盘检测异常:Command 'lsblk -o MOUNTPOINT,FSTYPE | grep /media/' returned non-zero exit status 1.
2026-06-22 16:38:21,265 - INFO - 【容量校验】全部录像总大小:1.15GB，上限阈值:4GB
2026-06-22 16:38:51,257 - ERROR - U盘检测异常:Command 'lsblk -o MOUNTPOINT,FSTYPE | grep /media/' returned non-zero exit status 1.
2026-06-22 16:38:51,258 - INFO - 【容量校验】全部录像总大小:1.15GB，上限阈值:4GB
2026-06-22 16:38:57,653 - INFO - 达到分段时长，新建录像文件
2026-06-22 16:38:57,654 - INFO - 【录像创建成功】文件路径：/home/kongbin/record_backup/20260622_163857.mp4
2026-06-22 16:39:21,252 - ERROR - U盘检测异常:Command 'lsblk -o MOUNTPOINT,FSTYPE | grep /media/' returned non-zero exit status 1.
2026-06-22 16:39:21,253 - INFO - 【容量校验】全部录像总大小:1.16GB，上限阈值:4GB
2026-06-22 16:39:51,244 - ERROR - U盘检测异常:Command 'lsblk -o MOUNTPOINT,FSTYPE | grep /media/' returned non-zero exit status 1.
2026-06-22 16:39:51,245 - INFO - 【容量校验】全部录像总大小:1.17GB，上限阈值:4GB
2026-06-22 16:40:21,273 - ERROR - U盘检测异常:Command 'lsblk -o MOUNTPOINT,FSTYPE | grep /media/' returned non-zero exit status 1.
2026-06-22 16:40:21,274 - INFO - 【容量校验】全部录像总大小:1.17GB，上限阈值:4GB
2026-06-22 16:40:27,450 - INFO - 模式切换按键触发
2026-06-22 16:40:28,675 - INFO - 模式切换按键触发
2026-06-22 16:40:31,498 - INFO - 模式切换按键触发
2026-06-22 16:40:32,943 - INFO - 模式切换按键触发
2026-06-22 16:40:34,763 - INFO - 模式切换按键触发
2026-06-22 16:40:34,986 - INFO - 模式切换按键触发
2026-06-22 16:40:35,227 - INFO - 模式切换按键触发
2026-06-22 16:40:35,439 - INFO - 模式切换按键触发
2026-06-22 16:40:37,950 - INFO - 模式切换按键触发
2026-06-22 16:40:38,366 - INFO - 模式切换按键触发
2026-06-22 16:40:40,426 - INFO - 模式切换按键触发
2026-06-22 16:40:40,957 - INFO - 模式切换按键触发
2026-06-22 16:40:42,395 - INFO - 模式切换按键触发
2026-06-22 16:40:42,908 - INFO - 模式切换按键触发
2026-06-22 16:40:44,805 - INFO - 模式切换按键触发
2026-06-22 16:40:45,073 - INFO - 模式切换按键触发
2026-06-22 16:40:47,798 - INFO - 模式切换按键触发
2026-06-22 16:40:48,305 - INFO - 模式切换按键触发
2026-06-22 16:40:49,312 - INFO - 模式切换按键触发
2026-06-22 16:40:49,808 - INFO - 模式切换按键触发
2026-06-22 16:40:51,233 - ERROR - U盘检测异常:Command 'lsblk -o MOUNTPOINT,FSTYPE | grep /media/' returned non-zero exit status 1.
2026-06-22 16:40:51,234 - INFO - 【容量校验】全部录像总大小:1.18GB，上限阈值:4GB
2026-06-22 16:40:51,285 - INFO - 模式切换按键触发
2026-06-22 16:40:57,658 - INFO - 达到分段时长，新建录像文件
2026-06-22 16:40:57,665 - INFO - 【录像创建成功】文件路径：/home/kongbin/record_backup/20260622_164057.mp4
2026-06-22 16:41:21,256 - ERROR - U盘检测异常:Command 'lsblk -o MOUNTPOINT,FSTYPE | grep /media/' returned non-zero exit status 1.
2026-06-22 16:41:21,257 - INFO - 【容量校验】全部录像总大小:1.19GB，上限阈值:4GB
2026-06-22 16:41:51,251 - ERROR - U盘检测异常:Command 'lsblk -o MOUNTPOINT,FSTYPE | grep /media/' returned non-zero exit status 1.
2026-06-22 16:41:51,252 - INFO - 【容量校验】全部录像总大小:1.20GB，上限阈值:4GB
2026-06-22 16:41:56,765 - INFO - 模式切换按键触发
2026-06-22 16:42:00,090 - INFO - 模式切换按键触发
2026-06-22 16:42:00,352 - INFO - 模式切换按键触发
2026-06-22 16:42:02,392 - INFO - 模式切换按键触发
2026-06-22 16:42:03,957 - INFO - 模式切换按键触发
2026-06-22 16:42:04,224 - INFO - 模式切换按键触发
2026-06-22 16:42:08,260 - INFO - 视频锁定完成:20260622_164057.mp4
2026-06-22 16:42:08,260 - WARNING - 震动传感器触发，锁定当前录像片段
2026-06-22 16:42:12,665 - INFO - 视频锁定完成:20260622_164057.mp4
2026-06-22 16:42:12,666 - WARNING - 震动传感器触发，锁定当前录像片段
2026-06-22 16:42:15,342 - INFO - 停止录像
2026-06-22 16:42:21,242 - ERROR - U盘检测异常:Command 'lsblk -o MOUNTPOINT,FSTYPE | grep /media/' returned non-zero exit status 1.
2026-06-22 16:42:21,243 - INFO - 【容量校验】全部录像总大小:1.21GB，上限阈值:4GB
2026-06-22 16:42:51,235 - ERROR - U盘检测异常:Command 'lsblk -o MOUNTPOINT,FSTYPE | grep /media/' returned non-zero exit status 1.
2026-06-22 16:42:51,236 - INFO - 【容量校验】全部录像总大小:1.21GB，上限阈值:4GB
2026-06-22 16:43:21,259 - ERROR - U盘检测异常:Command 'lsblk -o MOUNTPOINT,FSTYPE | grep /media/' returned non-zero exit status 1.
2026-06-22 16:43:21,260 - INFO - 【容量校验】全部录像总大小:1.21GB，上限阈值:4GB
2026-06-22 16:43:51,253 - ERROR - U盘检测异常:Command 'lsblk -o MOUNTPOINT,FSTYPE | grep /media/' returned non-zero exit status 1.
2026-06-22 16:43:51,254 - INFO - 【容量校验】全部录像总大小:1.21GB，上限阈值:4GB
2026-06-22 16:44:21,251 - ERROR - U盘检测异常:Command 'lsblk -o MOUNTPOINT,FSTYPE | grep /media/' returned non-zero exit status 1.
2026-06-22 16:44:21,252 - INFO - 【容量校验】全部录像总大小:1.21GB，上限阈值:4GB
2026-06-22 16:44:51,275 - ERROR - U盘检测异常:Command 'lsblk -o MOUNTPOINT,FSTYPE | grep /media/' returned non-zero exit status 1.
2026-06-22 16:44:51,276 - INFO - 【容量校验】全部录像总大小:1.21GB，上限阈值:4GB
2026-06-22 16:45:21,239 - ERROR - U盘检测异常:Command 'lsblk -o MOUNTPOINT,FSTYPE | grep /media/' returned non-zero exit status 1.
2026-06-22 16:45:21,241 - INFO - 【容量校验】全部录像总大小:1.21GB，上限阈值:4GB
2026-06-22 16:45:51,234 - ERROR - U盘检测异常:Command 'lsblk -o MOUNTPOINT,FSTYPE | grep /media/' returned non-zero exit status 1.
2026-06-22 16:45:51,236 - INFO - 【容量校验】全部录像总大小:1.21GB，上限阈值:4GB
2026-06-22 16:46:21,258 - ERROR - U盘检测异常:Command 'lsblk -o MOUNTPOINT,FSTYPE | grep /media/' returned non-zero exit status 1.
2026-06-22 16:46:21,259 - INFO - 【容量校验】全部录像总大小:1.21GB，上限阈值:4GB
2026-06-22 16:46:24,974 - INFO - 模式切换按键触发
2026-06-22 16:46:25,260 - INFO - 模式切换按键触发
2026-06-22 16:46:28,040 - INFO - 模式切换按键触发
2026-06-22 16:46:28,332 - INFO - 模式切换按键触发
2026-06-22 16:46:31,476 - INFO - 模式切换按键触发
2026-06-22 16:46:31,777 - INFO - 模式切换按键触发
2026-06-22 16:46:51,254 - ERROR - U盘检测异常:Command 'lsblk -o MOUNTPOINT,FSTYPE | grep /media/' returned non-zero exit status 1.
2026-06-22 16:46:51,256 - INFO - 【容量校验】全部录像总大小:1.21GB，上限阈值:4GB
2026-06-22 16:47:21,249 - ERROR - U盘检测异常:Command 'lsblk -o MOUNTPOINT,FSTYPE | grep /media/' returned non-zero exit status 1.
2026-06-22 16:47:21,251 - INFO - 【容量校验】全部录像总大小:1.21GB，上限阈值:4GB
2026-06-22 16:47:51,276 - ERROR - U盘检测异常:Command 'lsblk -o MOUNTPOINT,FSTYPE | grep /media/' returned non-zero exit status 1.
2026-06-22 16:47:51,277 - INFO - 【容量校验】全部录像总大小:1.21GB，上限阈值:4GB
2026-06-22 16:48:21,240 - ERROR - U盘检测异常:Command 'lsblk -o MOUNTPOINT,FSTYPE | grep /media/' returned non-zero exit status 1.
2026-06-22 16:48:21,241 - INFO - 【容量校验】全部录像总大小:1.21GB，上限阈值:4GB
2026-06-22 16:48:51,235 - ERROR - U盘检测异常:Command 'lsblk -o MOUNTPOINT,FSTYPE | grep /media/' returned non-zero exit status 1.
2026-06-22 16:48:51,236 - INFO - 【容量校验】全部录像总大小:1.21GB，上限阈值:4GB
2026-06-22 16:49:21,229 - ERROR - U盘检测异常:Command 'lsblk -o MOUNTPOINT,FSTYPE | grep /media/' returned non-zero exit status 1.
2026-06-22 16:49:21,230 - INFO - 【容量校验】全部录像总大小:1.21GB，上限阈值:4GB
2026-06-22 16:49:51,253 - ERROR - U盘检测异常:Command 'lsblk -o MOUNTPOINT,FSTYPE | grep /media/' returned non-zero exit status 1.
2026-06-22 16:49:51,255 - INFO - 【容量校验】全部录像总大小:1.21GB，上限阈值:4GB
2026-06-22 16:50:21,251 - ERROR - U盘检测异常:Command 'lsblk -o MOUNTPOINT,FSTYPE | grep /media/' returned non-zero exit status 1.
2026-06-22 16:50:21,252 - INFO - 【容量校验】全部录像总大小:1.21GB，上限阈值:4GB
2026-06-22 16:50:51,245 - ERROR - U盘检测异常:Command 'lsblk -o MOUNTPOINT,FSTYPE | grep /media/' returned non-zero exit status 1.
2026-06-22 16:50:51,246 - INFO - 【容量校验】全部录像总大小:1.21GB，上限阈值:4GB
2026-06-22 16:51:21,269 - ERROR - U盘检测异常:Command 'lsblk -o MOUNTPOINT,FSTYPE | grep /media/' returned non-zero exit status 1.
2026-06-22 16:51:21,271 - INFO - 【容量校验】全部录像总大小:1.21GB，上限阈值:4GB
2026-06-22 16:51:51,260 - ERROR - U盘检测异常:Command 'lsblk -o MOUNTPOINT,FSTYPE | grep /media/' returned non-zero exit status 1.
2026-06-22 16:51:51,261 - INFO - 【容量校验】全部录像总大小:1.21GB，上限阈值:4GB
2026-06-22 16:52:21,259 - ERROR - U盘检测异常:Command 'lsblk -o MOUNTPOINT,FSTYPE | grep /media/' returned non-zero exit status 1.
2026-06-22 16:52:21,260 - INFO - 【容量校验】全部录像总大小:1.21GB，上限阈值:4GB
2026-06-22 16:52:51,253 - ERROR - U盘检测异常:Command 'lsblk -o MOUNTPOINT,FSTYPE | grep /media/' returned non-zero exit status 1.
2026-06-22 16:52:51,254 - INFO - 【容量校验】全部录像总大小:1.21GB，上限阈值:4GB
2026-06-22 16:53:21,247 - ERROR - U盘检测异常:Command 'lsblk -o MOUNTPOINT,FSTYPE | grep /media/' returned non-zero exit status 1.
2026-06-22 16:53:21,249 - INFO - 【容量校验】全部录像总大小:1.21GB，上限阈值:4GB
2026-06-22 16:53:51,250 - ERROR - U盘检测异常:Command 'lsblk -o MOUNTPOINT,FSTYPE | grep /media/' returned non-zero exit status 1.
2026-06-22 16:53:51,252 - INFO - 【容量校验】全部录像总大小:1.21GB，上限阈值:4GB
2026-06-22 16:54:21,244 - ERROR - U盘检测异常:Command 'lsblk -o MOUNTPOINT,FSTYPE | grep /media/' returned non-zero exit status 1.
2026-06-22 16:54:21,246 - INFO - 【容量校验】全部录像总大小:1.21GB，上限阈值:4GB
2026-06-22 16:54:51,239 - ERROR - U盘检测异常:Command 'lsblk -o MOUNTPOINT,FSTYPE | grep /media/' returned non-zero exit status 1.
2026-06-22 16:54:51,240 - INFO - 【容量校验】全部录像总大小:1.21GB，上限阈值:4GB
2026-06-22 16:55:21,257 - ERROR - U盘检测异常:Command 'lsblk -o MOUNTPOINT,FSTYPE | grep /media/' returned non-zero exit status 1.
2026-06-22 16:55:21,258 - INFO - 【容量校验】全部录像总大小:1.21GB，上限阈值:4GB
2026-06-22 16:55:51,251 - ERROR - U盘检测异常:Command 'lsblk -o MOUNTPOINT,FSTYPE | grep /media/' returned non-zero exit status 1.
2026-06-22 16:55:51,252 - INFO - 【容量校验】全部录像总大小:1.21GB，上限阈值:4GB
2026-06-22 16:56:21,253 - ERROR - U盘检测异常:Command 'lsblk -o MOUNTPOINT,FSTYPE | grep /media/' returned non-zero exit status 1.
2026-06-22 16:56:21,255 - INFO - 【容量校验】全部录像总大小:1.21GB，上限阈值:4GB
2026-06-22 16:56:51,273 - ERROR - U盘检测异常:Command 'lsblk -o MOUNTPOINT,FSTYPE | grep /media/' returned non-zero exit status 1.
2026-06-22 16:56:51,275 - INFO - 【容量校验】全部录像总大小:1.21GB，上限阈值:4GB
2026-06-22 16:57:21,267 - ERROR - U盘检测异常:Command 'lsblk -o MOUNTPOINT,FSTYPE | grep /media/' returned non-zero exit status 1.
2026-06-22 16:57:21,268 - INFO - 【容量校验】全部录像总大小:1.21GB，上限阈值:4GB
2026-06-22 16:57:51,261 - ERROR - U盘检测异常:Command 'lsblk -o MOUNTPOINT,FSTYPE | grep /media/' returned non-zero exit status 1.
2026-06-22 16:57:51,262 - INFO - 【容量校验】全部录像总大小:1.21GB，上限阈值:4GB
2026-06-22 16:58:21,255 - ERROR - U盘检测异常:Command 'lsblk -o MOUNTPOINT,FSTYPE | grep /media/' returned non-zero exit status 1.
2026-06-22 16:58:21,256 - INFO - 【容量校验】全部录像总大小:1.21GB，上限阈值:4GB
2026-06-22 16:58:51,249 - ERROR - U盘检测异常:Command 'lsblk -o MOUNTPOINT,FSTYPE | grep /media/' returned non-zero exit status 1.
2026-06-22 16:58:51,250 - INFO - 【容量校验】全部录像总大小:1.21GB，上限阈值:4GB
2026-06-22 16:59:21,277 - ERROR - U盘检测异常:Command 'lsblk -o MOUNTPOINT,FSTYPE | grep /media/' returned non-zero exit status 1.
2026-06-22 16:59:21,278 - INFO - 【容量校验】全部录像总大小:1.21GB，上限阈值:4GB
2026-06-22 16:59:51,272 - ERROR - U盘检测异常:Command 'lsblk -o MOUNTPOINT,FSTYPE | grep /media/' returned non-zero exit status 1.
2026-06-22 16:59:51,273 - INFO - 【容量校验】全部录像总大小:1.21GB，上限阈值:4GB
2026-06-22 17:00:21,266 - ERROR - U盘检测异常:Command 'lsblk -o MOUNTPOINT,FSTYPE | grep /media/' returned non-zero exit status 1.
2026-06-22 17:00:21,267 - INFO - 【容量校验】全部录像总大小:1.21GB，上限阈值:4GB
2026-06-22 17:00:51,260 - ERROR - U盘检测异常:Command 'lsblk -o MOUNTPOINT,FSTYPE | grep /media/' returned non-zero exit status 1.
2026-06-22 17:00:51,261 - INFO - 【容量校验】全部录像总大小:1.21GB，上限阈值:4GB
2026-06-22 17:01:21,254 - ERROR - U盘检测异常:Command 'lsblk -o MOUNTPOINT,FSTYPE | grep /media/' returned non-zero exit status 1.
2026-06-22 17:01:21,255 - INFO - 【容量校验】全部录像总大小:1.21GB，上限阈值:4GB
2026-06-22 17:01:51,248 - ERROR - U盘检测异常:Command 'lsblk -o MOUNTPOINT,FSTYPE | grep /media/' returned non-zero exit status 1.
2026-06-22 17:01:51,249 - INFO - 【容量校验】全部录像总大小:1.21GB，上限阈值:4GB
2026-06-22 17:02:21,250 - ERROR - U盘检测异常:Command 'lsblk -o MOUNTPOINT,FSTYPE | grep /media/' returned non-zero exit status 1.
2026-06-22 17:02:21,252 - INFO - 【容量校验】全部录像总大小:1.21GB，上限阈值:4GB
2026-06-22 17:02:51,245 - ERROR - U盘检测异常:Command 'lsblk -o MOUNTPOINT,FSTYPE | grep /media/' returned non-zero exit status 1.
2026-06-22 17:02:51,246 - INFO - 【容量校验】全部录像总大小:1.21GB，上限阈值:4GB
2026-06-22 17:03:21,265 - ERROR - U盘检测异常:Command 'lsblk -o MOUNTPOINT,FSTYPE | grep /media/' returned non-zero exit status 1.
2026-06-22 17:03:21,266 - INFO - 【容量校验】全部录像总大小:1.21GB，上限阈值:4GB
2026-06-22 17:03:51,258 - ERROR - U盘检测异常:Command 'lsblk -o MOUNTPOINT,FSTYPE | grep /media/' returned non-zero exit status 1.
2026-06-22 17:03:51,259 - INFO - 【容量校验】全部录像总大小:1.21GB，上限阈值:4GB
2026-06-22 17:04:21,250 - ERROR - U盘检测异常:Command 'lsblk -o MOUNTPOINT,FSTYPE | grep /media/' returned non-zero exit status 1.
2026-06-22 17:04:21,251 - INFO - 【容量校验】全部录像总大小:1.21GB，上限阈值:4GB
2026-06-22 17:04:51,255 - ERROR - U盘检测异常:Command 'lsblk -o MOUNTPOINT,FSTYPE | grep /media/' returned non-zero exit status 1.
2026-06-22 17:04:51,256 - INFO - 【容量校验】全部录像总大小:1.21GB，上限阈值:4GB
2026-06-22 17:05:21,250 - ERROR - U盘检测异常:Command 'lsblk -o MOUNTPOINT,FSTYPE | grep /media/' returned non-zero exit status 1.
2026-06-22 17:05:21,251 - INFO - 【容量校验】全部录像总大小:1.21GB，上限阈值:4GB
2026-06-22 17:05:51,244 - ERROR - U盘检测异常:Command 'lsblk -o MOUNTPOINT,FSTYPE | grep /media/' returned non-zero exit status 1.
2026-06-22 17:05:51,245 - INFO - 【容量校验】全部录像总大小:1.21GB，上限阈值:4GB
2026-06-22 17:06:21,263 - ERROR - U盘检测异常:Command 'lsblk -o MOUNTPOINT,FSTYPE | grep /media/' returned non-zero exit status 1.
2026-06-22 17:06:21,264 - INFO - 【容量校验】全部录像总大小:1.21GB，上限阈值:4GB
2026-06-22 17:06:51,257 - ERROR - U盘检测异常:Command 'lsblk -o MOUNTPOINT,FSTYPE | grep /media/' returned non-zero exit status 1.
2026-06-22 17:06:51,259 - INFO - 【容量校验】全部录像总大小:1.21GB，上限阈值:4GB
2026-06-22 17:07:21,251 - ERROR - U盘检测异常:Command 'lsblk -o MOUNTPOINT,FSTYPE | grep /media/' returned non-zero exit status 1.
2026-06-22 17:07:21,253 - INFO - 【容量校验】全部录像总大小:1.21GB，上限阈值:4GB
2026-06-22 17:07:51,277 - ERROR - U盘检测异常:Command 'lsblk -o MOUNTPOINT,FSTYPE | grep /media/' returned non-zero exit status 1.
2026-06-22 17:07:51,279 - INFO - 【容量校验】全部录像总大小:1.21GB，上限阈值:4GB
2026-06-22 17:08:21,248 - ERROR - U盘检测异常:Command 'lsblk -o MOUNTPOINT,FSTYPE | grep /media/' returned non-zero exit status 1.
2026-06-22 17:08:21,250 - INFO - 【容量校验】全部录像总大小:1.21GB，上限阈值:4GB
2026-06-22 17:08:51,243 - ERROR - U盘检测异常:Command 'lsblk -o MOUNTPOINT,FSTYPE | grep /media/' returned non-zero exit status 1.
2026-06-22 17:08:51,244 - INFO - 【容量校验】全部录像总大小:1.21GB，上限阈值:4GB
2026-06-22 17:09:21,260 - ERROR - U盘检测异常:Command 'lsblk -o MOUNTPOINT,FSTYPE | grep /media/' returned non-zero exit status 1.
2026-06-22 17:09:21,262 - INFO - 【容量校验】全部录像总大小:1.21GB，上限阈值:4GB
2026-06-22 17:09:51,254 - ERROR - U盘检测异常:Command 'lsblk -o MOUNTPOINT,FSTYPE | grep /media/' returned non-zero exit status 1.
2026-06-22 17:09:51,255 - INFO - 【容量校验】全部录像总大小:1.21GB，上限阈值:4GB
2026-06-22 17:10:21,248 - ERROR - U盘检测异常:Command 'lsblk -o MOUNTPOINT,FSTYPE | grep /media/' returned non-zero exit status 1.
2026-06-22 17:10:21,249 - INFO - 【容量校验】全部录像总大小:1.21GB，上限阈值:4GB
2026-06-22 17:10:51,275 - ERROR - U盘检测异常:Command 'lsblk -o MOUNTPOINT,FSTYPE | grep /media/' returned non-zero exit status 1.
2026-06-22 17:10:51,276 - INFO - 【容量校验】全部录像总大小:1.21GB，上限阈值:4GB
2026-06-22 17:11:21,269 - ERROR - U盘检测异常:Command 'lsblk -o MOUNTPOINT,FSTYPE | grep /media/' returned non-zero exit status 1.
2026-06-22 17:11:21,270 - INFO - 【容量校验】全部录像总大小:1.21GB，上限阈值:4GB
2026-06-22 17:11:27,530 - INFO - Camera stopped
2026-06-22 17:11:27,534 - INFO - Camera stopped
2026-06-22 17:11:27,636 - INFO - 程序正常退出，资源全部释放
2026-06-22 17:11:37,173 - INFO - Initialization successful.
2026-06-22 17:11:37,173 - INFO - Camera now open.
2026-06-22 17:11:37,176 - INFO - Camera configuration has been adjusted!
2026-06-22 17:11:37,176 - INFO - Configuration successful!
2026-06-22 17:11:37,187 - INFO - Camera started
2026-06-22 17:11:37,223 - INFO - Initialization successful.
2026-06-22 17:11:37,223 - INFO - Camera now open.
2026-06-22 17:11:37,225 - INFO - Camera configuration has been adjusted!
2026-06-22 17:11:37,226 - INFO - Configuration successful!
2026-06-22 17:11:37,240 - INFO - Camera started
2026-06-22 17:11:37,240 - INFO - 双摄像头初始化成功
2026-06-22 17:11:37,245 - ERROR - U盘检测异常:Command 'lsblk -o MOUNTPOINT,FSTYPE | grep /media/' returned non-zero exit status 1.
2026-06-22 17:12:07,257 - ERROR - U盘检测异常:Command 'lsblk -o MOUNTPOINT,FSTYPE | grep /media/' returned non-zero exit status 1.
2026-06-22 17:12:07,259 - INFO - 【容量校验】全部录像总大小:1.21GB，上限阈值:4GB
2026-06-22 17:12:37,251 - ERROR - U盘检测异常:Command 'lsblk -o MOUNTPOINT,FSTYPE | grep /media/' returned non-zero exit status 1.
2026-06-22 17:12:37,252 - INFO - 【容量校验】全部录像总大小:1.21GB，上限阈值:4GB
2026-06-22 17:13:07,246 - ERROR - U盘检测异常:Command 'lsblk -o MOUNTPOINT,FSTYPE | grep /media/' returned non-zero exit status 1.
2026-06-22 17:13:07,247 - INFO - 【容量校验】全部录像总大小:1.21GB，上限阈值:4GB
2026-06-22 17:17:01,535 - INFO - Initialization successful.
2026-06-22 17:17:01,539 - INFO - Camera now open.
2026-06-22 17:17:01,541 - INFO - Camera configuration has been adjusted!
2026-06-22 17:17:01,541 - INFO - Configuration successful!
2026-06-22 17:17:01,557 - INFO - Camera started
2026-06-22 17:17:01,591 - INFO - Initialization successful.
2026-06-22 17:17:01,591 - INFO - Camera now open.
2026-06-22 17:17:01,593 - INFO - Camera configuration has been adjusted!
2026-06-22 17:17:01,593 - INFO - Configuration successful!
2026-06-22 17:17:01,609 - INFO - Camera started
2026-06-22 17:17:01,609 - INFO - 双摄像头初始化成功
2026-06-22 17:17:31,251 - INFO - 【容量校验】全部录像总大小:2.85GB，上限阈值:4GB
2026-06-22 17:18:01,246 - INFO - 【容量校验】全部录像总大小:2.85GB，上限阈值:4GB
2026-06-22 17:18:31,262 - INFO - 【容量校验】全部录像总大小:2.85GB，上限阈值:4GB
2026-06-22 17:19:01,252 - INFO - 【容量校验】全部录像总大小:2.85GB，上限阈值:4GB
2026-06-22 17:19:31,277 - INFO - 【容量校验】全部录像总大小:2.85GB，上限阈值:4GB
2026-06-22 17:20:01,268 - INFO - 【容量校验】全部录像总大小:2.85GB，上限阈值:4GB
2026-06-22 17:20:31,260 - INFO - 【容量校验】全部录像总大小:2.85GB，上限阈值:4GB
2026-06-22 17:21:01,251 - INFO - 【容量校验】全部录像总大小:2.85GB，上限阈值:4GB
2026-06-22 17:21:31,274 - INFO - 【容量校验】全部录像总大小:2.85GB，上限阈值:4GB
2026-06-22 17:22:01,266 - INFO - 【容量校验】全部录像总大小:2.85GB，上限阈值:4GB
2026-06-22 17:22:31,257 - INFO - 【容量校验】全部录像总大小:2.85GB，上限阈值:4GB
2026-06-22 17:23:01,236 - INFO - 【容量校验】全部录像总大小:2.85GB，上限阈值:4GB
2026-06-22 17:23:55,204 - INFO - Initialization successful.
2026-06-22 17:23:55,208 - INFO - Camera now open.
2026-06-22 17:23:55,210 - INFO - Camera configuration has been adjusted!
2026-06-22 17:23:55,210 - INFO - Configuration successful!
2026-06-22 17:23:55,225 - INFO - Camera started
2026-06-22 17:23:55,259 - INFO - Initialization successful.
2026-06-22 17:23:55,259 - INFO - Camera now open.
2026-06-22 17:23:55,261 - INFO - Camera configuration has been adjusted!
2026-06-22 17:23:55,262 - INFO - Configuration successful!
2026-06-22 17:23:55,275 - INFO - Camera started
2026-06-22 17:23:55,275 - INFO - 双摄像头初始化成功
2026-06-22 17:24:16,228 - INFO - 【录像创建成功】文件路径：/media/kongbin/123/record/20260622_172415.mp4
2026-06-22 17:24:16,229 - INFO - 开始录像，文件:/media/kongbin/123/record/20260622_172415.mp4
2026-07-06 14:16:27,638 - INFO - Initialization successful.
2026-07-06 14:16:27,638 - INFO - Camera now open.
2026-07-06 14:16:27,640 - INFO - Camera configuration has been adjusted!
2026-07-06 14:16:27,640 - INFO - Configuration successful!
2026-07-06 14:16:27,654 - INFO - Camera started
2026-07-06 14:16:27,687 - INFO - Initialization successful.
2026-07-06 14:16:27,687 - INFO - Camera now open.
2026-07-06 14:16:27,689 - INFO - Camera configuration has been adjusted!
2026-07-06 14:16:27,690 - INFO - Configuration successful!
2026-07-06 14:16:27,707 - INFO - Camera started
2026-07-06 14:16:27,707 - INFO - 双摄像头初始化成功
2026-07-06 14:16:27,713 - ERROR - U盘检测异常:Command 'lsblk -o MOUNTPOINT,FSTYPE | grep /media/' returned non-zero exit status 1.
2026-07-06 14:16:52,725 - INFO - 模式切换按键触发
2026-07-06 14:16:52,975 - INFO - 模式切换按键触发
2026-07-06 14:16:56,312 - INFO - 模式切换按键触发
2026-07-06 14:16:57,810 - ERROR - U盘检测异常:Command 'lsblk -o MOUNTPOINT,FSTYPE | grep /media/' returned non-zero exit status 1.
2026-07-06 14:16:57,811 - INFO - 【容量校验】全部录像总大小:0.25GB，上限阈值:4GB
2026-07-06 14:16:58,219 - INFO - 模式切换按键触发
2026-07-06 14:21:38,611 - INFO - Initialization successful.
2026-07-06 14:21:38,611 - INFO - Camera now open.
2026-07-06 14:21:38,613 - INFO - Camera configuration has been adjusted!
2026-07-06 14:21:38,614 - INFO - Configuration successful!
2026-07-06 14:21:38,626 - INFO - Camera started
2026-07-06 14:21:38,659 - INFO - Initialization successful.
2026-07-06 14:21:38,659 - INFO - Camera now open.
2026-07-06 14:21:38,661 - INFO - Camera configuration has been adjusted!
2026-07-06 14:21:38,662 - INFO - Configuration successful!
2026-07-06 14:21:38,677 - INFO - Camera started
2026-07-06 14:21:38,677 - INFO - 双摄像头初始化成功
2026-07-06 14:21:38,682 - WARNING - 【存储切换】U盘不可用(未找到拥有写入权限的U盘)，切换本地存储：/home/kongbin/record_backup
2026-07-06 14:21:44,058 - WARNING - 震动传感器触发，标记当前视频待锁定
2026-07-06 14:21:46,145 - INFO - 模式切换按键触发
2026-07-06 14:21:46,487 - INFO - 模式切换按键触发
2026-07-06 14:21:47,765 - INFO - 模式切换按键触发
2026-07-06 14:21:48,521 - INFO - 模式切换按键触发
2026-07-06 14:21:49,243 - INFO - 模式切换按键触发
2026-07-06 14:21:49,687 - INFO - 模式切换按键触发
2026-07-06 14:21:51,478 - INFO - 截图保存:/home/kongbin/record_backup/photos/shot_20260706_142151.jpg
2026-07-06 14:21:51,478 - INFO - 短按拍照键：截图保存
2026-07-06 14:21:53,484 - INFO - 截图保存:/home/kongbin/record_backup/photos/shot_20260706_142153.jpg
2026-07-06 14:21:53,485 - INFO - 短按拍照键：截图保存
2026-07-06 14:21:53,688 - INFO - 截图保存:/home/kongbin/record_backup/photos/shot_20260706_142153.jpg
2026-07-06 14:21:53,689 - INFO - 短按拍照键：截图保存
2026-07-06 14:21:54,951 - INFO - 模式切换按键触发
2026-07-06 14:21:55,233 - INFO - 模式切换按键触发
2026-07-06 14:21:56,042 - INFO - 模式切换按键触发
2026-07-06 14:21:56,950 - INFO - 模式切换按键触发
2026-07-06 14:21:57,932 - INFO - 模式切换按键触发
2026-07-06 14:21:59,090 - INFO - 模式切换按键触发
2026-07-06 14:22:01,136 - INFO - 截图保存:/home/kongbin/record_backup/photos/shot_20260706_142201.jpg
2026-07-06 14:22:01,136 - INFO - 短按拍照键：截图保存
2026-07-06 14:22:01,336 - INFO - 截图保存:/home/kongbin/record_backup/photos/shot_20260706_142201.jpg
2026-07-06 14:22:01,337 - INFO - 短按拍照键：截图保存
2026-07-06 14:22:02,182 - INFO - 模式切换按键触发
2026-07-06 14:22:02,503 - INFO - 模式切换按键触发
2026-07-06 14:22:08,796 - WARNING - 【存储切换】U盘不可用(未找到拥有写入权限的U盘)，切换本地存储：/home/kongbin/record_backup
2026-07-06 14:22:08,797 - INFO - 【容量校验】全部录像总大小:0.25GB，上限阈值:4GB
2026-07-06 14:22:38,797 - WARNING - 【存储切换】U盘不可用(未找到拥有写入权限的U盘)，切换本地存储：/home/kongbin/record_backup
2026-07-06 14:22:38,799 - INFO - 【容量校验】全部录像总大小:0.25GB，上限阈值:4GB
2026-07-06 14:23:03,685 - INFO - 收到按键：16777216
2026-07-06 14:23:04,982 - INFO - 收到按键：16777216
2026-07-06 14:23:08,792 - WARNING - 【存储切换】U盘不可用(未找到拥有写入权限的U盘)，切换本地存储：/home/kongbin/record_backup
2026-07-06 14:23:08,793 - INFO - 【容量校验】全部录像总大小:0.25GB，上限阈值:4GB
2026-07-06 14:23:11,978 - INFO - 收到按键：16777251
2026-07-06 14:23:12,549 - INFO - Camera stopped
2026-07-06 14:23:12,553 - INFO - Camera stopped
2026-07-06 14:23:12,655 - INFO - 程序正常退出，资源全部释放
2026-07-06 14:24:19,889 - INFO - Initialization successful.
2026-07-06 14:24:19,889 - INFO - Camera now open.
2026-07-06 14:24:19,891 - INFO - Camera configuration has been adjusted!
2026-07-06 14:24:19,891 - INFO - Configuration successful!
2026-07-06 14:24:19,905 - INFO - Camera started
2026-07-06 14:24:19,939 - INFO - Initialization successful.
2026-07-06 14:24:19,939 - INFO - Camera now open.
2026-07-06 14:24:19,941 - INFO - Camera configuration has been adjusted!
2026-07-06 14:24:19,942 - INFO - Configuration successful!
2026-07-06 14:24:19,958 - INFO - Camera started
2026-07-06 14:24:19,958 - INFO - 双摄像头初始化成功
2026-07-06 14:24:19,963 - WARNING - 【存储切换】U盘不可用(未找到拥有写入权限的U盘)，切换本地存储：/home/kongbin/record_backup
2026-07-06 14:24:34,799 - INFO - 截图保存:/home/kongbin/record_backup/photos/shot_20260706_142434.jpg
2026-07-06 14:24:34,800 - INFO - 短按拍照键：截图保存
2026-07-06 14:24:34,984 - INFO - 截图保存:/home/kongbin/record_backup/photos/shot_20260706_142434.jpg
2026-07-06 14:24:34,984 - INFO - 短按拍照键：截图保存
2026-07-06 14:24:38,495 - INFO - 收到按键：16777216
2026-07-06 14:24:43,288 - INFO - 收到按键：16777216
2026-07-06 14:24:44,187 - INFO - 收到按键：16777216
2026-07-06 14:24:44,924 - INFO - 收到按键：16777216
2026-07-06 14:24:49,122 - INFO - 收到按键：16777216
2026-07-06 14:24:49,794 - WARNING - 【存储切换】U盘不可用(未找到拥有写入权限的U盘)，切换本地存储：/home/kongbin/record_backup
2026-07-06 14:24:49,795 - INFO - 【容量校验】全部录像总大小:0.25GB，上限阈值:4GB
2026-07-06 14:24:51,687 - INFO - 收到按键：16777216
2026-07-06 14:24:52,488 - INFO - 收到按键：16777216
2026-07-06 14:25:01,421 - INFO - 收到按键：16777216
2026-07-06 14:25:19,790 - WARNING - 【存储切换】U盘不可用(未找到拥有写入权限的U盘)，切换本地存储：/home/kongbin/record_backup
2026-07-06 14:25:19,791 - INFO - 【容量校验】全部录像总大小:0.25GB，上限阈值:4GB
2026-07-06 14:25:49,786 - WARNING - 【存储切换】U盘不可用(未找到拥有写入权限的U盘)，切换本地存储：/home/kongbin/record_backup
2026-07-06 14:25:49,787 - INFO - 【容量校验】全部录像总大小:0.25GB，上限阈值:4GB
